7gp3-a,Cc1ccc(CNC(=O)C2CCC2)cn1,../../aligned_files/7gp3-a/7gp3-a_ligand.sdf,../../aligned_files/7gp3-a/7gp3-a_apo-desolv.pdb
7gqr-a,Clc1nc2ccccc2o1,../../aligned_files/7gqr-a/7gqr-a_ligand.sdf,../../aligned_files/7gqr-a/7gqr-a_apo-desolv.pdb
7gp4-a,O=C(Nc1ccccc1)N1CCCC1,../../aligned_files/7gp4-a/7gp4-a_ligand.sdf,../../aligned_files/7gp4-a/7gp4-a_apo-desolv.pdb
7gqb-a,NC(c1ccccc1)c1ccccc1,../../aligned_files/7gqb-a/7gqb-a_ligand.sdf,../../aligned_files/7gqb-a/7gqb-a_apo-desolv.pdb
7gp5-a,CC1=NN(c2ccccc2)C(=O)C1,../../aligned_files/7gp5-a/7gp5-a_ligand.sdf,../../aligned_files/7gp5-a/7gp5-a_apo-desolv.pdb
7gon-a,CN(C)C(=O)COc1cccc(F)c1,../../aligned_files/7gon-a/7gon-a_ligand.sdf,../../aligned_files/7gon-a/7gon-a_apo-desolv.pdb
7gpz-a,COCCn1cc(Br)cn1,../../aligned_files/7gpz-a/7gpz-a_ligand.sdf,../../aligned_files/7gpz-a/7gpz-a_apo-desolv.pdb
7gp6-a,Cc1nc2ccccc2n1CCC(N)=O,../../aligned_files/7gp6-a/7gp6-a_ligand.sdf,../../aligned_files/7gp6-a/7gp6-a_apo-desolv.pdb
7gp7-a,CCS(=O)(=O)N1CCC(C(=O)O)CC1,../../aligned_files/7gp7-a/7gp7-a_ligand.sdf,../../aligned_files/7gp7-a/7gp7-a_apo-desolv.pdb
7gp8-a,CCS(=O)(=O)Nc1ccccc1F,../../aligned_files/7gp8-a/7gp8-a_ligand.sdf,../../aligned_files/7gp8-a/7gp8-a_apo-desolv.pdb
7gpu-a,CC(=O)N1CC(CO)C(c2ccccc2)C1,../../aligned_files/7gpu-a/7gpu-a_ligand.sdf,../../aligned_files/7gpu-a/7gpu-a_apo-desolv.pdb
7gpu-b,CC(=O)N1CC(CO)C(c2ccccc2)C1,../../aligned_files/7gpu-b/7gpu-b_ligand.sdf,../../aligned_files/7gpu-b/7gpu-b_apo-desolv.pdb
7gp9-a,CCS(=O)(=O)NCc1ccc2c(c1)OCO2,../../aligned_files/7gp9-a/7gp9-a_ligand.sdf,../../aligned_files/7gp9-a/7gp9-a_apo-desolv.pdb
7gpv-a,Brc1cnoc1,../../aligned_files/7gpv-a/7gpv-a_ligand.sdf,../../aligned_files/7gpv-a/7gpv-a_apo-desolv.pdb
7gpw-a,O=C1CC(I)=CC=N1,../../aligned_files/7gpw-a/7gpw-a_ligand.sdf,../../aligned_files/7gpw-a/7gpw-a_apo-desolv.pdb
7gpw-c,O=C1CC(I)=CC=N1,../../aligned_files/7gpw-c/7gpw-c_ligand.sdf,../../aligned_files/7gpw-c/7gpw-c_apo-desolv.pdb
7gpw-b,O=C1CC(I)=CC=N1,../../aligned_files/7gpw-b/7gpw-b_ligand.sdf,../../aligned_files/7gpw-b/7gpw-b_apo-desolv.pdb
7gpx-a,N#Cc1cc(Br)ccc1O,../../aligned_files/7gpx-a/7gpx-a_ligand.sdf,../../aligned_files/7gpx-a/7gpx-a_apo-desolv.pdb
7gpy-a,O=C(O)c1ccc(Br)cc1O,../../aligned_files/7gpy-a/7gpy-a_ligand.sdf,../../aligned_files/7gpy-a/7gpy-a_apo-desolv.pdb
7gq1-a,O=C(O)c1ccsc1,../../aligned_files/7gq1-a/7gq1-a_ligand.sdf,../../aligned_files/7gq1-a/7gq1-a_apo-desolv.pdb
7gq1-c,O=C(O)c1ccsc1,../../aligned_files/7gq1-c/7gq1-c_ligand.sdf,../../aligned_files/7gq1-c/7gq1-c_apo-desolv.pdb
7gq1-b,O=C(O)c1ccsc1,../../aligned_files/7gq1-b/7gq1-b_ligand.sdf,../../aligned_files/7gq1-b/7gq1-b_apo-desolv.pdb
7goe-a,OC1CN(C(c2ccccc2)c2ccccc2)C1,../../aligned_files/7goe-a/7goe-a_ligand.sdf,../../aligned_files/7goe-a/7goe-a_apo-desolv.pdb
7gpj-a,O=C1CN(C(=O)c2ccccc2C(F)(F)F)CCN1,../../aligned_files/7gpj-a/7gpj-a_ligand.sdf,../../aligned_files/7gpj-a/7gpj-a_apo-desolv.pdb
7gq4-a,Cc1nnn[nH]1,../../aligned_files/7gq4-a/7gq4-a_ligand.sdf,../../aligned_files/7gq4-a/7gq4-a_apo-desolv.pdb
7gps-a,O=C1Nc2ccccc2CC12CCCN2,../../aligned_files/7gps-a/7gps-a_ligand.sdf,../../aligned_files/7gps-a/7gps-a_apo-desolv.pdb
7god-a,CCC(CC)C(=O)Nc1ccccc1O,../../aligned_files/7god-a/7god-a_ligand.sdf,../../aligned_files/7god-a/7god-a_apo-desolv.pdb
7gow-a,CN1CCN(C(=O)C2CCCO2)CC1,../../aligned_files/7gow-a/7gow-a_ligand.sdf,../../aligned_files/7gow-a/7gow-a_apo-desolv.pdb
7gof-a,CC(=O)N1CCN(C=CCc2ccccc2)CC1,../../aligned_files/7gof-a/7gof-a_ligand.sdf,../../aligned_files/7gof-a/7gof-a_apo-desolv.pdb
7gpp-a,COC(=O)C1CCC(C)N1C(C)=O,../../aligned_files/7gpp-a/7gpp-a_ligand.sdf,../../aligned_files/7gpp-a/7gpp-a_apo-desolv.pdb
7gog-a,CC(N)c1nc(Cc2ccccc2)no1,../../aligned_files/7gog-a/7gog-a_ligand.sdf,../../aligned_files/7gog-a/7gog-a_apo-desolv.pdb
7goh-a,Cc1nsc(N2CCOC(C)C2C)n1,../../aligned_files/7goh-a/7goh-a_ligand.sdf,../../aligned_files/7goh-a/7goh-a_apo-desolv.pdb
7goi-a,O=C(NC1CCCNC1)c1ccccc1,../../aligned_files/7goi-a/7goi-a_ligand.sdf,../../aligned_files/7goi-a/7goi-a_apo-desolv.pdb
7gqi-a,O=C(Nc1ccccc1)C1CC1,../../aligned_files/7gqi-a/7gqi-a_ligand.sdf,../../aligned_files/7gqi-a/7gqi-a_apo-desolv.pdb
7goj-a,Cn1ccnc1-c1noc(C2CCC2)n1,../../aligned_files/7goj-a/7goj-a_ligand.sdf,../../aligned_files/7goj-a/7goj-a_apo-desolv.pdb
7gou-a,CNc1ccccc1S(C)(=O)=O,../../aligned_files/7gou-a/7gou-a_ligand.sdf,../../aligned_files/7gou-a/7gou-a_apo-desolv.pdb
7gou-b,CNc1ccccc1S(C)(=O)=O,../../aligned_files/7gou-b/7gou-b_ligand.sdf,../../aligned_files/7gou-b/7gou-b_apo-desolv.pdb
7gou-c,CNc1ccccc1S(C)(=O)=O,../../aligned_files/7gou-c/7gou-c_ligand.sdf,../../aligned_files/7gou-c/7gou-c_apo-desolv.pdb
7gok-b,NC(=O)c1ccc2[nH]ccc2c1,../../aligned_files/7gok-b/7gok-b_ligand.sdf,../../aligned_files/7gok-b/7gok-b_apo-desolv.pdb
7gok-a,NC(=O)c1ccc2[nH]ccc2c1,../../aligned_files/7gok-a/7gok-a_ligand.sdf,../../aligned_files/7gok-a/7gok-a_apo-desolv.pdb
7gol-a,CC1CCOC1C(=O)Nc1cnns1,../../aligned_files/7gol-a/7gol-a_ligand.sdf,../../aligned_files/7gol-a/7gol-a_apo-desolv.pdb
7gom-a,COC(=O)COc1ccc(C#N)cc1,../../aligned_files/7gom-a/7gom-a_ligand.sdf,../../aligned_files/7gom-a/7gom-a_apo-desolv.pdb
7gp1-a,Cc1ccccc1-n1cc(C(=O)O)nn1,../../aligned_files/7gp1-a/7gp1-a_ligand.sdf,../../aligned_files/7gp1-a/7gp1-a_apo-desolv.pdb
7gp2-a,CS(=O)(=O)N1CCC(O)CC1,../../aligned_files/7gp2-a/7gp2-a_ligand.sdf,../../aligned_files/7gp2-a/7gp2-a_apo-desolv.pdb
7go6-a,NCc1ccn2ccnc2c1,../../aligned_files/7go6-a/7go6-a_ligand.sdf,../../aligned_files/7go6-a/7go6-a_apo-desolv.pdb
7goo-a,Cc1cc(N2CCCCC2)nc(CO)n1,../../aligned_files/7goo-a/7goo-a_ligand.sdf,../../aligned_files/7goo-a/7goo-a_apo-desolv.pdb
7gop-a,Cc1nsc(N(C)CC(N)=O)c1C#N,../../aligned_files/7gop-a/7gop-a_ligand.sdf,../../aligned_files/7gop-a/7gop-a_apo-desolv.pdb
7goq-a,CC(NC(=O)C1CC1)c1cccnc1,../../aligned_files/7goq-a/7goq-a_ligand.sdf,../../aligned_files/7goq-a/7goq-a_apo-desolv.pdb
7gor-a,CC1CN(c2ncccc2F)CC(=O)N1,../../aligned_files/7gor-a/7gor-a_ligand.sdf,../../aligned_files/7gor-a/7gor-a_apo-desolv.pdb
7gqd-a,O=C1NC(=O)C2(CCc3ccccc32)N1,../../aligned_files/7gqd-a/7gqd-a_ligand.sdf,../../aligned_files/7gqd-a/7gqd-a_apo-desolv.pdb
7gqd-b,O=C1NC(=O)C2(CCc3ccccc32)N1,../../aligned_files/7gqd-b/7gqd-b_ligand.sdf,../../aligned_files/7gqd-b/7gqd-b_apo-desolv.pdb
7gos-a,OCc1ccc(-n2cnc3ccccc32)cc1,../../aligned_files/7gos-a/7gos-a_ligand.sdf,../../aligned_files/7gos-a/7gos-a_apo-desolv.pdb
7gpf-a,Cc1cccc(NC(=O)C2CCCN2)n1,../../aligned_files/7gpf-a/7gpf-a_ligand.sdf,../../aligned_files/7gpf-a/7gpf-a_apo-desolv.pdb
7gqm-a,Oc1cnc(-c2ccccc2)nc1,../../aligned_files/7gqm-a/7gqm-a_ligand.sdf,../../aligned_files/7gqm-a/7gqm-a_apo-desolv.pdb
7got-a,CCCC(=O)NCc1nc2ccccc2[nH]1,../../aligned_files/7got-a/7got-a_ligand.sdf,../../aligned_files/7got-a/7got-a_apo-desolv.pdb
7gov-a,Cc1ccc(F)cc1NC(=O)c1ccncc1,../../aligned_files/7gov-a/7gov-a_ligand.sdf,../../aligned_files/7gov-a/7gov-a_apo-desolv.pdb
7gox-a,CCC(=O)Nc1ccc(C)cc1O,../../aligned_files/7gox-a/7gox-a_ligand.sdf,../../aligned_files/7gox-a/7gox-a_apo-desolv.pdb
7goy-b,COC(=O)CNC(=O)c1cc(C)on1,../../aligned_files/7goy-b/7goy-b_ligand.sdf,../../aligned_files/7goy-b/7goy-b_apo-desolv.pdb
7goy-a,COC(=O)CNC(=O)c1cc(C)on1,../../aligned_files/7goy-a/7goy-a_ligand.sdf,../../aligned_files/7goy-a/7goy-a_apo-desolv.pdb
7goz-a,O=C(Nc1ccccn1)C1COCCO1,../../aligned_files/7goz-a/7goz-a_ligand.sdf,../../aligned_files/7goz-a/7goz-a_apo-desolv.pdb
7gp0-a,NS(=O)(=O)c1ccccc1OC(F)F,../../aligned_files/7gp0-a/7gp0-a_ligand.sdf,../../aligned_files/7gp0-a/7gp0-a_apo-desolv.pdb
7gp0-b,NS(=O)(=O)c1ccccc1OC(F)F,../../aligned_files/7gp0-b/7gp0-b_ligand.sdf,../../aligned_files/7gp0-b/7gp0-b_apo-desolv.pdb
7gq5-a,N#Cc1cnc[nH]1,../../aligned_files/7gq5-a/7gq5-a_ligand.sdf,../../aligned_files/7gq5-a/7gq5-a_apo-desolv.pdb
7gq5-b,N#Cc1cnc[nH]1,../../aligned_files/7gq5-b/7gq5-b_ligand.sdf,../../aligned_files/7gq5-b/7gq5-b_apo-desolv.pdb
7gpn-a,Cc1nnc2n1CCNC2,../../aligned_files/7gpn-a/7gpn-a_ligand.sdf,../../aligned_files/7gpn-a/7gpn-a_apo-desolv.pdb
7gnv-a,Cc1ccsc1C(=O)O,../../aligned_files/7gnv-a/7gnv-a_ligand.sdf,../../aligned_files/7gnv-a/7gnv-a_apo-desolv.pdb
7gnv-b,Cc1ccsc1C(=O)O,../../aligned_files/7gnv-b/7gnv-b_ligand.sdf,../../aligned_files/7gnv-b/7gnv-b_apo-desolv.pdb
7goa-b,NS(=O)(=O)c1ccc2ncsc2c1,../../aligned_files/7goa-b/7goa-b_ligand.sdf,../../aligned_files/7goa-b/7goa-b_apo-desolv.pdb
7goa-a,NS(=O)(=O)c1ccc2ncsc2c1,../../aligned_files/7goa-a/7goa-a_ligand.sdf,../../aligned_files/7goa-a/7goa-a_apo-desolv.pdb
7gpm-a,CC(C)c1nc(C2CCCN2)no1,../../aligned_files/7gpm-a/7gpm-a_ligand.sdf,../../aligned_files/7gpm-a/7gpm-a_apo-desolv.pdb
7gny-a,O=C1CCC(NC(=O)c2cscn2)CN1,../../aligned_files/7gny-a/7gny-a_ligand.sdf,../../aligned_files/7gny-a/7gny-a_apo-desolv.pdb
7gqf-a,Nc1nnc2ccccn12,../../aligned_files/7gqf-a/7gqf-a_ligand.sdf,../../aligned_files/7gqf-a/7gqf-a_apo-desolv.pdb
7go1-a,Cc1ccc(CS(N)(=O)=O)cc1F,../../aligned_files/7go1-a/7go1-a_ligand.sdf,../../aligned_files/7go1-a/7go1-a_apo-desolv.pdb
7go1-b,Cc1ccc(CS(N)(=O)=O)cc1F,../../aligned_files/7go1-b/7go1-b_ligand.sdf,../../aligned_files/7go1-b/7go1-b_apo-desolv.pdb
7go3-a,CCn1ccc(CNC)n1,../../aligned_files/7go3-a/7go3-a_ligand.sdf,../../aligned_files/7go3-a/7go3-a_apo-desolv.pdb
7gpc-a,Cc1ccsc1CNC(C)(C)CO,../../aligned_files/7gpc-a/7gpc-a_ligand.sdf,../../aligned_files/7gpc-a/7gpc-a_apo-desolv.pdb
7gnw-a,COc1cc(C(=O)O)cc(OC)c1OC,../../aligned_files/7gnw-a/7gnw-a_ligand.sdf,../../aligned_files/7gnw-a/7gnw-a_apo-desolv.pdb
7gqh-a,CC1(C)OC(=O)c2cc(Br)c(O)cc2O1,../../aligned_files/7gqh-a/7gqh-a_ligand.sdf,../../aligned_files/7gqh-a/7gqh-a_apo-desolv.pdb
7gnx-a,O=S(=O)(NC1CCCC1)C1CCOCC1,../../aligned_files/7gnx-a/7gnx-a_ligand.sdf,../../aligned_files/7gnx-a/7gnx-a_apo-desolv.pdb
7gqq-a,Clc1cnc[nH]1,../../aligned_files/7gqq-a/7gqq-a_ligand.sdf,../../aligned_files/7gqq-a/7gqq-a_apo-desolv.pdb
7gqo-a,Ic1ccn[nH]1,../../aligned_files/7gqo-a/7gqo-a_ligand.sdf,../../aligned_files/7gqo-a/7gqo-a_apo-desolv.pdb
7gnz-a,CC(=O)Nc1cnccc1C,../../aligned_files/7gnz-a/7gnz-a_ligand.sdf,../../aligned_files/7gnz-a/7gnz-a_apo-desolv.pdb
7gpt-a,CC1CCCN(S(C)(=O)=O)C1CO,../../aligned_files/7gpt-a/7gpt-a_ligand.sdf,../../aligned_files/7gpt-a/7gpt-a_apo-desolv.pdb
7gq0-a,CC(=O)NCC(=O)NCC#CBr,../../aligned_files/7gq0-a/7gq0-a_ligand.sdf,../../aligned_files/7gq0-a/7gq0-a_apo-desolv.pdb
7gq9-a,COc1ccc(C2=CCNCC2)cc1,../../aligned_files/7gq9-a/7gq9-a_ligand.sdf,../../aligned_files/7gq9-a/7gq9-a_apo-desolv.pdb
7gpi-a,CN(C)C(=O)COc1ccc(N)c(F)c1,../../aligned_files/7gpi-a/7gpi-a_ligand.sdf,../../aligned_files/7gpi-a/7gpi-a_apo-desolv.pdb
7gpr-a,COC(=O)C1(c2ccc(C)cc2)CCNC1,../../aligned_files/7gpr-a/7gpr-a_ligand.sdf,../../aligned_files/7gpr-a/7gpr-a_apo-desolv.pdb
7gqc-a,O=C(O)c1cnc(-c2ccccc2)s1,../../aligned_files/7gqc-a/7gqc-a_ligand.sdf,../../aligned_files/7gqc-a/7gqc-a_apo-desolv.pdb
7go5-c,Fc1cc(F)c2c(c1)C=CCO2,../../aligned_files/7go5-c/7go5-c_ligand.sdf,../../aligned_files/7go5-c/7go5-c_apo-desolv.pdb
7go5-b,Fc1cc(F)c2c(c1)C=CCO2,../../aligned_files/7go5-b/7go5-b_ligand.sdf,../../aligned_files/7go5-b/7go5-b_apo-desolv.pdb
7go5-a,Fc1cc(F)c2c(c1)C=CCO2,../../aligned_files/7go5-a/7go5-a_ligand.sdf,../../aligned_files/7go5-a/7go5-a_apo-desolv.pdb
7gq7-a,CS(=O)(=O)Nc1ccc(C(=O)O)cc1,../../aligned_files/7gq7-a/7gq7-a_ligand.sdf,../../aligned_files/7gq7-a/7gq7-a_apo-desolv.pdb
7go0-a,CCNCc1cccc2[nH]ccc12,../../aligned_files/7go0-a/7go0-a_ligand.sdf,../../aligned_files/7go0-a/7go0-a_apo-desolv.pdb
7gql-a,CCn1cnc2ccccc21,../../aligned_files/7gql-a/7gql-a_ligand.sdf,../../aligned_files/7gql-a/7gql-a_apo-desolv.pdb
7gpq-a,COC(=O)C1(C)CCCN1S(C)(=O)=O,../../aligned_files/7gpq-a/7gpq-a_ligand.sdf,../../aligned_files/7gpq-a/7gpq-a_apo-desolv.pdb
7gqj-a,Cc1cc(-c2ccccc2)[nH]n1,../../aligned_files/7gqj-a/7gqj-a_ligand.sdf,../../aligned_files/7gqj-a/7gqj-a_apo-desolv.pdb
7go7-a,CC(=O)NCCc1c[nH]c2ccc(F)cc12,../../aligned_files/7go7-a/7go7-a_ligand.sdf,../../aligned_files/7go7-a/7go7-a_apo-desolv.pdb
7gpg-a,CCN1N=C(C(F)(F)F)CC1=O,../../aligned_files/7gpg-a/7gpg-a_ligand.sdf,../../aligned_files/7gpg-a/7gpg-a_apo-desolv.pdb
7go9-a,O=C(c1cn[nH]c1)N1CCCC1,../../aligned_files/7go9-a/7go9-a_ligand.sdf,../../aligned_files/7go9-a/7go9-a_apo-desolv.pdb
7gqg-a,O=C(O)c1cccc(Nc2ncccn2)c1,../../aligned_files/7gqg-a/7gqg-a_ligand.sdf,../../aligned_files/7gqg-a/7gqg-a_apo-desolv.pdb
7gqp-a,N#Cc1cnc[nH]1,../../aligned_files/7gqp-a/7gqp-a_ligand.sdf,../../aligned_files/7gqp-a/7gqp-a_apo-desolv.pdb
7gq2-a,NC1=NCCCN1,../../aligned_files/7gq2-a/7gq2-a_ligand.sdf,../../aligned_files/7gq2-a/7gq2-a_apo-desolv.pdb
7gqa-a,Cn1c(CO)nc2ccccc21,../../aligned_files/7gqa-a/7gqa-a_ligand.sdf,../../aligned_files/7gqa-a/7gqa-a_apo-desolv.pdb
7gob-a,Cc1cc(F)cc(S(N)(=O)=O)c1,../../aligned_files/7gob-a/7gob-a_ligand.sdf,../../aligned_files/7gob-a/7gob-a_apo-desolv.pdb
7go2-a,c1cn2cnnc2cn1,../../aligned_files/7go2-a/7go2-a_ligand.sdf,../../aligned_files/7go2-a/7go2-a_apo-desolv.pdb
7go4-a,Oc1cc(O)n2ccnc2n1,../../aligned_files/7go4-a/7go4-a_ligand.sdf,../../aligned_files/7go4-a/7go4-a_apo-desolv.pdb
7go4-b,Oc1cc(O)n2ccnc2n1,../../aligned_files/7go4-b/7go4-b_ligand.sdf,../../aligned_files/7go4-b/7go4-b_apo-desolv.pdb
7gqe-a,O=C(NC1CC1)c1ccccc1O,../../aligned_files/7gqe-a/7gqe-a_ligand.sdf,../../aligned_files/7gqe-a/7gqe-a_apo-desolv.pdb
7goc-a,CC=C=CN(C)C1CCS(=O)(=O)CC1,../../aligned_files/7goc-a/7goc-a_ligand.sdf,../../aligned_files/7goc-a/7goc-a_apo-desolv.pdb
7gq8-a,Nc1ccc(SC(F)F)cc1,../../aligned_files/7gq8-a/7gq8-a_ligand.sdf,../../aligned_files/7gq8-a/7gq8-a_apo-desolv.pdb
7gph-a,CS(=O)(=O)CC(O)c1ccccc1,../../aligned_files/7gph-a/7gph-a_ligand.sdf,../../aligned_files/7gph-a/7gph-a_apo-desolv.pdb
7go8-a,O=C(O)c1ccnn1C1CCOCC1,../../aligned_files/7go8-a/7go8-a_ligand.sdf,../../aligned_files/7go8-a/7go8-a_apo-desolv.pdb
7gqk-a,O=C(c1ccccc1)N1CCC(CO)CC1,../../aligned_files/7gqk-a/7gqk-a_ligand.sdf,../../aligned_files/7gqk-a/7gqk-a_apo-desolv.pdb
7gqn-a,Ic1cnc[nH]1,../../aligned_files/7gqn-a/7gqn-a_ligand.sdf,../../aligned_files/7gqn-a/7gqn-a_apo-desolv.pdb
7gqn-b,Ic1cnc[nH]1,../../aligned_files/7gqn-b/7gqn-b_ligand.sdf,../../aligned_files/7gqn-b/7gqn-b_apo-desolv.pdb
7gqn-c,Ic1cnc[nH]1,../../aligned_files/7gqn-c/7gqn-c_ligand.sdf,../../aligned_files/7gqn-c/7gqn-c_apo-desolv.pdb
7gpd-a,CC(CO)(CO)NC(=O)Nc1ccccc1,../../aligned_files/7gpd-a/7gpd-a_ligand.sdf,../../aligned_files/7gpd-a/7gpd-a_apo-desolv.pdb
7gpa-a,O=C(O)COc1ccc(F)cc1,../../aligned_files/7gpa-a/7gpa-a_ligand.sdf,../../aligned_files/7gpa-a/7gpa-a_apo-desolv.pdb
7gpe-a,Nc1ccc(-c2ncno2)cc1,../../aligned_files/7gpe-a/7gpe-a_ligand.sdf,../../aligned_files/7gpe-a/7gpe-a_apo-desolv.pdb
7gpk-b,OC1CCN(Cc2ccsc2)CC1,../../aligned_files/7gpk-b/7gpk-b_ligand.sdf,../../aligned_files/7gpk-b/7gpk-b_apo-desolv.pdb
7gpk-a,OC1CCN(Cc2ccsc2)CC1,../../aligned_files/7gpk-a/7gpk-a_ligand.sdf,../../aligned_files/7gpk-a/7gpk-a_apo-desolv.pdb
7gq3-a,Nc1ccn[nH]1,../../aligned_files/7gq3-a/7gq3-a_ligand.sdf,../../aligned_files/7gq3-a/7gq3-a_apo-desolv.pdb
7gpl-a,CCOC(=O)c1cn[nH]c1,../../aligned_files/7gpl-a/7gpl-a_ligand.sdf,../../aligned_files/7gpl-a/7gpl-a_apo-desolv.pdb
7gpo-a,CC(=O)N1CC(C(=O)O)C(c2ccccc2)C1,../../aligned_files/7gpo-a/7gpo-a_ligand.sdf,../../aligned_files/7gpo-a/7gpo-a_apo-desolv.pdb
7gpo-b,CC(=O)N1CC(C(=O)O)C(c2ccccc2)C1,../../aligned_files/7gpo-b/7gpo-b_ligand.sdf,../../aligned_files/7gpo-b/7gpo-b_apo-desolv.pdb
7gq6-a,CS(=O)(=O)c1ccc(N2CCNCC2)cc1,../../aligned_files/7gq6-a/7gq6-a_ligand.sdf,../../aligned_files/7gq6-a/7gq6-a_apo-desolv.pdb
B0426a,FC(F)(F)c1cccc(N2CCN(Cc3cn[nH]c3)CC2)c1,../../aligned_files/B0426a/B0426a_ligand.sdf,../../aligned_files/B0426a/B0426a_apo-desolv.pdb
B0436a,CNC(=O)Cc1ccc(-c2ccc3nnc(N)n3c2)cc1,../../aligned_files/B0436a/B0436a_ligand.sdf,../../aligned_files/B0436a/B0436a_apo-desolv.pdb
B0439a,CS(=O)(=O)Nc1cccc(-c2ccc3nnc(N)n3c2)c1,../../aligned_files/B0439a/B0439a_ligand.sdf,../../aligned_files/B0439a/B0439a_apo-desolv.pdb
B0446a,CN(Cc1ccccc1)C(=O)NCCn1cnnc1,../../aligned_files/B0446a/B0446a_ligand.sdf,../../aligned_files/B0446a/B0446a_apo-desolv.pdb
B0446b,CN(Cc1ccccc1)C(=O)NCCn1cnnc1,../../aligned_files/B0446b/B0446b_ligand.sdf,../../aligned_files/B0446b/B0446b_apo-desolv.pdb
B0450a,COc1ccc(-c2ccc3nnc(N)n3c2)cc1OC,../../aligned_files/B0450a/B0450a_ligand.sdf,../../aligned_files/B0450a/B0450a_apo-desolv.pdb
B0450b,COc1ccc(-c2ccc3nnc(N)n3c2)cc1OC,../../aligned_files/B0450b/B0450b_ligand.sdf,../../aligned_files/B0450b/B0450b_apo-desolv.pdb
B0454a,CN(Cc1ccccc1)C(=O)Cn1cnnc1,../../aligned_files/B0454a/B0454a_ligand.sdf,../../aligned_files/B0454a/B0454a_apo-desolv.pdb
B0454b,CN(Cc1ccccc1)C(=O)Cn1cnnc1,../../aligned_files/B0454b/B0454b_ligand.sdf,../../aligned_files/B0454b/B0454b_apo-desolv.pdb
B0455a,CNC(=O)c1ccc(-c2ccc3nnc(N)n3c2)cc1,../../aligned_files/B0455a/B0455a_ligand.sdf,../../aligned_files/B0455a/B0455a_apo-desolv.pdb
B0469a,O=C(Cc1cccc2c1OCO2)Nc1ccc(=O)[nH]c1,../../aligned_files/B0469a/B0469a_ligand.sdf,../../aligned_files/B0469a/B0469a_apo-desolv.pdb
B0495a,CN(C)S(=O)(=O)C1CCN(Cc2conc2Br)C1,../../aligned_files/B0495a/B0495a_ligand.sdf,../../aligned_files/B0495a/B0495a_apo-desolv.pdb
B0513a,FC(F)(F)Oc1cccc(C2CN(c3cccc4nncn34)CCO2)c1,../../aligned_files/B0513a/B0513a_ligand.sdf,../../aligned_files/B0513a/B0513a_apo-desolv.pdb
B0517a,O=C(Cn1ccc(=O)[nH]c1=O)NCc1ccccc1,../../aligned_files/B0517a/B0517a_ligand.sdf,../../aligned_files/B0517a/B0517a_apo-desolv.pdb
B0525a,O=C(Cn1cnnc1)N1CCCC(c2ccc(CO)cc2)C1,../../aligned_files/B0525a/B0525a_ligand.sdf,../../aligned_files/B0525a/B0525a_apo-desolv.pdb
B0525b,O=C(Cn1cnnc1)N1CCCC(c2ccc(CO)cc2)C1,../../aligned_files/B0525b/B0525b_ligand.sdf,../../aligned_files/B0525b/B0525b_apo-desolv.pdb
B0541a,CS(=O)(=O)c1ccc(C2CN(c3cccc4nncn34)CCO2)cc1,../../aligned_files/B0541a/B0541a_ligand.sdf,../../aligned_files/B0541a/B0541a_apo-desolv.pdb
B0691a,O=S1(=O)C(c2ccccc2)CCN1c1cccc2nncn12,../../aligned_files/B0691a/B0691a_ligand.sdf,../../aligned_files/B0691a/B0691a_apo-desolv.pdb
B0691b,O=S1(=O)C(c2ccccc2)CCN1c1cccc2nncn12,../../aligned_files/B0691b/B0691b_ligand.sdf,../../aligned_files/B0691b/B0691b_apo-desolv.pdb
B0693a,O=C(Cc1ccn[nH]1)Nc1cccc2c1CCNC2,../../aligned_files/B0693a/B0693a_ligand.sdf,../../aligned_files/B0693a/B0693a_apo-desolv.pdb
B0723a,c1ccc(-c2nnc(CNCc3cccc4nncn34)[nH]2)cc1,../../aligned_files/B0723a/B0723a_ligand.sdf,../../aligned_files/B0723a/B0723a_apo-desolv.pdb
B0738a,c1c[nH]c(-c2nnc(Sc3cccc4nncn34)o2)c1,../../aligned_files/B0738a/B0738a_ligand.sdf,../../aligned_files/B0738a/B0738a_apo-desolv.pdb
B0738b,c1c[nH]c(-c2nnc(Sc3cccc4nncn34)o2)c1,../../aligned_files/B0738b/B0738b_ligand.sdf,../../aligned_files/B0738b/B0738b_apo-desolv.pdb
B0742a,c1ccc(-c2nnc(Nc3cccc4nncn34)[nH]2)cc1,../../aligned_files/B0742a/B0742a_ligand.sdf,../../aligned_files/B0742a/B0742a_apo-desolv.pdb
B0798a,O=c1[nH]c2ccccc2c(=O)n1Cc1ccncc1,../../aligned_files/B0798a/B0798a_ligand.sdf,../../aligned_files/B0798a/B0798a_apo-desolv.pdb
B0805a,O=S1(=O)C(c2ccccc2)CCCN1c1cccc2nncn12,../../aligned_files/B0805a/B0805a_ligand.sdf,../../aligned_files/B0805a/B0805a_apo-desolv.pdb
B0805b,O=S1(=O)C(c2ccccc2)CCCN1c1cccc2nncn12,../../aligned_files/B0805b/B0805b_ligand.sdf,../../aligned_files/B0805b/B0805b_apo-desolv.pdb
B0839a,NCc1ocnc1C(=O)Nc1c[nH]c(=O)c2ccccc12,../../aligned_files/B0839a/B0839a_ligand.sdf,../../aligned_files/B0839a/B0839a_apo-desolv.pdb
B0839b,NCc1ocnc1C(=O)Nc1c[nH]c(=O)c2ccccc12,../../aligned_files/B0839b/B0839b_ligand.sdf,../../aligned_files/B0839b/B0839b_apo-desolv.pdb
B0857a,Nc1nnc2ccc(-c3cnccn3)cn12,../../aligned_files/B0857a/B0857a_ligand.sdf,../../aligned_files/B0857a/B0857a_apo-desolv.pdb
B0857b,Nc1nnc2ccc(-c3cnccn3)cn12,../../aligned_files/B0857b/B0857b_ligand.sdf,../../aligned_files/B0857b/B0857b_apo-desolv.pdb
B0875a,O=C(Nc1cn[nH]c1)Nc1cccc2nncn12,../../aligned_files/B0875a/B0875a_ligand.sdf,../../aligned_files/B0875a/B0875a_apo-desolv.pdb
B0875b,O=C(Nc1cn[nH]c1)Nc1cccc2nncn12,../../aligned_files/B0875b/B0875b_ligand.sdf,../../aligned_files/B0875b/B0875b_apo-desolv.pdb
B0878b,O=C(CC1(c2ccon2)CNC1)Nc1c[nH]c(=O)c2ccccc12,../../aligned_files/B0878b/B0878b_ligand.sdf,../../aligned_files/B0878b/B0878b_apo-desolv.pdb
B0878a,O=C(CC1(c2ccon2)CNC1)Nc1c[nH]c(=O)c2ccccc12,../../aligned_files/B0878a/B0878a_ligand.sdf,../../aligned_files/B0878a/B0878a_apo-desolv.pdb
B0914a,C=CCn1c(Sc2cccc3nncn23)nnc1-c1cccnc1,../../aligned_files/B0914a/B0914a_ligand.sdf,../../aligned_files/B0914a/B0914a_apo-desolv.pdb
B0914b,C=CCn1c(Sc2cccc3nncn23)nnc1-c1cccnc1,../../aligned_files/B0914b/B0914b_ligand.sdf,../../aligned_files/B0914b/B0914b_apo-desolv.pdb
B0931a,c1cc(SCc2ccncc2)n2cnnc2c1,../../aligned_files/B0931a/B0931a_ligand.sdf,../../aligned_files/B0931a/B0931a_apo-desolv.pdb
B0931b,c1cc(SCc2ccncc2)n2cnnc2c1,../../aligned_files/B0931b/B0931b_ligand.sdf,../../aligned_files/B0931b/B0931b_apo-desolv.pdb
B0938a,O=c1[nH]c(Sc2cccc3nncn23)nc2ccsc12,../../aligned_files/B0938a/B0938a_ligand.sdf,../../aligned_files/B0938a/B0938a_apo-desolv.pdb
B0938b,O=c1[nH]c(Sc2cccc3nncn23)nc2ccsc12,../../aligned_files/B0938b/B0938b_ligand.sdf,../../aligned_files/B0938b/B0938b_apo-desolv.pdb
B1020a,O=S(=O)(N1CCNCC1)N1CCc2nn[nH]c2C1,../../aligned_files/B1020a/B1020a_ligand.sdf,../../aligned_files/B1020a/B1020a_apo-desolv.pdb
B1033a,O=S(=O)(Nc1ccc2c(c1)OCC2)N1CCNCC1,../../aligned_files/B1033a/B1033a_ligand.sdf,../../aligned_files/B1033a/B1033a_apo-desolv.pdb
B1033b,O=S(=O)(Nc1ccc2c(c1)OCC2)N1CCNCC1,../../aligned_files/B1033b/B1033b_ligand.sdf,../../aligned_files/B1033b/B1033b_apo-desolv.pdb
B1035a,O=C1NCc2cc(OS(=O)(=O)F)ccc21,../../aligned_files/B1035a/B1035a_ligand.sdf,../../aligned_files/B1035a/B1035a_apo-desolv.pdb
B1081a,COc1cc2c(cc1OS(=O)(=O)F)C(=O)NCCC2,../../aligned_files/B1081a/B1081a_ligand.sdf,../../aligned_files/B1081a/B1081a_apo-desolv.pdb
B1120a,O=S(=O)(NCCc1cc[nH]n1)N1CCNCC1,../../aligned_files/B1120a/B1120a_ligand.sdf,../../aligned_files/B1120a/B1120a_apo-desolv.pdb
B1157a,O=C(CCl)NCc1ccc2cc[nH]c2n1,../../aligned_files/B1157a/B1157a_ligand.sdf,../../aligned_files/B1157a/B1157a_apo-desolv.pdb
B1159c,O=C(NC1(c2n[nH]c(-c3cccs3)n2)CCC1)C(S)Cl,../../aligned_files/B1159c/B1159c_ligand.sdf,../../aligned_files/B1159c/B1159c_apo-desolv.pdb
B1159b,O=C(CCl)NC1(c2n[nH]c(-c3cccs3)n2)CCC1,../../aligned_files/B1159b/B1159b_ligand.sdf,../../aligned_files/B1159b/B1159b_apo-desolv.pdb
B1169a,O=C(C(S)Cl)N1CCc2sccc2C1,../../aligned_files/B1169a/B1169a_ligand.sdf,../../aligned_files/B1169a/B1169a_apo-desolv.pdb
B1169b,O=C(CCl)N1CCc2sccc2C1,../../aligned_files/B1169b/B1169b_ligand.sdf,../../aligned_files/B1169b/B1169b_apo-desolv.pdb
B1170a,O=C(Nc1ccc(N2CCOCC2)nc1)C(F)Cl,../../aligned_files/B1170a/B1170a_ligand.sdf,../../aligned_files/B1170a/B1170a_apo-desolv.pdb
B1219a,Fc1ccc2nc(Sc3cccc4nncn34)[nH]c2c1,../../aligned_files/B1219a/B1219a_ligand.sdf,../../aligned_files/B1219a/B1219a_apo-desolv.pdb
B1219b,Fc1ccc2nc(Sc3cccc4nncn34)[nH]c2c1,../../aligned_files/B1219b/B1219b_ligand.sdf,../../aligned_files/B1219b/B1219b_apo-desolv.pdb
B1219c,Fc1ccc2nc(Sc3cccc4nncn34)[nH]c2c1,../../aligned_files/B1219c/B1219c_ligand.sdf,../../aligned_files/B1219c/B1219c_apo-desolv.pdb
B1264a,O=C1NCc2ccc(S(=O)(=O)F)cc21,../../aligned_files/B1264a/B1264a_ligand.sdf,../../aligned_files/B1264a/B1264a_apo-desolv.pdb
B1270a,Cn1nc(-c2ccccc2)nc1Sc1cccc2nncn12,../../aligned_files/B1270a/B1270a_ligand.sdf,../../aligned_files/B1270a/B1270a_apo-desolv.pdb
B1276a,Cc1cc2c(cc1OS(=O)(=O)F)C(=O)NC2,../../aligned_files/B1276a/B1276a_ligand.sdf,../../aligned_files/B1276a/B1276a_apo-desolv.pdb
B1307a,O=c1ccnc(CCNS(=O)(=O)c2ccns2)[nH]1,../../aligned_files/B1307a/B1307a_ligand.sdf,../../aligned_files/B1307a/B1307a_apo-desolv.pdb
B1307b,O=c1ccnc(CCNS(=O)(=O)c2ccns2)[nH]1,../../aligned_files/B1307b/B1307b_ligand.sdf,../../aligned_files/B1307b/B1307b_apo-desolv.pdb
B1361a,O=S(=O)(NCCc1nccc(O)n1)c1ccc(O)cc1,../../aligned_files/B1361a/B1361a_ligand.sdf,../../aligned_files/B1361a/B1361a_apo-desolv.pdb
B1361b,O=S(=O)(NCCc1nccc(O)n1)c1ccc(O)cc1,../../aligned_files/B1361b/B1361b_ligand.sdf,../../aligned_files/B1361b/B1361b_apo-desolv.pdb
B1368a,Cc1cc(O)nc(CCNS(=O)(=O)N2CCCC2)n1,../../aligned_files/B1368a/B1368a_ligand.sdf,../../aligned_files/B1368a/B1368a_apo-desolv.pdb
B1396a,Cc1ccccc1NC(=O)CS(=O)(=O)c1ccccc1,../../aligned_files/B1396a/B1396a_ligand.sdf,../../aligned_files/B1396a/B1396a_apo-desolv.pdb
B1403a,Cc1cc(CNS(=O)(=O)N2CCNCC2)no1,../../aligned_files/B1403a/B1403a_ligand.sdf,../../aligned_files/B1403a/B1403a_apo-desolv.pdb
B1409a,Cc1cc(OS(=O)(=O)F)cc2c1CNC2=O,../../aligned_files/B1409a/B1409a_ligand.sdf,../../aligned_files/B1409a/B1409a_apo-desolv.pdb
B1456a,Cc1cc(O)nc(CCNS(=O)(=O)c2ccn(C)n2)n1,../../aligned_files/B1456a/B1456a_ligand.sdf,../../aligned_files/B1456a/B1456a_apo-desolv.pdb
B1456b,Cc1cc(O)nc(CCNS(=O)(=O)c2ccn(C)n2)n1,../../aligned_files/B1456b/B1456b_ligand.sdf,../../aligned_files/B1456b/B1456b_apo-desolv.pdb
B1457a,Cc1cc(O)nc(CCNS(=O)(=O)c2cscn2)n1,../../aligned_files/B1457a/B1457a_ligand.sdf,../../aligned_files/B1457a/B1457a_apo-desolv.pdb
B1457b,Cc1cc(O)nc(CCNS(=O)(=O)c2cscn2)n1,../../aligned_files/B1457b/B1457b_ligand.sdf,../../aligned_files/B1457b/B1457b_apo-desolv.pdb
B1460a,Nc1ccc(S(=O)(=O)NCCc2nccc(O)n2)cn1,../../aligned_files/B1460a/B1460a_ligand.sdf,../../aligned_files/B1460a/B1460a_apo-desolv.pdb
B1460b,Nc1ccc(S(=O)(=O)NCCc2nccc(O)n2)cn1,../../aligned_files/B1460b/B1460b_ligand.sdf,../../aligned_files/B1460b/B1460b_apo-desolv.pdb
B1462a,CCOC(=O)C=Cc1cccc(C(N)=O)c1,../../aligned_files/B1462a/B1462a_ligand.sdf,../../aligned_files/B1462a/B1462a_apo-desolv.pdb
B1462b,CCOC(=O)C=Cc1cccc(C(N)=O)c1,../../aligned_files/B1462b/B1462b_ligand.sdf,../../aligned_files/B1462b/B1462b_apo-desolv.pdb
B1463a,Cc1cc(O)nc(CCNS(=O)(=O)N2CCOCC2)n1,../../aligned_files/B1463a/B1463a_ligand.sdf,../../aligned_files/B1463a/B1463a_apo-desolv.pdb
