compound_id,amount,quote_id,quoted_amount,price,score,score_min,smiles
15,1,,,,3.6,3.714,COC(=O)c1ccncc1N
107,1,,,,5.753,5.786,Cn1nc(C(=O)NCCc2cocn2)c2ccccc21
498,1,333,5.0,101.0,4.575,4.662,CC(C)(CNS(=O)(=O)c1ccc2scnc2c1)C1CCCN1
525,1,409,5.0,101.0,3.918,3.84,CC(NC(=O)C(=O)NCCc1ccc2ncsc2c1)C1CCC1
532,1,,,,4.48,4.187,O=C(c1ccc2scnc2c1)N1CCN(C2CCSCC2)CC1
533,1,123,5.0,101.0,4.507,4.28,O=C(Cc1ccc2ncsc2c1)N1CCN(C2CCC2)CC1
540,1,,,,4.312,4.175,c1ccc2sc(N3CCN(C4CCSCC4)CC3)nc2c1
678,1,407,5.0,101.0,3.304,4.71,O=C(OCc1ccc2cn[nH]c2c1)C1(n2cccn2)CCC1
684,1,,,,2.97,4.926,CC(OC(F)F)C(=O)Nc1n[nH]c2cccc(-n3cccn3)c12
686,1,622,5.0,151.6,4.311,4.097,CC(NCC(n1cccn1)C(F)(F)F)c1cccc2[nH]ncc12
712,1,76,5.0,101.0,3.921,3.636,c1ccc(N2C3CCC2CC3)nc1
717,1,77,5.0,101.0,3.833,3.458,C=C1CCCN(c2ccccn2)C1
722,1,,,,3.916,3.685,c1cncc(C2SCCCS2)c1
733,1,232,5.0,101.0,4.015,3.944,c1ccc(N2CCC3CC3C2)nc1
736,1,38,5.0,27.2,4.073,4.032,c1ccc(N2CCCCC2)nc1
748,1,,,,,,c1ccc([S+]2CCCC2)nc1
758,1,,,,5.068,4.959,CC(C)(C)C=C1CCCC1C1CCCCN1
759,1,,,,3.638,3.84,CCC=C1CCN(C2CCCNC2)C1
760,1,,,,4.51,3.95,C1CN(C2CCNCC2)CC2(C1)CC2
765,1,,,,4.224,4.278,C#CC=C1CCCC1C1CCCCN1
787,1,,,,,,C1CNCC(C2CCC3CC32)C1
795,1,34,5.0,27.2,3.806,3.914,C1=CCN(C2CCNCC2)C1
798,1,,,,3.868,3.674,CC=C1CCN(C2CCCNC2)C1
805,1,,,,4.16,4.028,C1CNCC(N2CCC3(CC3)C2)C1
872,1,260,5.0,101.0,4.409,4.517,CN(Cc1ccc2c(c1)OCO2)C(=O)C(=O)NCCC1CCCS1
875,1,129,5.0,101.0,5.084,5.097,c1cc2c(cc1-c1n[nH]cc1CNC1CCCCC1)OCO2
899,1,611,5.0,151.6,4.202,4.633,O=C(CCc1ccc2c(c1)OCO2)NC1CCC1C1CCC1
901,1,387,5.0,101.0,4.564,4.168,O=C(CCc1ccc2c(c1)OCO2)Nc1ccn(C2CCC2)n1
934,1,415,5.0,101.0,4.169,3.622,O=C(CCC1CCNC1)NCC1CCn2cnnc2C1
936,1,,,,4.351,3.728,c1ccc(-c2nnc3n2CC(c2nc(C4CCCN4)no2)CC3)cc1
947,1,332,5.0,101.0,4.884,5.152,CCCN(C(=O)C1CCc2nncn2C1)C1CCNC1
961,1,347,5.0,101.0,3.986,3.549,O=C(NNC1=NCCS1)C1CCCn2cnnc21
973,1,,,,3.978,3.899,OC1CCCc2nnc(CC3CCSCC3)n21
1002,1,,,,4.094,4.189,C#CC(NC(=O)C1CCc2nnc(C)n2C1)C1CCC1
1109,1,,,,4.465,4.236,c1cc2c(cc1C1CCNCC1)CCCN2
1120,1,196,5.0,101.0,4.37,4.656,O=C(COC1CNC1)NCCN1CCCc2ccccc21
1132,1,216,5.0,101.0,4.464,4.438,COc1ccc2c(c1)CCCN2C(=O)CSCC1CCNCC1
1142,1,335,5.0,101.0,3.836,3.965,COc1ccc2c(c1)C(NC(=O)C1CCCCCN1)CCN2
1169,1,,,,4.003,3.647,c1cc2c(c(N3CCCCCCC3)c1)NCCC2
1192,1,,,,4.299,4.415,c1cc2c(c(N3CCCCCC3)c1)NCCC2
1238,1,266,5.0,101.0,3.666,3.519,O=C(C(F)C1CCNC1)N1CCc2cccc(C(F)(F)F)c2C1
1257,1,,,,3.899,4.231,c1cc2c(c(N3CCCC3)c1)CCNC2
1281,1,,,,3.67,4.334,C1=CCC(C2NCCc3ccccc32)CC1
1287,1,,,,3.302,3.735,CCC(C)C(NC(=O)C1Cc2ccccc2CN1)C(=O)NC1CCCC1
1304,1,560,5.0,151.6,3.527,3.094,O=C(CCN1CCNCC1)NO
1305,1,466,5.0,151.6,4.342,4.371,O=C(CCC1CCNC1)NO
1311,1,564,5.0,151.6,2.912,4.493,CC(C(=O)NO)N1CCNCC1
1318,1,,,,4.424,4.459,CC(C(=O)NOC1CCCC1)C1CNC1
1322,1,471,5.0,151.6,4.015,3.886,CCC(=O)NOC1CCCCC1
1328,1,568,5.0,151.6,3.921,3.861,CC(C(=O)NO)C1CCCCC1
1335,1,537,5.0,151.6,4.03,3.943,CC(C(=O)NO)C1CCC1
1338,1,,,,3.744,3.536,CN1CCCCC1CCC(=O)N(O)C1CCCC1
1349,1,272,5.0,101.0,3.783,3.768,COc1ccc(CCC(=O)NOC2CCCCC2)cn1
1353,1,284,5.0,101.0,4.046,4.398,Cc1cc(CCC(=O)NOC2CCCCC2)no1
1357,1,523,5.0,151.6,4.35,4.392,CC(C(=O)NOC1CCCCC1)N1CCN(C)CC1
1359,1,261,5.0,101.0,4.859,4.391,CC(C(=O)NOC1CCC1)n1ccc(C(F)(F)F)n1
1360,1,133,5.0,101.0,4.961,4.863,CC(C(=O)NOC1CCCC1)c1ccccc1C(F)(F)F
1361,1,618,5.0,151.6,3.878,4.09,CC(C(=O)NOC1CCC1)N1CC(NC(=O)OC(C)(C)C)C1
1366,1,569,5.0,151.6,4.502,4.313,CC(C(=O)NOC1CCCC1)C1CCN(C(=O)OC(C)(C)C)C1
1373,1,,,,3.648,4.496,N#CCN(CC#N)C(=O)CCC1CCCCN1
1375,1,495,5.0,151.6,4.395,4.226,CCCCCCCC(=O)NC(C)C1CCCNC1
1382,1,224,5.0,101.0,3.95,4.409,C#CCCNC(=O)CC1CCCCN1
1384,1,596,5.0,151.6,4.239,3.928,CCC(CCCC(F)(F)F)NC(=O)CC1CCCNC1
1386,1,491,5.0,151.6,4.206,4.319,CC(C)CNC(=O)CC(C)C1CCCNC1
1391,1,496,5.0,151.6,4.676,4.671,CCCCN(CCCC)C(=O)CC(C)C1CCCNC1
1392,1,493,5.0,151.6,4.377,3.923,CC(C)(C(=O)NCC(F)(F)F)C1CCCNC1
1394,1,571,5.0,151.6,3.154,4.52,CSCC(C)(C)NC(=O)C(F)(F)C1CCCNC1
1399,1,465,5.0,151.6,3.979,3.689,CC(C)CN(CCC#N)C(=O)CC1CCCNC1
1401,1,490,5.0,151.6,3.879,3.453,CCC(C)N(CC)C(=O)CC1CCCNC1
1402,1,,,,4.692,4.177,C#CC(=O)NCC1CCCNC1
1403,1,515,5.0,151.6,4.683,4.526,CSC(CNC(=O)N1CCCCC1)C(C)(C)C
1404,1,,,,4.086,3.856,CCCCN(CCCC)C(=O)N(C)C1CCNCC1
1406,1,489,5.0,151.6,3.434,4.077,CCC(C)(C)CNC(=O)C1CCCCN1
1413,1,58,5.0,41.5,4.643,4.725,CCNC(=O)CC1CCCCN1
1414,1,488,5.0,151.6,3.797,4.074,CCCCC(C)NC(=O)C1CCNCC1
1417,1,487,5.0,151.6,3.406,4.043,CCN(C)C(=O)CN(C)C1CCNCC1
1418,1,,,,4.219,3.808,CCC=C(C)C(=O)NCC1CCCCN1
1419,1,563,5.0,151.6,3.851,4.45,C=CC(CC)CC(=O)NCC1CCCCN1
1446,1,,,,3.257,3.163,CC1C(C(=O)O)(n2cccn2)CCS1(=O)=O
1447,1,,,,3.908,3.519,O=C(Oc1cccc(-c2ccccn2)c1)C1CCS(=O)(=O)C1
1455,1,599,5.0,151.6,4.001,3.849,O=C(NCC1CCCS1(=O)=O)NCC1(c2ccncc2)CCC1
1509,1,550,5.0,151.6,4.22,3.858,O=C(NCC1CCCN1)NCC1CCCS1(=O)=O
1526,1,,,,4.326,3.737,COCCN(C(=O)CC1CCN1)C1CCS(=O)(=O)C1
1602,1,273,5.0,101.0,4.939,4.882,CCC(CC(=O)NC(C)c1ncco1)C(C)(C)C
1603,1,112,5.0,101.0,3.903,3.896,CCCCN(CC)C(=O)c1cnco1
1613,1,314,5.0,101.0,3.865,4.051,CC(CCNC(=O)C=Cc1cocn1)[S+](C)[O-]
1682,1,628,5.0,151.6,4.522,4.264,CSCC(=O)NCC1(CCNC(=O)C23CCC(CC2)OC3)CC1
1685,1,834,5.0,151.6,4.448,4.537,CC(NC(=O)C1CC(S(C)(=N)=O)C1)C1CC1
1719,1,146,5.0,101.0,3.084,3.762,CC(NC(=O)c1cccc(C(N)=O)n1)C1CC1
1786,1,64,5.0,128.1,3.933,4.496,c1ncc(C2CCNCC2)s1
1791,1,,,,4.678,4.665,C1CCc2oc(C3CCNCC3)nc2C1
1799,1,,,,4.917,4.981,C1CCc2c(noc2C2CCCNC2)C1
1803,1,,,,4.89,4.674,c1nc(C2CCCCN2)co1
1807,1,,,,3.664,4.633,c1cc(C2CCCNC2)sn1
1811,1,,,,3.155,3.587,c1ncc(C2CCCNC2)c2c1CCCC2
1814,1,,,,4.05,3.974,c1nc2c(cc1C1CCCNC1)CCCC2
1823,1,37,5.0,27.2,4.263,4.045,c1cc(C2CCCCN2)ccn1
1841,1,3,5.0,24.5,4.279,5.002,c1cn(C2CNC2)cn1
1851,1,4,5.0,24.5,3.494,3.672,c1cn(C2CCNC2)cn1
1877,1,29,5.0,27.2,4.462,4.117,c1c[nH]c(C2CCCN2)n1
1883,1,367,5.0,101.0,3.947,3.919,Cn1cncc1CCC(=O)NCCCCCN1CCNCC1
2016,1,457,5.0,101.0,1.905,4.15,CNC(=O)C(Cc1c[nH]cn1)NC(=O)c1ccc(C)nc1
2040,1,,,,4.404,4.363,c1nc2c(n1C1CCCNC1)CCCC2
2044,1,,,,3.957,4.173,c1nc2n(c1C1CCCNC1)CCC2
2060,1,,,,4.454,5.225,c1nc(C2CCNCC2)n2c1CCC2
2063,1,181,5.0,101.0,3.935,3.493,CC(=O)NC(C)C1CCN(S(=O)(=O)c2cnc3n2CCC3)CC1
2073,1,629,5.0,151.6,3.986,3.738,CCC(C#N)C(=O)NC1CCCN(C(=O)c2cnc3n2CCC3)C1
2081,1,218,5.0,101.0,4.014,3.593,CCOC(=O)NC1CCCN(C(=O)c2cn3c(n2)CCC3)C1
2086,1,,,,4.831,5.042,C1CCC(c2nc3c([nH]2)CCCC3)NC1
2091,1,,,,,,C1CC(c2nc3c([nH]2)CCSC3)CCN1
2123,1,,,,4.032,3.677,CC(N)C(=O)CN1CCC(c2c[nH]cn2)CC1
2124,1,172,5.0,101.0,3.677,3.866,CCOC(=O)NC1CCCN(C(=O)CCc2c[nH]cn2)C1
2306,1,239,5.0,101.0,3.538,4.645,O=C(Cc1ncc[nH]1)NCC[S+]([O-])CC(F)(F)F
2344,1,630,5.0,151.6,3.8,3.641,COC(=O)CCN(C)C(=O)CCNC(=O)C(O)C1CCCCN1
2365,1,850,5.0,151.6,,,CC(C)C(O)C(=O)NCC(C)(CO)NC(=O)CN1CCCCC1
2375,1,,,,3.865,3.427,C=C(C)C(C)(F)C1CCCCN1
2378,1,,,,4.314,4.002,CCC(C)OCC1CCCCN1
2382,1,,,,4.137,3.9,CC(C)CC(=O)C(C)(C)N1CCCCC1
2388,1,,,,5.065,5.142,CC(C)(C)C(=O)CC1CCCNC1
2390,1,,,,3.452,3.302,CCON(CC1CCCNC1)C(C)C
2396,1,,,,1.827,3.249,COC(C)C1CCCNC1
2400,1,,,,3.252,3.317,COCCCC1CCCNC1
2403,1,,,,4.296,4.362,CON(CC1CCCCN1)C(C)C
2404,1,603,5.0,151.6,5.354,5.21,CC(C)=CCCC(C)CC(=O)N(C(C)C)C1CCNCC1
2407,1,,,,3.86,4.001,O=C(CC1CCNCC1)C(F)(F)F
2409,1,,,,3.486,4.396,CSCCOC(C)(C)C1CCCCN1
2410,1,,,,4.196,4.164,CC(F)(F)CCC(F)C1CCCCN1
2413,1,,,,3.743,3.577,C=C(C(F)(F)F)C(C)(F)C1CCCCN1
2416,1,,,,3.949,4.159,CCC(C)(C)C(=O)C1CCCCN1
2418,1,,,,3.556,3.741,CC(C)C(=O)N(C(C)C)C1CCCNC1
2421,1,,,,3.424,4.771,CC(C)(C)C(=O)CCC1CCCNC1
2474,1,,,,4.196,4.436,O=C1C(=O)N(C2CCNC2)c2ccccc21
2479,1,,,,3.446,3.491,O=C1C(=O)N(C2CCNCC2)c2cc(Cl)ccc21
2487,1,,,,,,O=C1C(=O)N(CC2CCNCC2)c2ccc(F)cc21
2503,1,,,,4.38,4.353,Cc1ccc2c(c1)N(C1CCNC1)C(=O)C2=O
2514,1,65,5.0,245.3,3.643,3.77,O=C1Nc2ccc(C3CCCC3)cc2C1=O
2530,1,21,5.0,24.5,4.437,4.379,CN(Cc1ccccc1N1CCCC1)CN1C(=O)C(=O)c2ccccc21
2531,1,797,5.0,151.6,,,CCOc1ccc2c(c1)N(CN(C)CC1CCC1)C(=O)C2=O
2536,1,796,5.0,151.6,,,O=C1C(=O)N(CN2CC=CCC2)c2cccc(Br)c21
2537,1,798,5.0,151.6,,,C=C1CC2CCC(C1)N2CN1C(=O)C(=O)c2c(Br)cccc21
2541,1,,,,,,CC(C)CN(CN1C(=O)C(=O)c2cccc(F)c21)C1CCCC1
2609,1,,,,3.849,3.957,C1CNCC(C2CNC2)C1
2616,1,,,,,,C1CCN(C23CCCNCC2C3)CC1
2617,1,,,,4.765,4.823,C1CCN(C2CCCNCC2)CC1
2619,1,,,,4.538,4.969,C1CNCC(C2CCCNC2)C1
2628,1,,,,4.233,3.787,C1CCNC(C2CCCNC2)CC1
2631,1,,,,3.676,3.711,C1CCN(C2CCCCNC2)CC1
2636,1,,,,3.931,4.075,C1CCN(C23CNCC2C3)CC1
2648,1,555,5.0,151.6,3.788,5.278,COC(=O)N1CCC(C(C)NC(=O)C=CC2CCCNC2)CC1
2652,1,626,5.0,151.6,4.518,4.474,CC(NC(=O)CC1CCCCN1)C1CCNCC1
2655,1,605,5.0,151.6,3.29,3.284,CCOC(=O)N1CCC(C(C)NC(=O)CC2=CCNCC2)CC1
2897,1,479,5.0,151.6,4.896,5.221,O=C1CCCCCC1N1CCCCC1
2911,1,461,5.0,151.6,4.432,4.462,CC(=O)NC(C)C1CCN(C(=O)NCC23CC(CO2)C3)CC1
3119,1,,,,5.469,5.317,O=C1CC(C2CCNCC2)CO1
3260,1,,,,4.527,4.495,C1CNCC(c2nc3n(n2)CCCS3)C1
3300,1,,,,4.317,4.942,C1CCn2nc(C3CCCNC3)nc2SC1
3419,1,,,,3.797,3.856,CC(=O)N(C)CCC(=O)NC1CC1CNC(=O)Cc1cnoc1
3425,1,,,,4.351,3.932,CC(=O)N(C)CCC(=O)NC1(CN(C)C(=O)c2cncs2)CC1
3470,1,306,5.0,101.0,3.569,4.247,O=C(COC1CCCCCC1)NCc1cc(C2CCNCC2)no1
3473,1,312,5.0,101.0,4.095,3.233,CC(C)c1cc(CNC(=O)COC2CCNC2)on1
3501,1,,,,4.684,4.673,Cc1nocc1C(=O)NC(CNC(=O)C1=CSCS1)C(C)(C)C
3504,1,839,5.0,151.6,3.074,3.916,CC(C)c1oncc1C(=O)NC(CNC(=O)C1CCCC1)C(C)(C)C
3511,1,631,5.0,151.6,3.344,3.425,Cc1conc1CC(=O)NCC(C)(NC(=O)C(F)F)C1CCC1
3516,1,632,5.0,151.6,3.835,4.574,CCC(F)C(=O)NC(CNC(=O)c1nocc1C)C1CCC1
3532,1,623,5.0,151.6,3.314,3.864,CN(Cc1conc1C1CCC1)C(=O)NCC1CCCSC1
3542,1,485,5.0,151.6,4.453,4.321,CC(C)C(=O)N(C)CC1CCCCN1
3665,1,33,5.0,27.2,3.832,4.101,c1cc(-c2ncco2)ccn1
3682,1,633,5.0,151.6,4.134,4.45,CN(CCNC(=O)Cc1cccnc1)C(=O)c1cccnc1
3732,1,6,5.0,24.5,3.703,3.607,c1ccc(-c2cn[nH]c2)nc1
3735,1,634,5.0,151.6,4.466,4.179,CN(CCNC(=O)Cc1cn[nH]c1)C(=O)c1cccnc1N
3758,1,28,5.0,27.2,4.344,4.046,c1cc(C2CCCCN2)[nH]n1
3768,1,299,5.0,101.0,4.811,4.766,CCCCCCCCCCC(=O)N1CCC(O)(c2ccn[nH]2)CC1
3775,1,635,5.0,151.6,4.714,4.479,CCC(C)C(=O)N1CCC(C(C)NC(=O)Cc2ccn[nH]2)CC1
3778,1,636,5.0,151.6,3.77,3.26,CC(NC(=O)Cc1ccn[nH]1)C1CCN(C(=O)C(C)(C)O)CC1
3782,1,106,5.0,101.0,3.768,3.71,CC(NC(=O)Cc1ccn[nH]1)C1CCN(CC(F)(F)F)CC1
3788,1,637,5.0,151.6,3.609,3.619,CC(=O)N1CCC(C(C)NC(=O)Cc2n[nH]c3c2CCCC3)CC1
3796,1,462,5.0,151.6,2.954,4.065,CN(C(=O)CCNC(N)=O)C1CCN(C(=O)c2cc[nH]n2)CC1
3807,1,638,5.0,151.6,5.386,5.517,CCC(C)C(=O)NCC(=O)N1CCCC(CNC(=O)c2cn[nH]c2)C1
3809,1,639,5.0,151.6,5.5,5.644,CSCC(=O)N1CCC(C(C)NC(=O)Cc2cn[nH]c2)CC1
3817,1,640,5.0,151.6,3.648,3.615,CCOCC(=O)N1CCC(C(C)NC(=O)Cc2cn[nH]c2)CC1
3826,1,641,5.0,151.6,4.225,3.764,CCSCC(=O)N1CCC(C(C)NC(=O)Cc2cn[nH]c2)CC1
3827,1,642,5.0,151.6,3.303,4.211,COC(C)C(=O)N1CCC(C(C)NC(=O)Cc2cn[nH]c2)CC1
3842,1,,,,4.479,4.443,O=C(CNC(=O)C1CCCN1)Nc1cnc2cccnn12
3863,1,601,5.0,151.6,4.175,3.914,COc1ccc2ncc(C(=O)NCC34CCC(CC3)N4)n2n1
3900,1,643,5.0,151.6,3.434,4.215,CSCC(=O)NCC(NC(=O)c1ccc2nccn2n1)C1CCC1
3919,1,,,,3.071,4.497,Cc1cn2nc(NC3CSC3)ccc2n1
4036,1,68,5.0,101.0,3.435,3.474,CN(C(=O)CC1CCCCN1)C(CC(N)=O)c1ccccc1
4080,1,,,,4.171,3.866,CC(=O)N(C)CCC(=O)NC1CC12CCN(C(=O)C1CSC1)CC2
4093,1,,,,4.508,4.051,c1c[nH]c(N2CCCCC2)n1
4095,1,644,5.0,151.6,4.415,3.899,CCC(C)C(=O)NCC(=O)N1CCCC(CNC(=O)c2ncc[nH]2)C1
4096,1,326,5.0,101.0,4.266,3.907,CCCC(C)CN(C)C(=O)C(=O)N1CCCC(c2ncc[nH]2)C1
4100,1,238,5.0,101.0,4.744,4.674,CC(=O)NC(C)C1CCN(C(=O)c2ncc[nH]2)CC1
4102,1,,,,3.228,3.83,CC(=O)NC(C)(C(=O)N1CCC(NC(=O)c2ncc[nH]2)CC1)C(C)C
4106,1,186,5.0,101.0,4.92,4.944,OC(c1ncc[nH]1)C1CCN(c2cncc3ncnn23)CC1
4118,1,,,,3.958,3.874,CC1CCCN(CC(=O)N(CCO)Cc2ncc[nH]2)C1
4120,1,105,5.0,101.0,4.268,4.08,O=C1CC(C(=O)N2CCCCC2c2ncc[nH]2)CC(=O)N1
4175,1,567,5.0,151.6,4.368,4.367,c1cc2c(c(-c3ncco3)c1)NCC2
4256,1,246,5.0,101.0,3.81,4.092,CC(NC(=O)C1CCc2ccccc2CC1)C1CC1
4291,1,645,5.0,151.6,5.058,5.76,CCC(=O)N1CCCCC1CCNC(=O)c1ccc2c(c1)NCC2
4528,1,,,,3.687,3.602,COC(C)(C)Cn1ccccc1=O
4545,1,,,,4.445,4.632,O=c1cccc(C2CCCCCN2)[nH]1
4546,1,,,,4.681,5.88,O=c1cccc(N2CCCNCC2)[nH]1
4560,1,308,5.0,101.0,3.645,3.391,COCCn1cc(C(=O)N(C)CC2CCNCC2)ccc1=O
4570,1,365,5.0,101.0,4.242,4.264,O=C(NCCCC1CCCN1)c1cc(Cl)[nH]c(=O)c1
4572,1,366,5.0,101.0,3.2,3.491,O=C(NCCCC1CCNCC1)c1cc(C2CC2)[nH]c(=O)c1
4586,1,217,5.0,101.0,3.616,3.537,O=C(NCCCC1CCCN1)c1ccc(=O)[nH]c1
4645,1,,,,3.584,3.634,CCC(=O)C12CC1CCCN2
4658,1,,,,3.782,3.98,CCC(=O)C12CCCNCC1C2
4665,1,,,,,,CCC(=O)C1CC2(CC2)CN1
4666,1,,,,4.579,4.449,CC(C=O)N1CCNCC1
4670,1,,,,,,CCC(=O)C1NCC2CC21
4684,1,,,,3.536,4.76,CCC(=O)N1C2CCC1CC(NC(=O)C13CCCN1CCC3)C2
4693,1,,,,3.567,3.4,C=C1CC(CCC=O)C1
4701,1,,,,5.47,5.473,CC(C=O)N1C2CCC1CC1(CC1)C2
4708,1,536,5.0,151.6,4.854,4.907,C=C1CCN(C(=O)CC)C1
4710,1,,,,4.474,3.891,O=CCCN1CCCC1
4724,1,,,,3.4,4.669,C=C1CCCN(CCC=O)C1
4732,1,,,,3.353,3.358,CCC(=O)C1=NCCC1
4746,1,31,5.0,27.2,3.166,3.797,c1cc(C2CCCN2)[nH]n1
4752,1,,,,4.186,3.688,c1n[nH]cc1C12CNCC1C2
4756,1,,,,3.518,3.4,c1cc(C2CCCNCC2)n[nH]1
4764,1,,,,3.149,4.307,c1cc(C2CCN2)n[nH]1
4766,1,,,,4.135,4.004,c1cnn(C2CCCNCC2)c1
4769,1,231,5.0,101.0,3.982,3.951,CC(C)(C(=O)O)n1ccc(NC(=O)CC2CSCCN2)n1
4774,1,,,,4.009,4.038,CC(C)(C(=O)O)n1ccc(NC(=O)C23CNCC2C3)n1
4781,1,225,5.0,101.0,4.7,4.399,C1=C(c2cc[nH]n2)CCC1
4801,1,71,5.0,101.0,4.776,4.523,C1=CC(n2cccn2)CCC1
4805,1,,,,3.929,4.019,c1n[nH]cc1C1CCCC1
4809,1,799,5.0,151.6,4.329,4.3,CC(CC1CCC1)(C(=O)O)n1cccn1
4812,1,358,5.0,101.0,3.798,3.211,C=C1CC(CC(=O)Nc2ccn(C(C)(C)C(=O)O)n2)C1
4820,1,53,5.0,27.2,4.494,3.895,CC(C)(C(=O)O)n1cc(NC(=O)COC2CCCC2)cn1
4928,1,646,5.0,151.6,3.819,3.453,CCSC(C(=O)N1CCC(CCNC(=O)c2cnc[nH]2)C1)C(C)C
5151,1,426,5.0,101.0,4.796,4.506,O=C(Nc1cncc(-c2nc3ccccc3s2)c1)c1cnc[nH]1
5168,1,5,5.0,24.5,4.098,4.09,C1CNCC(N2CCCC2)C1
5169,1,2,5.0,19.0,4.523,4.174,C1CC(N2CCNCC2)CCN1
5284,1,647,5.0,151.6,3.031,3.58,CN1N=CC(CC(=O)NCC2CCCCN2)C1=O
5288,1,619,5.0,151.6,3.823,3.848,CN1N=CC(CC(=O)OCC23CCCCN2CCCC3)C1=O
5289,1,458,5.0,101.0,4.239,3.898,O=C1CC(C(=O)NCCC2CCCN2)=NN1
5313,1,100,5.0,101.0,4.963,4.887,CC1=NNC(=O)C1CCNC(=O)C1CCCN1
5356,1,586,5.0,151.6,3.337,3.718,CC(C)S(=O)(=O)C1CCN(C(=O)CC2CCCN2)C1
5358,1,587,5.0,151.6,3.271,3.159,COC(C(=O)N1CCC(S(=O)(=O)C(C)C)C1)C1CCNCC1
5359,1,802,5.0,151.6,3.153,3.876,CC(C)S(=O)(=O)C1CCN(C(=O)C(=O)N(C)C2CCCCNC2)C1
5363,1,,,,3.828,3.595,C1CSCCC(C2CCCN2)C1
5378,1,,,,3.766,3.979,C1CNC(C2CCSCC2)C1
5393,1,,,,4.057,3.549,C1CNC(C2CCC3CC3CC2)C1
5394,1,,,,3.806,3.605,C1CC(N2CC3(CC3)C2)CN1
5396,1,,,,3.903,4.355,C=C1CN(C2CCNC2)C1
5397,1,,,,3.634,4.12,C1CCC(N2CCCC2)CC1
5401,1,,,,3.74,3.448,C1CNC(C2CCC3CC32)C1
5404,1,,,,3.849,3.858,C1CNC(C2CC3CC3C2)C1
5407,1,,,,3.396,4.617,C1CC(C2CC3CC3C2)CN1
5412,1,,,,,,C1CC(C2CCC3CC32)CN1
5444,1,,,,4.27,4.454,CC(NC=O)c1cnsc1
5452,1,533,5.0,151.6,3.863,3.757,O=C(NC(Cc1ccccc1)c1ncco1)N1CCC12CCOC2
5539,1,538,5.0,151.6,4.813,4.592,C=C1CC2CCC(C1)N2C(=O)NCC
5573,1,89,5.0,101.0,3.831,3.838,c1cc(-c2ccncc2)c2cn[nH]c2c1
5638,1,,,,4.877,4.722,CN(CCCn1nc(C#N)c2ccccc21)C1CCCCC1
5642,1,648,5.0,151.6,4.225,3.703,O=C(Cc1ccc2[nH]ncc2c1)NCC(CO)NC(=O)C1CCCC1
5645,1,204,5.0,101.0,4.309,4.107,O=C(OCc1ccc2cn[nH]c2c1)C1=CCCCC1
5648,1,226,5.0,101.0,3.327,3.367,O=C(OCc1ccc2cn[nH]c2c1)C1CC2(CC2)C1
5654,1,649,5.0,151.6,4.323,4.199,CC(NC(C(C)C)C1CCC1)c1cccc2cn[nH]c12
5666,1,553,5.0,151.6,4.58,5.317,CC(NC1CCN(C2CCC2)C1=O)c1ccc2[nH]ncc2c1
5691,1,477,5.0,151.6,4.243,4.454,CC(=O)NCC12CCC(CC1)N2
5945,1,,,,3.411,3.588,CSc1nnc(SC(C)C(=O)N2CCNCC2)s1
5948,1,,,,4.999,4.842,CC(SC1CCNCC1)C(=O)N1CCNCC1
5949,1,,,,4.853,4.657,CC(Sc1cccnn1)C(=O)N1CCNCC1
5954,1,199,5.0,101.0,4.355,4.114,CC(Sc1ccccn1)C(=O)N1CCCNCC1
5958,1,141,5.0,101.0,4.719,4.53,CC(=O)Nc1ccc(SC(C)C(=O)N2CCCNCC2)cc1
5959,1,142,5.0,101.0,5.388,5.577,CC(=O)Nc1ccc(SC(C)C(=O)N2CCNCC2)cc1
5962,1,,,,4.247,3.92,Cc1nnc(SC(C)C(=O)N2CCNCC2)o1
5967,1,143,5.0,101.0,2.85,3.883,CC(Sc1ccc(Cl)cc1)C(=O)N1CCCNCC1
5996,1,,,,4.525,4.13,CC(S)C(=O)N1CC2(CC2)C1
5997,1,,,,3.472,3.804,C=C1CCCN(C(=O)C(C)S)C1
6001,1,,,,3.712,4.091,CC(S)C(=O)N1CCC1
6003,1,,,,3.682,4.282,C=C1CCN(C(=O)C(C)S)CC1
6013,1,,,,4.278,4.318,CC(S)C(=O)N1CC=CCC1
6021,1,,,,4.472,4.069,CC(S)C(=O)N1CCC2CC21
6027,1,130,5.0,101.0,3.901,4.173,CC(Sc1nncs1)C(=O)N1CCC1
6034,1,288,5.0,101.0,4.496,4.501,CC(Sc1nnc(N)s1)C(=O)N1CCC1
6035,1,90,5.0,101.0,4.059,3.957,CC(Sc1nnc(N)s1)C(=O)N1CCCC1
6036,1,10,5.0,24.5,4.839,4.506,C=CCNc1nnc(SC(C)C(=O)N2CCCC2)s1
6038,1,,,,3.586,3.597,CC(Sc1nnc(N2CCOCC2)s1)C(=O)C1CCCCC1
6044,1,,,,3.852,3.86,c1ccc2c(c1)CC(C1CCCN1)N2
6050,1,,,,,,c1ccc2c(c1)NCC2C1CCCN1
6051,1,,,,4.672,4.587,c1ccc2c(c1)CC(C1CCCCN1)N2
6060,1,,,,4.553,4.533,O=C(Nc1ncc(C2CCCCN2)cn1)C1Cc2ccccc2N1
6064,1,427,5.0,101.0,3.948,3.841,CC(=O)N1c2ccccc2CC1C(=O)NC1CCCCNCC1
6066,1,428,5.0,101.0,3.515,3.566,CC(=O)N1c2ccccc2CC1C(=O)NC1CCCCNC1
6083,1,278,5.0,101.0,2.653,2.864,O=C(NCCCCCN1CCNCC1)N1CCc2ccccc21
6091,1,,,,4.026,4.074,C1=CCN(c2ccc3c(c2)NCC3)C1
6093,1,,,,5.022,5.296,c1ccc2c(c1)CC(C1CCCCC1)N2
6095,1,92,5.0,101.0,3.189,3.058,C1=C(c2ccc3c(c2)NCC3)CCCCC1
6100,1,,,,3.138,4.148,c1cc2c(c(N3CC4(CC4)C3)c1)CCN2
6106,1,,,,4.451,4.177,c1cc2c(cc1N1CC3(CC3)C1)CCN2
6108,1,,,,4.226,4.052,c1cc2c(c(N3CCCC3)c1)CCN2
6116,1,,,,,,c1ccc2c(c1)CC(C1CCCC1)N2
6122,1,,,,,,c1ccc2c(c1)NCC2C1CCC1
6123,1,,,,,,c1ccc2c(c1)NCC2C1CCCC1
6131,1,,,,4.075,4.236,O=C(NC12CCCC1CCC2)C1Cc2ccccc2N1
6132,1,329,5.0,101.0,2.441,3.534,C=C1CC(NC(=O)C2Cc3ccccc3N2)C1
6170,1,511,5.0,151.6,4.07,4.165,CCC(C)NC(=O)CN1CCN(C(=O)C2CCNCC2)CC1
6181,1,527,5.0,151.6,4.273,4.342,CCC(C)NC(=O)CN1CCN(C(=O)NC2CCNCC2)CC1
6187,1,509,5.0,151.6,3.064,3.675,CC(C)(C)CCN1CCN(CCC(=O)N2CCNCC2)CC1
6248,1,,,,,,c1cc(C2NCCCCS2)ccn1
6254,1,,,,3.767,3.64,c1cncc(N2CCNC3CC32)c1
6258,1,35,5.0,27.2,4.402,4.491,c1ccc(C2CCNCC2)nc1
6259,1,39,5.0,27.2,4.585,4.552,c1cncc(C2CCCCCN2)c1
6268,1,,,,4.108,3.825,c1ccc(C2CNCCS2)nc1
6276,1,,,,4.709,5.108,C1=CC(c2ccccn2)NC1
6280,1,,,,,,c1ccc(C2NCCS2)nc1
6282,1,63,5.0,122.1,3.776,3.846,C1=C(c2ccccn2)CNCC1
6286,1,,,,5.358,4.505,c1cc(C2CNCCS2)ccn1
6296,1,32,5.0,27.2,3.918,4.939,c1cn(C2CCCNC2)cn1
6343,1,650,5.0,151.6,4.455,4.441,CCCCC(C)NC(=O)C(CC(C)C)N1CCCCC1=O
6510,1,,,,,,C1Cc2nc(C3CCCN3)oc2C1
6528,1,,,,3.504,3.584,c1nc(C2CCNC2)co1
6603,1,803,5.0,151.6,4.347,4.381,CCCCC(=O)NCC1CCN(Cc2ccc3c(c2)OCCO3)CC1
6610,1,96,5.0,101.0,5.075,5.861,c1cc2c(cc1-c1csc(C3CCNCC3)n1)OCCCO2
6632,1,14,5.0,24.5,4.558,4.926,CC(C)C(NS(=O)(=O)c1ccc2c(c1)OCCCO2)C(=O)Nc1ccc(N2CCCCC2)cc1
6658,1,651,5.0,151.6,3.567,3.629,CSCCC(=O)NCC(O)CN(C)C(=O)CN1CCCCC1
6688,1,518,5.0,151.6,4.718,4.716,CC(C)CC(NC(=O)NCC(=O)N1CCCCC1)C(C)(C)C
6773,1,,,,,,c1ncc(C2CSCCN2)cn1
6812,1,72,5.0,101.0,2.882,3.56,c1cc(N2CCCC2)ncn1
7041,1,531,5.0,151.6,3.866,3.853,CSC=CC(=O)NCCC1CCNCC1
7045,1,506,5.0,151.6,3.715,3.73,CCCCCCC(=O)NCC(C)N1CCCCC1
7067,1,572,5.0,151.6,3.77,3.568,CC(CC1CCNCC1)NC(=O)CC(C)C(C)C
7092,1,125,5.0,101.0,2.709,2.979,O=C(c1cccc2[nH]ncc12)N1CCC(N2CCCC2)CC1
7104,1,652,5.0,151.6,4.109,4.12,CC(NC(=O)c1cccc2[nH]ncc12)C1CCCN(C(=O)C(F)F)C1
7115,1,653,5.0,151.6,4.097,3.632,CC(C#N)C(=O)N1CCCC(CNC(=O)c2cccc3[nH]ncc23)C1
7116,1,654,5.0,151.6,3.0,3.195,CC(C#N)C(=O)N1CCCC(CNC(=O)c2cccc3cn[nH]c23)C1
7132,1,556,5.0,151.6,3.701,3.466,CC(CC(=O)NC1CCCCNCC1)C(F)(F)F
7139,1,,,,4.711,4.685,CC(CC(=O)Nc1cc(C2CCNCC2)n[nH]1)C(F)(F)F
7140,1,554,5.0,151.6,3.692,3.774,CC(CC(=O)N(C1CC1)C1CCNC1)C(F)(F)F
7141,1,552,5.0,151.6,4.422,4.262,CC(CC(=O)NC1CCCC12CC2)C(F)(F)F
7147,1,655,5.0,151.6,3.201,3.023,CC(CC(=O)NC1(CNC(=O)C(O)C2CCC2)CC1)C(F)(F)F
7149,1,804,5.0,151.6,4.722,4.473,CC(CC(=O)NC1CCN(CCC2CCCC2)C1)C(F)(F)F
7155,1,656,5.0,151.6,4.65,4.42,CC(CC(=O)NC1CCN(C(=O)CC2CSC2)C1)C(F)(F)F
7163,1,805,5.0,151.6,4.517,4.271,CC(CC(=O)NC1CCN(CCCC2CCC2)C1)C(F)(F)F
7166,1,548,5.0,151.6,5.239,5.356,CC(CC(=O)NC1CCN(C(=O)C2CCCC2)C1)C(F)(F)F
7169,1,657,5.0,151.6,4.421,4.132,CC(CC(=O)NC1CCN(C(=O)C2=CCCC2)C1)C(F)(F)F
7170,1,658,5.0,151.6,4.102,3.785,CC(CC(=O)NC1CCN(C(=O)C2=CCCCCC2)C1)C(F)(F)F
7181,1,250,5.0,101.0,5.222,5.028,CC(CC(=O)Nc1ccn(C2CCCCC2)n1)C(F)(F)F
7182,1,252,5.0,101.0,4.513,5.105,Cc1cc(NC(=O)CC(C)C(F)(F)F)nn1C1CCCCC1
7185,1,249,5.0,101.0,4.808,4.513,CC(CC(=O)Nc1cc(Br)ccc1N1CCCC1)C(F)(F)F
7188,1,247,5.0,101.0,3.719,3.794,CC(CC(=O)Nc1cccc(C(=O)N2CCCC2)c1)C(F)(F)F
7211,1,,,,3.427,3.308,O=C(CCc1cncnc1)N1CCCC2(CCN(c3ccsc3)C2=O)C1
7229,1,,,,3.392,3.302,CCC(=O)NC1CC2CCC(C1)N2C(=O)CCc1ccncn1
7230,1,,,,4.612,3.901,CCC(=O)N1C2CCC1CC(NC(=O)CCc1cnccn1)C2
7393,1,,,,3.438,3.457,c1coc(C2CCCCCN2)n1
7417,1,413,5.0,101.0,4.098,4.16,Cc1oc(C2CNC2)nc1C(=O)NC(C)(C)CCCN(C)C
7419,1,83,5.0,101.0,4.478,4.571,CC(NC(=O)c1ncoc1C1CCCN1)c1ccncc1
7420,1,304,5.0,101.0,4.196,4.42,CCN(Cc1ccccn1)C(=O)c1cnc(C2CCNCC2)o1
7443,1,,,,3.7,4.111,c1coc(N2CCCC3(CC2)CC3)n1
7455,1,,,,4.924,5.079,c1ncc(C23CCC(CC2)CC3)o1
7461,1,659,5.0,151.6,3.82,3.974,CC(C)C(=O)NCCN(C(=O)c1cocn1)C1CCCC1
7466,1,660,5.0,151.6,4.412,4.357,COCc1nc(C(=O)NCC(NC(=O)C(C)C)C2CCC2)co1
7467,1,661,5.0,151.6,4.018,4.413,CC(C)C(=O)NC(CNC(=O)c1ncoc1C(C)C)C1CCC1
7469,1,662,5.0,151.6,4.104,3.801,CCOc1nc(C(=O)NC(CNC(=O)C(C)C)C2CCC2)co1
7479,1,,,,4.555,5.076,CC(C)c1ocnc1CNS(=O)(=O)N=S(C)(=O)C1CCCCC1
7492,1,,,,4.577,4.129,CCCC(CNN1CCCCC1)OC
7499,1,,,,4.581,4.438,COC(C)CNC1CCNCC1
7512,1,,,,4.145,4.278,CCOCC(C)NC1CCNCC1
7520,1,528,5.0,151.6,3.628,4.637,CCCC(C(=O)NC1CCNCC1)C(C)C
7524,1,476,5.0,151.6,3.953,3.984,CSC=CC(=O)NN1CCCCC1
7529,1,478,5.0,151.6,4.183,4.592,O=C(NN1CCCCC1)C(F)(F)Cl
7530,1,36,5.0,27.2,4.383,4.128,c1cncc(C2CCCNC2)c1
7587,1,7,5.0,24.5,3.319,4.041,CCCS(=O)(=O)NC1CCNC1
7592,1,486,5.0,151.6,4.078,4.494,CCCS(=O)(=O)NC1CCCNCC1
7596,1,8,5.0,24.5,3.742,3.735,CCCS(=O)(=O)NC1CCNCC1
7599,1,832,5.0,151.6,4.579,4.229,CCCS(=O)(=O)NC1CCC(=O)NC1C1CCNCC1
7605,1,522,5.0,151.6,5.006,4.898,CCCS(=O)(=O)NC1CCN(C(=O)CCC2CCCN2)CC1
7625,1,558,5.0,151.6,4.909,4.84,O=S(=O)(CCCC1CC1)N(C1CCNCC1)C1CC1
7634,1,469,5.0,151.6,4.662,4.576,CCCS(=O)(=O)NC1CC=CC1
7642,1,,,,4.537,4.379,NS(=O)(=O)CCCN1CCC2CC2C1
7644,1,475,5.0,151.6,3.809,3.93,CCCS(=O)(=O)NC1C=CCCC1
7653,1,472,5.0,151.6,4.013,4.156,CCCS(=O)(=O)NC1CC=CCC1
7655,1,581,5.0,151.6,4.821,4.592,CCCS(=O)(=O)NC1CC2(C1)N=N2
7660,1,473,5.0,151.6,4.475,4.415,CCCS(=O)(=O)NC1CCCSC1
7673,1,517,5.0,151.6,4.642,4.785,CCCS(=O)(=O)NC12CCC(CC1)C2
7674,1,,,,4.081,3.672,NS(=O)(=O)CCCN1CCC2CC21
7819,1,108,5.0,101.0,3.633,3.99,CCCN(CC(C)C)C(=O)Cn1cccn1
7825,1,189,5.0,101.0,5.352,4.994,C=CCN(C)C(=O)C(C)Cn1cccn1
7839,1,453,5.0,101.0,4.05,3.946,CC(C)CC(NC(=O)C=Cc1cn[nH]c1)C(F)(F)F
7845,1,287,5.0,101.0,2.94,3.47,CC(Cn1cccn1)C(=O)NCC=CCl
7891,1,806,5.0,151.6,,,CCCCC(C(N)=O)N1CCC1CN(C)C(=O)Cn1cccn1
8031,1,88,5.0,101.0,4.221,4.233,CC(C)(C#N)CNC(=O)c1ccccn1
8035,1,240,5.0,101.0,4.102,4.168,CCC(C)CCNC(=O)C(C)c1cccnc1
8041,1,565,5.0,151.6,4.129,4.157,CC(CC(F)(F)F)NC(=O)C(F)(F)c1ccncc1
8052,1,144,5.0,101.0,4.031,4.445,CC(C)(C)CC(NC(=O)c1ccccn1)C(F)(F)F
8054,1,205,5.0,101.0,4.67,4.319,CCCC(NC(=O)c1ccncc1)C(C)(C)C
8059,1,183,5.0,101.0,5.468,5.471,CSCCCCCNC(=O)c1ccncc1
8064,1,202,5.0,101.0,3.817,3.919,CC(C)C(SCC(C)(C)C)C(=O)NCc1cccnc1
8070,1,206,5.0,101.0,4.21,4.142,CCN(Cc1ccccn1)C(=O)CCCCC(C)C
8079,1,534,5.0,151.6,2.838,4.049,CCC(C)NC(=O)CN1CCN(C(=O)CC2CCCNC2)CC1
8131,1,,,,4.038,3.903,C#CCC(=O)C(O)C1CCNCC1
8132,1,,,,3.177,4.264,O=S(=O)(NCC1CCCCN1)C(F)(F)F
8142,1,,,,3.751,3.588,CC(=O)CC(O)C1CCCNC1
8144,1,,,,,,COC(OC)C(O)C(=O)C1CCCCN1
8145,1,,,,4.396,4.366,CC(C)(C)OC(=O)NC(C)(C#N)C1CCCCN1
8146,1,627,5.0,151.6,,,CCCN(CC)S(=O)(=O)NC(C)C1CCNCC1
8152,1,,,,3.835,3.915,CCOC(=O)C(O)CN1CCCCC1
8155,1,580,5.0,151.6,4.73,4.432,CC=CC=CCNS(=O)(=O)N1CCCCC1
8159,1,,,,4.785,4.373,CC(NS(=O)(=O)C(C)C)C1CCCNC1
8160,1,483,5.0,151.6,3.38,3.418,CC(C)CNS(=O)(=O)N1CCCCC1
8165,1,575,5.0,151.6,4.419,4.122,CCCCC(CC)CNC(=O)C(F)C1CCNCC1
8168,1,574,5.0,151.6,3.912,3.882,CCCCC(C)NC(=O)C(=O)N(CC)C1CCNCC1
8416,1,807,5.0,151.6,2.778,3.053,CC(CNC(=O)Cc1cnc[nH]1)N(C)C1CCN(C)C1=O
8425,1,589,5.0,151.6,4.559,4.587,CNCCC1CCCCN1C(=O)c1ccc2c(c1)NS(=O)(=O)C2
8426,1,625,5.0,151.6,4.904,4.727,O=C(NC1(C2CCCCN2)CC1)c1ccc2c(c1)NS(=O)(=O)C2
8437,1,663,5.0,151.6,4.053,3.719,N#CC1CCNCC1NC(=O)c1ccc2c(c1)NS(=O)(=O)C2
8445,1,592,5.0,151.6,3.895,3.447,CN1CCC(N(C)C(=O)c2ccc3c(c2)NS(=O)(=O)C3)CC1
8457,1,624,5.0,151.6,3.476,3.322,O=C(c1ccc2c(c1)NS(=O)(=O)C2)N1CCCCC1C(F)(F)CO
8468,1,543,5.0,151.6,4.345,5.054,COCCN1CCC(CNC(=O)c2ccnc3c2CC(=O)N3)CC1
8470,1,540,5.0,151.6,4.451,4.092,COCCN1CCC(NC(=O)c2ccnc3c2CC(=O)N3)CC1
8484,1,542,5.0,151.6,4.464,4.728,NC(=O)NCC1CCCCN1C(=O)c1ccnc2c1CC(=O)N2
8485,1,539,5.0,151.6,3.901,3.82,CCCN1CCC(NC(=O)c2ccnc3c2CC(=O)N3)CC1
8486,1,541,5.0,151.6,4.657,5.496,CCCN1CCC(CNC(=O)c2ccnc3c2CC(=O)N3)CC1
8502,1,464,5.0,151.6,4.273,4.517,COC(C)CNC1CCCN(C(=O)c2ccnc3c2CC(=O)N3)C1
8585,1,,,,4.853,5.894,O=C1CNC(C2CCCNC2)=N1
8604,1,664,5.0,151.6,3.697,3.741,CC(NC(=O)CC1CCC(=O)N1)C1CCN(c2ncccn2)CC1
8760,1,73,5.0,101.0,3.646,3.628,CC(C(=O)NO)n1cccn1
8808,1,849,5.0,151.6,4.873,4.91,CC(C)C(O)C(=O)NC1CCN(C(=O)c2cn3cccnc3n2)CC1
8841,1,,,,4.361,4.317,c1cc2c(s1)CN(C1CCCNC1)CC2
8846,1,,,,,,C1=C(N2CCCCC2)Cc2ccccc21
8853,1,,,,4.496,5.071,c1ccc2c(c1)CCCN2C1CCCNC1
8857,1,419,5.0,101.0,4.048,3.849,CC(NC(=O)CN1CCc2sccc2C1)C1CCNCC1
8861,1,,,,4.393,4.454,CC(NC(=O)CC1CCCc2ccccc21)C1CCN(C)CC1
8866,1,665,5.0,151.6,3.717,4.387,CCCCC(=O)NCC1CCN(C(=O)C2Cc3ccccc32)CC1
8874,1,357,5.0,101.0,4.291,4.619,CC(C)N(C(=O)C1CCc2ccccc2CC1)C1CCNCC1
8876,1,195,5.0,101.0,3.453,3.334,CC(CC(=O)N1CCCCCc2ccccc21)C1CCNCC1
8878,1,194,5.0,101.0,3.628,3.916,CC(CC(=O)N1CCc2ccccc2C1)C1CCNCC1
8882,1,808,5.0,151.6,4.06,4.51,CCCC(OC)C(=O)NCC1CCN(C2CCc3ccccc32)CC1
8889,1,,,,3.659,3.562,c1cc2c(cc1C1CCCNC1)SCCN2
8891,1,98,5.0,101.0,4.099,3.891,CCOC(=O)NC1CCCN(C(=O)c2ccc3c(c2)CCCN3)C1
8903,1,,,,,,O=C(CN1CCCCC1)c1ccc2c(c1)CCCN2
8906,1,214,5.0,101.0,3.738,4.142,CC1CCCCN1C(=O)NCc1ccc2c(c1)CCCN2
8912,1,,,,3.483,3.304,CC1(COc2ccc3c(c2)CCCN3)CCCCN1
8920,1,211,5.0,101.0,5.052,4.808,O=C(NCc1ccc2c(c1)CCCN2)NCC1CCCNC1
8923,1,429,5.0,101.0,4.636,4.121,CCSCC1CCN(C(=O)c2ccc3c(c2)CCCCN3)CC1
8929,1,389,5.0,101.0,4.094,4.308,O=C(Nc1ccc2c(c1)CCCN2)c1ncoc1C1CCCCN1
8952,1,399,5.0,101.0,4.156,4.192,CC(=O)NC(C)C1CCN(C(=O)c2csc3nnsc23)CC1
8973,1,666,5.0,151.6,4.87,4.28,CC(NC(=O)c1cnnc2ccccc12)C1CCCN(C(=O)C(F)F)C1
9079,1,119,5.0,101.0,4.39,4.34,CCCC(C)CC(=O)NCc1cccc2c1OCO2
9126,1,,,,2.951,3.789,O=C1CCCN1CCOCCCl
9132,1,,,,3.622,3.683,CC(CCl)C(=O)N(C)C1CCNC1=O
9170,1,576,5.0,151.6,3.233,3.193,O=C(NC1CCC(N2CCCC2=O)CC1)C(F)C1CCNCC1
9179,1,559,5.0,151.6,2.416,4.194,CN1CCC(NS(=O)(=O)C2CNC2)C1=O
9207,1,,,,4.601,4.708,O=C1CCC(C2CCCSC2)N1
9219,1,,,,3.218,3.998,O=C1CCC(C2CCSC2)N1
9322,1,667,5.0,151.6,3.72,3.257,CCc1cnc(CC(=O)NC(C)CNC(=O)c2cscn2)[nH]1
9352,1,,,,3.666,3.511,CC#CC(=O)C(C)(O)C1CCCN1
9362,1,865,5.0,151.6,3.638,3.769,CN(CCC(F)F)C(=O)C(=O)N(CC(F)F)C1CCNC1
9376,1,,,,3.099,3.055,CC(O)C(=O)C1CCCN1
9393,1,,,,4.421,4.386,CCCC(Br)CNS(=O)(=O)N1CCCC1
9522,1,,,,3.705,3.507,CC(Sc1nc2ccccc2c(=O)[nH]1)C(=O)N1CCC(c2ncc[nH]2)CC1
9529,1,668,5.0,151.6,4.011,3.899,CC(NC(=O)Cc1cn[nH]c1)C1CCN(C(=O)CO)CC1
9539,1,30,5.0,27.2,3.238,3.681,CCC(=O)c1ccccn1
9548,1,61,5.0,42.3,3.438,3.543,O=CCCc1cnoc1
9551,1,,,,2.675,3.39,O=CCCc1nc2c(s1)CCCC2
9559,1,,,,3.816,3.435,O=CCCn1cccn1
9566,1,669,5.0,151.6,3.551,3.378,CCC(COC)C(=O)NC1CN(C(=O)CCc2cncs2)C1
9575,1,124,5.0,101.0,4.715,4.788,CCC(=O)N1CCCC(C(=O)NNC(=O)c2ccccn2)C1
9590,1,362,5.0,101.0,4.257,3.773,CON(CCC(C)C)CC1CCc2nncn2C1
9783,1,535,5.0,151.6,5.398,5.514,N#CCC(=O)NC1CCCC2(CC2)C1
9801,1,521,5.0,151.6,4.293,4.185,C=CCN(CC(F)(F)F)C(=O)CCC1CCCN1
9817,1,468,5.0,151.6,3.94,4.045,C=CCNC(=O)CC1CCNC1
9822,1,620,5.0,151.6,3.995,3.535,CC(C)(C)SCCCNC(=O)N1CCCC1
9825,1,,,,,,CC(C)ON=C(N)N1CCCC1
9826,1,,,,4.583,4.658,C#CCNC(=O)C(C)N(C)C1CCNC1
9840,1,484,5.0,151.6,4.437,4.271,CCN(CC1CCCN1)C(=O)C(C)C
9904,1,,,,,,CC(CNC(=O)Cl)CN1CCCC1
9910,1,600,5.0,151.6,4.484,4.464,CC(CC(=O)NC(C)(C)CCN1CCCC1)C(F)(F)C(F)(F)F
9975,1,,,,2.955,3.756,CCC(=O)N1C2CCC1CC(NC(=O)CC1CCC(=O)N1)C2
9976,1,,,,4.304,3.969,CC(=O)NC1CC2CCC(C1)N2C(=O)CCC1CCCC(=O)N1
9982,1,670,5.0,151.6,3.525,3.211,O=C1CCC(CCC(=O)N2CCN(C(=O)CCF)CC2)N1
9987,1,547,5.0,151.6,3.584,3.771,CC(C(=O)N1CCC(OCCCN(C)C)CC1)C1CCC(=O)N1
10158,1,,,,4.348,4.492,O=C1NCC(C2CC3CC3C2)N1
10215,1,671,5.0,151.6,3.376,3.569,CC(CNC(=O)C12CCCCN1CCC2)NC(=O)C1CNC(=O)N1
10284,1,672,5.0,151.6,4.813,4.57,CN(CCNC(=O)Cn1cccn1)C(=O)c1cccnc1
10320,1,,,,4.165,4.266,FC(c1ccc2nncn2c1)C1CCCN1
10333,1,338,5.0,101.0,3.835,3.597,CC(C)C(NC(=O)CC1CCCCN1)c1nnc2ccccn12
10335,1,430,5.0,101.0,3.811,3.794,CN(Cc1nnc2ccccn12)C(=O)NCC1CCCCN1
10379,1,192,5.0,101.0,4.012,3.971,CC(C(=O)Nc1ccc2nnc(C3CCC3)n2c1)n1cccc1
10400,1,,,,3.346,4.482,O=C1CCCCC1C1Cc2ccccc2N1
10419,1,,,,,,O=C1CSC(N2CCc3ccc(Br)cc32)=N1
10439,1,573,5.0,151.6,3.305,3.213,O=C(NC12CCCC(C1)OC2)C(=O)N1CCc2c(F)cccc21
10519,1,848,5.0,151.6,,,CC(C)C(O)CC(=O)NC(CO)C(C)NC(=O)c1cnc[nH]1
10527,1,107,5.0,101.0,3.38,2.796,CC(Sc1nnc(SCC(N)=O)s1)C(=O)N1CCOCC1
10535,1,175,5.0,101.0,3.931,4.354,CNC(=O)C1CCCN1C(=O)C(C)Sc1ccccn1
10549,1,40,5.0,27.2,5.509,5.416,CC(Sc1ncccc1C(=O)NCC(C)(C)C)C(=O)N1CCCC1
10551,1,673,5.0,151.6,4.759,4.357,CCC(=O)NCC1CCCN1C(=O)C(C)Sc1ccccn1
10567,1,177,5.0,101.0,4.018,4.428,CC(=O)NCC1CCCN(C(=O)C(C)Sc2ccccn2)C1
10571,1,174,5.0,101.0,4.211,3.75,CC(=O)NCC1CCN(C(=O)C(C)Sc2ccccn2)CC1
10574,1,,,,3.788,3.797,CC(Sc1nc2ncccn2n1)C(=O)N1CCC(C(N)=O)CC1
10575,1,222,5.0,101.0,5.449,5.448,CC(CNC(=O)CC(C)N1CCc2ccccc21)CC(F)(F)F
10627,1,75,5.0,101.0,4.552,4.295,CCC(C)C(=O)CSc1ncco1
10634,1,,,,,,CC(C)(C)C#CCC(=O)c1cnco1
10650,1,,,,,,CC=C(CC)C(=O)c1ncco1
10681,1,118,5.0,101.0,4.551,4.287,CC(=O)N1CCN(C(=O)NCCc2ccncc2)CC12CCCCC2
10683,1,117,5.0,101.0,3.842,3.512,CC(=O)N1CCN(C(=O)NCCc2cccs2)CC12CCCCC2
10686,1,47,5.0,27.2,4.652,4.847,CC(=O)N1CCN(C(=O)NCCc2cscn2)CC12CCCCC2
10690,1,674,5.0,151.6,3.649,3.38,CCCC(=O)N1CCC(C(C)NC(=O)C23CCC(CC2)OC3)CC1
10704,1,46,5.0,27.2,3.696,4.091,CC(=O)c1ccc(C(=O)NC(C)C2CC2)s1
10783,1,675,5.0,151.6,4.229,4.114,CCC(=O)N1C2CCC1CC(CCNC(=O)CCC(CC)CC)C2
10784,1,676,5.0,151.6,4.476,4.549,CCC(=O)N1C2CCC1CC(CCNC(=O)C(C)(C)SC)C2
10821,1,677,5.0,151.6,4.783,4.727,CC(C)SC(C)C(=O)NCCC1COCCN1C(=O)CCC1CC1
10829,1,678,5.0,151.6,4.675,4.934,CSC(C)CC(=O)NCCC1CCCN(C(=O)CCC2CC2)C1
10831,1,514,5.0,151.6,4.82,4.073,CC(=O)NCCC1CCCN(C(=O)CCC2CC2)C1
10832,1,838,5.0,151.6,3.676,3.99,CCC(=O)N1C2CCC1CC(CNC(=O)CC(C)CC)C2
10845,1,841,5.0,151.6,3.925,3.937,CCC(=O)N1C2CCC1CC(CNC(=O)C(C)(C)CC)C2
10847,1,860,5.0,151.6,4.095,3.963,CCC(=O)N1C2CCC1CC(CNC(=O)CC(CC)C(C)C)C2
10854,1,853,5.0,151.6,4.728,4.409,CCC(=O)N1C2CCC1CC(CNC(=O)C(F)(F)CC)C2
10869,1,852,5.0,151.6,5.117,5.61,CCC(=O)NCC1CC2CCC(C1)N2C(=O)CCC1CCCO1
10874,1,459,5.0,101.0,2.555,3.746,CC(=O)NCC1CC2CCC(C1)N2C(=O)C(C)c1ccccn1
11116,1,481,5.0,151.6,4.159,4.022,CS(C)(=O)=NCC(=O)N1CC(CNC(=O)CCn2cccn2)C1
11184,1,,,,4.463,4.63,C=CCCCCCC(=O)c1ccccn1
11204,1,86,5.0,101.0,3.685,3.726,CCN(C(=O)C(C)C)c1ccncc1
11207,1,,,,4.471,3.788,CC(Cl)C(=O)N(C)c1ccncc1
11209,1,74,5.0,101.0,3.837,4.022,CON(C)CCc1ccccn1
11213,1,,,,4.619,4.604,CC(=O)C(Cc1ccncc1)C(C)C
11216,1,,,,4.182,3.863,CC(C)SCC(=O)c1cccnc1
11231,1,,,,4.063,4.079,CCC(C)CC(=O)Cc1ccccn1
11248,1,423,5.0,101.0,3.312,3.874,O=C(NCC1(c2ccccn2)CC1)c1cnnc2ccccc12
11486,1,,,,3.36,4.433,C1CC(c2nc3n(n2)CCS3)CN1
11605,1,331,5.0,101.0,4.217,4.424,CC(C)CCOCC1CCN(C(=O)CCc2ccn[nH]2)CC1
11631,1,679,5.0,151.6,4.308,3.694,CCC(COC)C(=O)NC1CCN(C(=O)CCc2cn[nH]c2)C1
11833,1,680,5.0,151.6,5.458,5.561,Cc1cc(C(=O)NC(C)CNC(=O)C2CCNC(=O)CC2)no1
11851,1,,,,4.027,3.576,CCC(CNC(=O)c1cc(C)on1)NCC1CCNC(=O)CC1
11982,1,,,,3.646,3.789,COc1ccc(-c2ccc3c(c2)NC(=O)COC3)nc1
11987,1,681,5.0,151.6,4.525,4.353,COCc1ccnc(NC(=O)c2ccc3c(c2)NS(=O)(=O)C3)c1
11989,1,,,,4.363,3.885,NC(=O)c1ccc(NC(=O)c2ccc3c(c2)NS(=O)(=O)C3)nc1
12012,1,682,5.0,151.6,4.886,5.494,CC(OC(=O)c1ccc2c(c1)NS(=O)(=O)C2)c1cccnc1
12016,1,598,5.0,151.6,3.282,3.264,CC(Cc1ccccn1)NC(=O)c1ccc2c(c1)NS(=O)(=O)C2
12023,1,,,,4.152,4.034,CC(C)(C)c1cncc(COC(=O)c2ccnc3c2CC(=O)N3)c1
12140,1,683,5.0,151.6,5.225,4.719,COC(=O)C(NC(=O)C1CNC(=O)N1C)c1cccnc1
12144,1,501,5.0,151.6,4.186,4.449,CCN(CCNC(=O)C1CNC(=O)N1)C(=O)CCc1cnoc1
12270,1,684,5.0,151.6,2.961,3.747,COC1(C(=O)NCCC(C)NC(=O)Cc2cnoc2)CCOC1
12320,1,,,,4.383,4.106,CCCS(=O)(=O)Nc1ccsn1
12352,1,398,5.0,101.0,3.78,4.393,CCCS(=O)(=O)NC1CCN(C(=O)C(F)n2cccn2)CC1
12356,1,274,5.0,101.0,3.268,4.322,CCCS(=O)(=O)NC1CCN(C(=O)C(C)(C)c2nccs2)CC1
12390,1,431,5.0,101.0,4.584,4.552,CCCN(C(=O)Nc1cc(C)ccn1)C1CCc2ccccc2C1
12392,1,80,5.0,101.0,4.796,4.567,Cc1ccnc(NC(=O)NCC(C)N2CCc3ccccc3C2)c1
12403,1,41,5.0,27.2,2.701,3.025,CC(CNC(=O)Nc1nnc(-c2ccccn2)s1)N1CCc2sccc2C1
12411,1,,,,3.875,3.755,c1ccc(-c2nnc(NC3CCc4ccccc4C3)s2)nc1
12436,1,,,,4.129,4.124,CC(c1ccncc1)N(C)S(=O)(=O)c1cccc2c1CCN2
12439,1,384,5.0,101.0,4.316,3.896,CNC(=O)c1cc(NCc2cccc3c2CCCN3)ccn1
12499,1,372,5.0,101.0,4.807,4.818,O=C(c1cccc2c1CCCN2)N1CCCC(c2ccncc2)C1
12512,1,685,5.0,151.6,3.743,4.695,CCC(=O)N1CCCC(CN(C)C(=O)c2ccc3c(c2)NCC3)C1
12945,1,551,5.0,151.6,4.171,4.143,OCCCNc1cc(NCc2ccccn2)ncn1
12946,1,432,5.0,101.0,4.012,4.073,OC(CCNc1ccnc(-c2ccccn2)n1)c1ccccc1
12979,1,151,5.0,101.0,4.644,4.699,CC(C)c1nccc(NCC(CO)c2cccnc2)n1
13045,1,809,5.0,151.6,4.469,3.82,CC(CC(=O)NC1CCN(CC(=O)Nc2ccon2)C1)C(F)(F)F
13067,1,810,5.0,151.6,4.128,3.763,CC(CC(=O)NC1CCN(Cc2ccns2)C1)C(F)(F)F
13230,1,,,,4.718,5.22,CC(=O)N(C)CCC(=O)NC1(CN(C)C(=O)C(C)C(F)F)CC1
13262,1,,,,3.618,4.086,CC(NC(=O)CC1CCNC1=O)C1CCN(c2ncccn2)CC1
13570,1,,,,5.091,4.744,CC(C)(C)CCC(=O)c1cncnc1
13612,1,149,5.0,101.0,5.502,5.523,CC(Sc1ccccn1)C(=O)N1CCOCC2(CC2)C1
13618,1,311,5.0,101.0,4.356,4.065,CC(Sc1ccccn1)C(=O)N1c2ccncc2CC1C
13624,1,176,5.0,101.0,3.921,4.14,CCC1C(=O)NCCN1C(=O)C(C)Sc1ccccn1
13629,1,408,5.0,101.0,3.423,4.03,CC(Sc1ccccn1)C(=O)N1CCCCc2c(O)cccc21
13635,1,26,5.0,24.5,3.404,3.526,COCC1CCCN1C(=O)C(C)Sc1ccccn1
13636,1,178,5.0,101.0,4.081,4.446,COCC1CN(C(=O)C(C)Sc2ccccn2)CCO1
13648,1,433,5.0,101.0,3.333,4.34,CC(Sc1nnc(-c2ccncc2)[nH]1)C(=O)c1ccco1
13655,1,341,5.0,101.0,4.438,4.008,CC(Sc1ccccn1)C(=O)N1CC2(CC2)CO1
13661,1,170,5.0,101.0,3.901,3.699,CC(Sc1ccccn1)C(=O)N1CCCC1c1nccs1
13681,1,20,5.0,24.5,4.493,4.336,CCN1CCN(C(=O)C(C)Sc2nccs2)CC1
13816,1,602,5.0,151.6,4.22,3.903,CCC(=O)N1CCC(C(=O)NC2CNCCc3ccccc32)C1
13838,1,420,5.0,101.0,5.247,5.296,CC(NC(=O)CC1NCc2ccccc21)C1CCNCC1
13863,1,,,,3.165,4.176,O=C(NC(CO)CN1CCCCC1)C1CNCc2ccccc21
13878,1,229,5.0,101.0,2.924,4.552,COCCN1CCCC(NC(=O)CC2NCc3ccccc32)C1
13918,1,228,5.0,101.0,4.664,4.296,CN1C(=O)CCC1C(=O)OCC(C)(C)n1cccn1
14060,1,686,5.0,151.6,3.822,4.654,CN(CCNC(=O)CC1CCC(=O)N1)C(=O)c1cccnc1
14073,1,276,5.0,101.0,4.683,5.452,CN(C)c1ccc(NC(=O)NCCCC2C=NNC2=O)nc1
14078,1,,,,3.943,4.022,COc1ccc(CCN(C)C(=O)C2CCCC(=O)N2)cn1
14093,1,,,,4.146,4.367,O=C1CCCCC(c2ccncc2)C1
14131,1,687,5.0,151.6,4.025,4.144,CC(CC(=O)NC1CCN(C(=O)c2cocn2)C1)C(F)(F)F
14132,1,842,5.0,151.6,4.715,4.59,CC(CC(=O)NC1CC2CCC1N2C(=O)c1ccccn1)C(F)(F)F
14136,1,855,5.0,151.6,4.158,4.049,CC(CC(=O)NC1CC2CCC1N2C(=O)c1cccnc1)C(F)(F)F
14499,1,,,,,,c1ccc2c(c1)CC(c1cnsc1)N2
14594,1,127,5.0,101.0,3.284,3.398,CC(CO)(CO)NC(=O)Nc1ccnc(OC2CCCCC2)c1
14605,1,,,,4.331,4.351,CC(CO)(CO)NC(=O)Nc1ccccc1OC1CCCC1
14701,1,688,5.0,151.6,4.504,4.181,CCC(C)(O)C(=O)N(C)CC1CCCN1C(=O)CN1CSCC1=O
14773,1,,,,3.805,3.662,O=C1CCOC1c1ccncc1
14910,1,607,5.0,151.6,3.707,4.264,O=C1CSC(C(=O)N2CCN(CCOCCO)CC2)C1
14936,1,,,,3.953,4.097,CCC(=O)N1C2CCC1CC(NC(=O)CC(C)C(C)C)C2
14951,1,,,,4.258,4.374,CC(=O)NC1CC2CCC(C1)N2C(=O)CCc1ccc(=O)[nH]c1
15029,1,355,5.0,101.0,,,CC(CC(=O)NS(=O)(=O)c1ccccn1)C(F)(F)C(F)(F)F
15036,1,78,5.0,101.0,4.55,4.757,N#CCCNS(=O)(=O)c1cccnc1
15051,1,,,,2.717,3.702,CC(O)(C(=O)C(F)F)c1ccccn1
15052,1,,,,4.243,4.107,CC(O)(C=O)C(=O)c1cccnc1
15053,1,171,5.0,101.0,4.142,4.196,CCC(NS(=O)(=O)CCCCCC(=O)OC)c1ccncc1
15058,1,256,5.0,101.0,4.669,4.782,CN(CC#N)C(=O)OCc1ccccn1
15060,1,84,5.0,101.0,3.559,3.593,CCOC(=O)N(C)Cc1ccncc1
15069,1,,,,4.113,3.867,CCCN(O)C(=O)c1ccccn1
15184,1,,,,4.209,4.011,c1cnn(-c2ccc3c(n2)CCC3)c1
15324,1,244,5.0,101.0,3.303,4.401,c1ccc(N2CCC(NCc3cccc4[nH]ncc34)C2)nc1
15351,1,689,5.0,151.6,4.855,4.468,CSCC(=O)N1CC(NC(=O)CC(C)C(F)(F)F)CC12CCC2
15352,1,690,5.0,151.6,3.092,4.436,CC(CC(=O)NC1CC2(C1)CN(C(=O)C(C)(F)F)C2)C(F)(F)F
15369,1,545,5.0,151.6,2.433,3.038,COCCN1CCC(NC(=O)CC(C)C(F)(F)F)C1
15402,1,,,,5.163,5.276,CC1CN(C(=O)CC(C)(C)C#N)CC1NC(=O)CC(C)C(F)(F)F
15471,1,594,5.0,151.6,4.626,4.4,O=C(c1ccc2c(c1)NS(=O)(=O)C2)N1CCCC1CCCO
15476,1,597,5.0,151.6,3.723,4.706,CC(=O)NC1CCN(C(=O)c2ccc3c(c2)NS(=O)(=O)C3)C1
15494,1,,,,4.107,4.166,CC(F)(F)C1CCCN1C(=O)c1ccc2c(c1)NS(=O)(=O)C2
15654,1,,,,4.142,4.178,CC(O)Cc1cn(CCNC(=O)c2cccc3cn[nH]c23)nn1
15735,1,,,,2.613,3.976,O=C(COc1ccc(F)cn1)Nc1cn2cccnc2n1
15823,1,,,,3.518,3.783,O=C1NCCCC1C1CCCC1
15985,1,691,5.0,151.6,4.131,3.941,CC(C)CCC(=O)NC(CO)CNC(=O)C(C)n1ccnc1
15998,1,22,5.0,24.5,4.493,5.226,CCCC(=CC(=O)Nc1cccnc1)CCC
16329,1,692,5.0,151.6,3.989,4.202,CCC(C(=O)N1CC(C(C)NC(=O)c2cc[nH]n2)C1)N(CC)CC
16352,1,693,5.0,151.6,4.176,4.57,CCN(C(=O)c1cc[nH]n1)C1CCN(C(=O)C(C)COC)C1
16361,1,434,5.0,101.0,5.421,5.385,O=C(NCCc1cc[nH]n1)c1ccnc(-n2ccnc2)c1
16370,1,694,5.0,151.6,4.784,4.85,CCC(C(=O)N1CCC(CCNC(=O)c2cn[nH]c2)C1)N(CC)CC
16455,1,,,,4.635,4.427,CCC(Br)C(=O)N(C)CCn1cccn1
16512,1,695,5.0,151.6,3.374,3.428,CN(C(=O)c1cccnc1)C(CNC(=O)Cc1cncnc1)C1CC1
16607,1,,,,4.475,4.189,CN(C(=O)c1cc(-c2ccncc2)on1)C1CCCSC1
16616,1,,,,4.085,4.045,Cc1cc(COCC(=O)NCC(C)CNC(=O)c2ccncc2)on1
16768,1,696,5.0,151.6,3.644,3.829,CN(CC1CCN(C(=O)CCCF)C1)C(=O)C(C)(C)c1ccns1
16798,1,697,5.0,151.6,3.17,4.541,CC[S+]([O-])CC(=O)NCc1ccc(CN(C)C(=O)C(C)C)cc1
16846,1,698,5.0,151.6,3.283,4.905,COCc1nc(C(=O)NCC(C)CNC(=O)c2cnc[nH]2)co1
16890,1,59,5.0,41.5,4.17,3.76,CN(Cc1nnc2ccccn12)C(=O)NCc1cncs1
16894,1,460,5.0,101.0,4.562,4.499,CCC(NC(=O)c1nnc2ccc(Br)cn12)c1ccccn1
17086,1,699,5.0,151.6,4.461,4.454,CC(CNC(=O)c1cn[nH]c1)NC(=O)C1CCCN1c1ncccn1
17161,1,,,,3.387,3.312,Cc1cn2nc(N3CCC(c4cccnc4)CC3)ccc2n1
17612,1,,,,3.866,3.82,CC(C=O)n1cnc2c1CCCC2
17664,1,700,5.0,151.6,3.771,3.824,CC(=O)N(C)C1CC2CCC(C1)N2C(=O)CCc1c[nH]cn1
17682,1,701,5.0,151.6,5.578,5.576,CCC(C)CC(=O)N1CCCN(C(=O)CCc2c[nH]cn2)CC1
17883,1,421,5.0,101.0,4.305,3.866,CC(=O)N1c2ccccc2CC1C(=O)NC1CCCNC1
17988,1,219,5.0,101.0,4.557,4.812,O=C(NCCc1ccc2cn[nH]c2c1)c1cn2c(n1)CCC2
18032,1,93,5.0,101.0,4.256,4.14,O=C(NCc1cnc[nH]1)c1ccc2[nH]ncc2c1
18114,1,69,5.0,101.0,4.068,3.969,Cn1ccnc1-c1noc(-c2cnc3ccoc3c2)n1
18151,1,154,5.0,101.0,4.447,4.317,CCCS(=O)(=O)Nc1cccc(NC(=O)c2cn[nH]c2)c1
18173,1,,,,4.608,4.114,CC(C)CCCC(=O)c1cn[nH]c1
18178,1,,,,4.428,4.46,CCC(C)(C)CCC(=O)c1cn[nH]c1
18185,1,70,5.0,101.0,3.827,3.856,COCCC(C)n1cccn1
18433,1,702,5.0,151.6,4.977,5.026,CCC(=O)N1CCC2(CC1)CC2NC(=O)c1cccc2cn[nH]c12
18489,1,13,5.0,24.5,4.757,4.174,O=C(CSc1nc2ccccc2s1)N1CCN(c2ccccn2)CC1
18492,1,134,5.0,101.0,4.097,4.056,O=C(CCNc1nc2ccccc2s1)N1CCN(c2ccccn2)CC1
18925,1,,,,,,O=Cc1ccc2c(c1)NC(=O)C2=O
18941,1,,,,3.096,3.623,COCc1cccc2c1NC(=O)C2=O
18943,1,,,,4.553,4.689,O=CCCN1C(=O)C(=O)c2ccccc21
19827,1,811,5.0,151.6,4.516,4.261,CC(CCC(C)(C)C)C(=O)NCC1CN(CC(=O)N(C)C)CCO1
19998,1,,,,3.743,3.691,CC(C)(C#N)CN1C(=O)CN(CC(C)(C)c2ccccn2)C1=O
20058,1,,,,3.234,4.156,CCCNC(=O)c1ccc2c(c1)S(=O)(=O)N=C(C)N2CC(C)C
20070,1,,,,4.59,4.52,CCCC(NC(=O)OC(C)(C)C)C1CCNC(=O)C1
20105,1,609,5.0,151.6,3.434,3.908,C=CCCCCC(C)NC(=O)C(=O)N(C)C1CCC(=O)NC1
20140,1,410,5.0,101.0,4.385,4.089,CC(C)S(=O)(=O)C1CCN(C(=O)CC2=Cc3ccccc3C2)C1
20144,1,197,5.0,101.0,4.096,3.931,O=C(COC1CCCc2ccccc21)N1CCCC1
20145,1,82,5.0,101.0,3.203,4.146,O=C(COC1CCCc2ccccc21)N1CCC(C(F)(F)F)C1
20148,1,859,5.0,151.6,3.947,3.775,O=C(CN1CCc2sccc2C1)NCCC1CCCN1C(=O)CO
20158,1,703,5.0,151.6,4.779,4.615,O=C(NCC1CCN(C(=O)CO)C1)C1CCc2ccccc21
20308,1,173,5.0,101.0,3.862,3.603,CC(OC(=O)c1cc(C2CC2)[nH]c(=O)c1)c1cnccn1
20634,1,11,5.0,24.5,3.762,4.277,O=C(COC(=O)Cn1cc(C(F)(F)F)ccc1=O)NCCC1=CCCCC1
20648,1,846,5.0,151.6,3.661,4.395,CCNC(=O)C1CCC(n2cc(CCNC(C)=O)nn2)CC1
20719,1,198,5.0,101.0,4.341,4.306,c1ccc(-c2nnc(NCc3ccc4cccnc4c3)s2)nc1
20907,1,,,,4.97,4.418,CN(CCNC(=O)Cc1cnns1)C(=O)c1cnccc1N
20940,1,85,5.0,101.0,3.668,3.8,CC#CCCNC(=O)C1CCC(=O)N1
20946,1,,,,4.151,4.032,CC=CC(C)NC(=O)C1CNC(=O)C1
20947,1,,,,4.624,4.551,CCC(Cl)C(=O)NCC1CCC(=O)N1
20970,1,837,5.0,151.6,3.91,3.777,CC(C)CC(NC(=O)C1CNC(=O)C1)C(F)(F)F
21032,1,840,5.0,151.6,4.028,4.248,COC(=O)NCC(=O)NCC(C)NC(=O)C1CCCC(=O)N1
21077,1,,,,3.896,4.074,O=C(C(O)C1CCOCC1)N1CCCC1c1ccn[nH]1
21083,1,502,5.0,151.6,3.816,3.888,O=C(NCC1CCN(C(=O)CO)C1)c1n[nH]c2c1CCCCC2
21087,1,325,5.0,101.0,4.297,4.536,O=C(COC1CCCC1)N1CCC(c2ccn[nH]2)C1
21091,1,400,5.0,101.0,4.2,4.103,O=C(C1CCC(=C(F)F)CC1)N1CCCC1c1cn[nH]c1
21158,1,857,5.0,151.6,3.681,4.255,CCN(C(=O)c1ccn(C)c(=O)c1)C(C)CNC(=O)c1ccccn1
21167,1,704,5.0,151.6,3.609,4.713,CC(CNC(=O)c1ccncc1)NC(=O)CCn1ccccc1=O
21168,1,705,5.0,151.6,4.582,4.333,CC(CNC(=O)c1cccnc1)NC(=O)CCn1ccccc1=O
21294,1,424,5.0,101.0,3.534,4.179,O=C(NCc1nnc2ccc(Cl)cn12)c1nsc2ccccc12
21569,1,,,,4.195,4.195,C#CC(C)C(=O)C(O)c1ccncn1
21624,1,706,5.0,151.6,4.763,4.761,CC(C)C(=O)N(C)C1CC2CCC(C1)N2C(=O)CCC1CC1
21631,1,286,5.0,101.0,4.683,4.516,O=C(CCn1ccnc1)N1C2CCC1CC(CCF)C2
21997,1,,,,4.05,3.892,CCC(=O)N1C2CCC1CC(NC(=O)CSCc1ncc[nH]1)C2
22011,1,,,,3.47,4.444,CC(CF)C(=O)NCC1CCCN1C(=O)CCc1ncc[nH]1
22036,1,707,5.0,151.6,3.68,4.215,CCCC(C)CC(=O)N1CCCN(C(=O)CCc2ncc[nH]2)CC1
22039,1,708,5.0,151.6,3.306,4.169,O=C(CC(F)F)NCC1CCCN1C(=O)CCc1ncc[nH]1
22202,1,,,,3.964,3.836,CC(NC(=O)N1CC2CCC2C1)c1cnccn1
22220,1,262,5.0,101.0,3.585,3.673,CC(C1CC1)N(C(=O)c1cnccn1)c1ccccc1
22223,1,135,5.0,101.0,5.16,5.382,CC(NC(=O)c1cnccn1)C1(S(C)(=O)=O)CC1
22252,1,,,,4.944,4.943,CCC(=O)NC(C)C(=O)N1CCCC1CNC(=O)Cc1ncc[nH]1
22516,1,264,5.0,101.0,3.351,3.717,CC(C)CC(C(=O)NC1CNC(=O)C1)n1ccnc1
22809,1,,,,4.092,3.983,CCCC(=O)Nc1cnn(CCN2CCCC2=O)c1
22847,1,455,5.0,101.0,3.404,3.907,O=C1CSCC(C(=O)Nc2cnn(C3CCCC3)c2)N1
23130,1,544,5.0,151.6,4.931,5.166,CCC(=O)Nc1ccc(NC(=O)CC(C)C(F)(F)F)cc1C
23295,1,220,5.0,101.0,4.128,4.239,CC(CC(F)(F)F)NC(=O)c1cnc2cccnn12
23517,1,396,5.0,101.0,4.334,4.401,O=C(NC1CC(n2ccnc2)C1)c1cnc2ncccn12
23812,1,,,,4.361,4.478,CCC(CCCl)CNC(=O)C1CCCOC1
24158,1,393,5.0,101.0,3.775,3.621,COC(CN(C)c1cccc2nncn12)C(C)C
24648,1,,,,4.074,3.942,NCc1nc[nH]c1C(=O)Nc1cccc2cn[nH]c12
24830,1,,,,4.395,4.175,CC(C)N(CCNC(=O)CNS(N)(=O)=O)C(=O)c1cccnc1
25127,1,709,5.0,151.6,4.115,3.989,CC(C)C(CNC(=O)c1cn(C(C)C)cn1)NC(=O)c1cc[nH]n1
25347,1,147,5.0,101.0,3.929,3.822,CC(=O)Nc1ccc(C(=O)NC(C)C2CC2)nc1
25407,1,243,5.0,101.0,4.662,4.251,CCCS(=O)(=O)Nc1cccc(C(=O)N(C)Cc2ncon2)c1
25702,1,831,5.0,151.6,4.398,4.611,CCC(CNC(=O)C1CC1C1CCOCC1)NC(=O)c1cnccn1
25770,1,,,,4.373,4.89,C=C(CC)CC(=O)CC1CCCN1
25792,1,,,,3.994,4.083,CC(CC(C)(F)C1CCNC1)C(C)(C)C
26238,1,529,5.0,151.6,4.105,3.999,CCCC(C(=O)NC1CCNC1)C(C)C
26549,1,584,5.0,151.6,3.383,4.252,CN(C(=O)COC1CCNCC1)C1CCCNC1=O
26592,1,166,5.0,101.0,5.027,5.246,CC(COCc1ccccc1)NC(=O)c1ccccn1
26601,1,101,5.0,101.0,4.226,4.778,COCC(C)NC(=O)c1c(-c2ccncc2)noc1C
27042,1,833,5.0,151.6,3.247,3.628,O=C1NCC(COC(=O)c2ccccc2N2CCCCC2=O)N1
27143,1,158,5.0,101.0,4.018,3.91,c1cc(NCCCOC2CCOC2)nc(N2CCCCC2)n1
27189,1,,,,4.874,4.568,O=C(OC(c1nc2ccccc2o1)C(F)(F)F)C1CCCS1(=O)=O
27254,1,710,5.0,151.6,4.236,4.296,CC(CNC(=O)CC1CCC(=O)N1)CNC(=O)c1nocc1Cl
27676,1,435,5.0,101.0,3.903,3.925,COCc1nccc(NC(=O)c2cc3cccn3cn2)n1
27712,1,271,5.0,101.0,3.875,3.642,O=C(C=C1CCSCC1)N(Cc1ncc[nH]1)c1cncc(Br)c1
27720,1,,,,3.725,3.339,c1ccc(-c2nnc(N3CCCC3c3ncc[nH]3)s2)nc1
27893,1,298,5.0,101.0,4.543,4.515,CC(=O)C1CCN(C(=O)COC2CCCc3ccccc32)C1
27906,1,,,,4.233,3.889,c1cc2c(cc1-c1nc(C3CCCN3)no1)CCCN2
27907,1,378,5.0,101.0,4.088,3.99,C#CC1CCCN1C(=O)c1ccc2c(c1)CCCCN2
27918,1,379,5.0,101.0,3.383,4.353,O=C(c1ccc2c(c1)CCCCN2)N1CCC(O)C1
28016,1,711,5.0,151.6,4.097,4.062,Cc1nccc(NCC(O)CNC(=O)c2cn3c(n2)CCCC3)n1
28111,1,,,,5.461,5.428,COC(C)C(O)C(=O)N(C)C1CN(C(=O)CCc2cn[nH]c2)C1
28114,1,712,5.0,151.6,4.683,4.683,CC(C)CCCC(=O)NC1CCN(C(=O)CCc2cn[nH]c2)C1
28323,1,348,5.0,101.0,3.517,3.702,C#CC(CNC(=O)Cc1cncs1)CC(C)(C)C
28383,1,,,,3.692,3.628,CC(=O)N(C)CCC(=O)NC1CCCCN(C(=O)C2COC2)C1
28490,1,512,5.0,151.6,3.888,3.979,CCC(CNC(=O)C(=O)N1CCN(CC(=O)N(C)C)CC1)C(C)C
28573,1,310,5.0,101.0,3.697,4.444,O=C(CCc1[nH]nc2c1CCCC2)NCCCC1C=NNC1=O
28778,1,282,5.0,101.0,5.565,5.424,CC(=O)NC(C)(C(=O)N1CCC(c2c[nH]c3ccccc23)CC1)C(C)C
29031,1,579,5.0,151.6,5.152,5.495,CN(C)Cc1nc(CNS(=O)(=O)c2cnc3sccc3c2)co1
29152,1,404,5.0,101.0,4.482,4.245,COCC(NC(=O)CC1C=NN(C)C1=O)c1ccccn1
29365,1,397,5.0,101.0,4.816,4.494,O=C(NCC1CC(n2cncn2)C1)C(F)=Cc1cnc[nH]1
29374,1,436,5.0,101.0,4.114,4.032,O=C(OCc1cnccn1)c1cncc(-n2ccnc2)n1
29426,1,474,5.0,151.6,3.565,3.948,CC(C(=O)NO)N1CCCCC1=O
29440,1,297,5.0,101.0,4.308,4.334,COCC(C)(NC(=O)c1ccc(S(N)(=O)=O)s1)C1CC1
29655,1,,,,3.303,4.319,N#CCC(=O)NC1CNCC2(CC2)C1
29667,1,604,5.0,151.6,4.525,4.19,N#CC(C(=O)NC1CC=CC1)C1CCNCC1
29671,1,291,5.0,101.0,4.54,4.138,Cc1cccc2sc(NC(=O)C(C#N)C3CCNCC3)nc12
29673,1,371,5.0,101.0,4.47,4.234,Cc1cc2c(cc1NC(=O)C(C#N)C1CCNCC1)OCO2
29675,1,588,5.0,151.6,3.52,4.342,Cc1cccc2c1C(NC(=O)C(C#N)C1CCNCC1)CCC2
29678,1,437,5.0,101.0,1.612,3.545,Cc1n[nH]c2ncc(NC(=O)C(C#N)C3CCNCC3)cc12
29686,1,608,5.0,151.6,3.825,3.834,Cc1cc(NC(=O)C(C#N)C2CCNCC2)c2[nH]cnc2c1
29694,1,305,5.0,101.0,4.367,4.34,Cc1ccc(NC(=O)C(C#N)C2CCNCC2)cn1
29720,1,323,5.0,101.0,4.838,4.649,CCC(C)CCCCC(=O)NS(=O)(=O)c1ncc[nH]1
29842,1,16,5.0,24.5,3.83,4.613,O=C1SCCN1CCC(=O)N1CCCC1c1nnc2ccccn12
29898,1,,,,3.4,3.294,O=C1CC(c2noc(-c3ccc4nnc(C(F)F)n4c3)n2)CN1
30433,1,,,,3.767,3.712,CCN(CCNC(=O)C(C)COC)C(=O)CNc1ncccn1
30751,1,344,5.0,101.0,3.431,4.521,O=C(CCc1cncnc1)N1CCN(c2ccncn2)CC1
31046,1,713,5.0,151.6,4.705,4.837,CC(CNC(=O)c1cncnc1)NC(=O)C1CNC(=O)N1C
31470,1,,,,3.818,4.998,O=CCCN1CCCC1=O
31471,1,836,5.0,151.6,3.987,3.709,O=C1CCCN1CCC(=O)N1C2CCC1CC(F)C2
31645,1,714,5.0,151.6,4.348,3.738,Cc1cnoc1C(=O)NCCC(C)NC(=O)c1cnsn1
31798,1,715,5.0,151.6,4.744,4.734,CC(C)CC(=O)NCC(C)NC(=O)c1ccc2nncn2c1
31867,1,364,5.0,101.0,3.835,3.407,O=C1CCCC(OC(=O)CC(C(F)F)n2ccnc2)CN1
31893,1,317,5.0,101.0,4.699,4.533,COCc1nnc(SC(C)C(=O)N2CCCCC2)s1
31899,1,140,5.0,101.0,4.276,4.396,CC(=O)N1CCN(C(=O)C(C)Sc2ncc3ccccn23)CC1
31914,1,582,5.0,151.6,3.927,3.802,CC(Sc1ccccn1)C(=O)N1CCCC1COC(F)F
31916,1,716,5.0,151.6,3.528,4.182,CSC(C)C(=O)N(C)C1CN(C(=O)C(C)Sc2ccccn2)C1
31930,1,12,5.0,24.5,4.212,4.254,COCCCn1c(SC(C)C(=O)c2c[nH]c3ccccc23)n[nH]c1=O
31957,1,300,5.0,101.0,3.796,3.806,COCC=Cc1cccc2c1NCC2
31965,1,,,,,,CC(Cl)C(=O)c1ccc2c(c1)NCC2
31998,1,717,5.0,151.6,4.3,4.47,CC(CNC(=O)c1ccon1)N(C)C(=O)C1CCCC(=O)N1C
32012,1,812,5.0,151.6,3.303,3.335,CCCN(CCNC(=O)c1ccccn1)C1CCCN(C)C1=O
32018,1,718,5.0,151.6,4.083,3.973,CCN(CCNC(=O)c1ccncc1)C(=O)C1CCNC(=O)C1
32214,1,856,5.0,151.6,3.123,4.412,NC(=O)CC(O)C(=O)NC1CC(CCNC(=O)c2cscn2)C1
32227,1,813,5.0,151.6,4.774,4.528,CN(CC(=O)NC1CC(CCNC(=O)C2CCC(=O)N2)C1)C(N)=O
32383,1,719,5.0,151.6,3.863,3.815,CC(NC(=O)C1CNC(=O)N1)C(C)(C)NC(=O)c1cc[nH]n1
32415,1,381,5.0,101.0,3.697,3.508,CCCc1n[nH]c2ccc(C(=O)NCc3ccncn3)cc12
32616,1,280,5.0,101.0,4.344,4.57,O=C(Nc1cnn(C2CCCC2)c1)C1CCc2ccccc21
32955,1,494,5.0,151.6,3.969,3.567,O=C(CCC1CCCNC1)NOC1CCCC1
33243,1,578,5.0,151.6,4.36,4.361,COCCN1CC(CNC(=O)NCC23CC(CCO2)C3)CC1=O
33363,1,391,5.0,101.0,4.033,3.825,O=C1CC(NC(=O)c2ccc(-c3cn[nH]c3)cc2)CCN1
33613,1,454,5.0,101.0,4.657,4.923,CC(C)C(NC(=O)c1ccnn1C1CCCC1)c1ncc[nH]1
33638,1,847,5.0,151.6,,,CCN(C(=O)c1ccn(C)n1)C(C)CNC(=O)Cc1cnc[nH]1
33915,1,268,5.0,101.0,3.737,3.726,N#Cc1cncc(CC(=O)NCc2ccc3c(c2)CCCN3)c1
33929,1,303,5.0,101.0,4.536,5.191,O=C(Nc1ccc2c(c1)CCCN2)C(F)(F)c1ccncc1
34336,1,,,,4.16,3.961,O=C(CCN1CCC2C(C1)OCc1cnnn12)N1CCCc2ccccc21
34425,1,152,5.0,101.0,4.226,3.912,CC1CCc2ccccc2N1CCNC(=O)COC1CCOCC1
34673,1,,,,4.224,4.306,CCC(NC(=O)OC(C)(C)C)C1CCC(=O)N1
34794,1,720,5.0,151.6,4.098,3.952,CC(NC(=O)c1ccncc1)C1CCN(C(=O)CCNC(N)=O)C1
34811,1,721,5.0,151.6,3.853,4.365,CCC(NC(C)=O)C(=O)NCC1(CCNC(=O)c2ccncc2)CC1
35059,1,615,5.0,151.6,4.141,4.148,O=S(=O)(c1ccc2scnc2c1)N1CCN(c2cn[nH]c2)CC1
35439,1,814,5.0,151.6,3.463,4.269,CC(CNC(=O)c1ccc(-c2cc[nH]n2)s1)Nc1ncccn1
35473,1,126,5.0,101.0,3.756,4.575,O=C(OCc1cn[nH]c1)C1CC(=O)N(c2cn[nH]c2)C1
35516,1,,,,4.591,4.204,CC(C)CC(CNC(=O)C1CCC(=O)N1C)NC(=O)c1cn[nH]c1
35612,1,356,5.0,101.0,4.619,4.335,O=C(Nc1ccc(-c2cc[nH]n2)cc1)c1cnc2cccnn12
35792,1,722,5.0,151.6,3.171,3.445,C=C(Cl)C(C)(C)C(=O)NC(CCOC)CNC(=O)C1CCC(=O)N1
35844,1,386,5.0,101.0,3.698,4.593,O=C(Cc1ccn(C2CCCC2)n1)NN1CCCC1=O
35886,1,,,,4.404,4.346,CC(C)CCOCCNc1ncco1
36659,1,815,5.0,151.6,4.971,5.167,CC(CNC(=O)C(C)(C)C(F)(F)F)N(C)c1ncccn1
36705,1,723,5.0,151.6,3.853,3.509,CC(CNc1ncncc1Cl)NC(=O)c1cccc2cn[nH]c12
36823,1,724,5.0,151.6,4.022,3.862,CC(C)C(C)CC(=O)N1CCCC(NC(=O)CC#N)CC1
37776,1,395,5.0,101.0,4.456,4.095,O=C1CC(C(=O)Nc2cccc(-c3c[nH]cn3)c2)CCN1
38131,1,416,5.0,101.0,4.565,4.522,O=C(CCc1nccs1)NCC1CCn2cnnc2C1
38436,1,725,5.0,151.6,4.06,3.665,COCC1(C(=O)NCCN(C)C(=O)c2cnc[nH]2)CCOCC1
38598,1,,,,4.193,4.139,COC(C)C=NN1CCCCC1=O
38623,1,612,5.0,151.6,5.181,5.031,CN(C(=O)C(C)(C)CC(C)(C)C)C1CCC(=O)NC1
38721,1,845,5.0,151.6,,,N#CCC(=O)NC1(CCNC(=O)C(O)Cc2c[nH]cn2)CCC1
39011,1,114,5.0,101.0,3.614,4.343,Cc1cccc(=O)n1CCCCNCc1cnc[nH]1
39108,1,,,,3.75,3.776,c1n[nH]cc1Cc1nc(-c2ccn3cnnc3c2)no1
39173,1,614,5.0,151.6,3.985,3.612,Cc1ccc2nnc(C(=O)NCCCc3cnccn3)n2c1
39794,1,507,5.0,151.6,4.982,4.983,CN(C)C(=O)CN1CCCC(NC(=O)C2CCOCC2)C1=O
39872,1,148,5.0,101.0,4.464,4.98,O=C(CC1CCc2ccccc21)NCCCc1nnc2ccccn12
39918,1,726,5.0,151.6,4.101,3.938,CN1CC(C(=O)NCC(O)CNC(=O)CCc2cn[nH]c2)NC1=O
40316,1,321,5.0,101.0,3.611,4.821,Cn1cncc1CNC(=O)Nc1ccc2c(c1)NCC2
40319,1,374,5.0,101.0,3.64,4.455,O=C(NCCc1nc[nH]c1Br)c1ccc2c(c1)NCC2
40498,1,727,5.0,151.6,3.975,3.515,O=C(Cc1ccc2[nH]ncc2c1)NCC(CO)NC(=O)c1cc[nH]n1
40538,1,728,5.0,151.6,3.073,4.111,Cc1n[nH]c2ccc(C(=O)NCC(C)NC(=O)c3cc[nH]n3)cc12
40659,1,729,5.0,151.6,4.297,4.342,CCCC(NC(N)=O)C(=O)N1CCCC1CN(C)C(=O)C(C)C
40856,1,,,,4.434,4.074,CCCCOCC(O)Cc1ncco1
40896,1,,,,4.49,4.599,C=C(Br)CS(=O)(=O)NCc1cnco1
41168,1,730,5.0,151.6,5.058,5.362,CC(CCNC(=O)c1cc(C(C)(C)C)on1)NC(=O)c1cc[nH]n1
41201,1,731,5.0,151.6,4.441,4.478,CCCN(CCNC(=O)Cc1cn[nH]c1)C(=O)c1nocc1Cl
41442,1,17,5.0,24.5,4.112,4.071,O=C1CCC(C(=O)NCc2ccc(N3CCCC3)nc2)=NN1
41445,1,,,,4.626,4.801,CNC(C)c1ccnc(N2CCNC(=O)CC2)c1
42149,1,227,5.0,101.0,4.185,4.204,Cn1ccc2ccc(OC(=O)c3cn4c(n3)CCCC4)cc21
42918,1,353,5.0,101.0,3.17,3.721,COC(=O)c1cccc2c1CN(CC1CCCNC1)CC2
43009,1,,,,4.094,5.884,CC(S)C(=O)N1CC(S(N)(=O)=O)C1
43016,1,,,,3.513,4.078,COc1ccc2c(c1)CCCN2C(=O)COC(C)Cc1ncc[nH]1
43172,1,283,5.0,101.0,4.446,4.354,O=C(CC1CCCC(C(F)(F)F)O1)NCc1c[nH]cn1
43497,1,382,5.0,101.0,3.897,3.605,O=C1CCC(c2ccc(-c3ccc4c(c3)CCCN4)cc2)N1
43550,1,438,5.0,101.0,5.098,4.44,Cc1ccc2c(c1)CCCN2C(=O)CNC12CCCCCC1OCC2
43738,1,439,5.0,101.0,4.622,4.266,Cc1cn2nc(NC(=O)NC3CCc4ccccc43)ccc2n1
44440,1,412,5.0,101.0,4.204,3.711,Cn1ccc2ccc(CNC(=O)NCC3CCNC(=O)C3)cc21
45401,1,336,5.0,101.0,3.769,3.739,CC(CNC(=O)c1nnc2ccc(Br)cn12)N1CCCC1
45621,1,497,5.0,151.6,3.953,3.632,CCOC(=O)NC1CCCN(C(=O)CC2CCCNC2)C1
45663,1,223,5.0,101.0,5.435,4.697,O=C(CC1CCCNC1)Nc1ccnn1C1CCCC1
45675,1,385,5.0,101.0,3.677,4.125,O=C(Cc1ccn(C2CCCC2)n1)NCCC1CCCNC1
45686,1,,,,3.899,3.731,CC(C)(C)C(CN)NC(=O)c1cnn(C2CCCNC2)c1
45694,1,,,,5.187,4.503,N=C(N)c1cn[nH]c1NC(=O)N1CCCCC1
45698,1,168,5.0,101.0,3.409,4.369,O=C(CCCN1CCCCC1)Nc1cnn(CC(F)F)c1
45718,1,361,5.0,101.0,4.855,5.393,O=C(OCCNC(=O)N1CCCCC1)c1ccnn1C1CCCC1
45737,1,136,5.0,101.0,4.473,4.198,CC(Sc1nnc(N(C)C)s1)C(=O)N1CCCCC1
45746,1,104,5.0,101.0,4.33,3.901,CC(Sc1nc2ccccc2c(=O)n1-c1ccccc1)C(=O)N1CCCCC1
45749,1,103,5.0,101.0,4.9,5.434,CC(Sc1nnnn1C)C(=O)N1CCCCC1
45756,1,44,5.0,27.2,4.079,4.029,CC(Sc1ccc(Cl)cn1)C(=O)N1CCCCC1
45760,1,414,5.0,101.0,3.311,4.353,COc1ccc2nc(SC(C)C(=O)N3CCCCC3)[nH]c2n1
45769,1,213,5.0,101.0,3.791,3.593,O=C(NC1CCCNC1)N1CCc2ccc(Br)cc21
45801,1,212,5.0,101.0,3.272,3.225,CC(NC(=O)N1CCc2ccccc21)C1CCCNC1
45810,1,440,5.0,101.0,2.934,3.773,O=C(CC1Cc2ccccc2N1)NCCCN1CCCCC1
45845,1,,,,3.957,3.921,CC(C)NS(=O)(=O)c1ccc2c(c1)CCN2C(=O)CCC(=O)N1CCCCC1
45868,1,383,5.0,101.0,3.925,3.628,CC(NC(=O)COC1CCCNC1)c1ncc(Br)cn1
45878,1,91,5.0,101.0,4.948,5.291,CCN(Cc1ncccn1)C1CCCNC1
45903,1,328,5.0,101.0,4.134,3.656,OC(CCNc1ccnc(N2CCCCC2)n1)C1CCC1
45909,1,441,5.0,101.0,4.016,4.19,OC(CCNc1ccnc(N2CCCCC2)n1)C1CCCC1
45922,1,732,5.0,151.6,4.513,3.953,O=C(CCCN1CCCCC1)NCC(O)CNc1ncccn1
45943,1,45,5.0,27.2,4.319,4.2,c1ccc(Sc2ccnc(N3CCCCC3)n2)nc1
45947,1,263,5.0,101.0,4.141,3.693,O=C(c1csc(C2CCNCC2)n1)N1CCc2ccccc21
45975,1,24,5.0,24.5,4.287,3.946,CC(C)(C#N)C(=O)N1CCCC(S(=O)(=O)N2CCc3ccccc32)C1
45979,1,,,,3.887,4.745,CC(F)(F)CN1CCCC(S(=O)(=O)N2CCc3ccccc32)C1
45987,1,25,5.0,24.5,3.539,3.978,CN(C)S(=O)(=O)N1CCCC(S(=O)(=O)N2CCc3ccccc32)C1
45999,1,230,5.0,101.0,4.168,4.69,O=C(NCC1CCN(C2CCOCC2)CC1)c1ccc2c(c1)CCN2
46014,1,,,,4.497,4.299,c1cc2c(cc1CN1CCC(N3CCCCC3)CC1)CCN2
46019,1,95,5.0,101.0,4.165,3.757,CCOC(=O)C1CCCN(C(=O)c2ccc3c(c2)CCN3)C1
46024,1,,,,4.545,4.608,CC1CCCN(CC(=O)c2ccc3c(c2)CCN3)C1
46025,1,,,,3.879,4.052,CC1CCCCN1CC(=O)c1ccc2c(c1)CCN2
46065,1,,,,3.606,4.083,CC(S)C(=O)N1CCCC(CO)C1CO
46081,1,369,5.0,101.0,4.711,4.47,CC(Cc1cnn(C)c1)C(=O)NCCOC1CCNC1
46327,1,208,5.0,101.0,3.96,3.76,c1cc(CNCC2CCCNC2)c2[nH]ncc2c1
46353,1,209,5.0,101.0,2.987,3.605,c1cc(CNC2CCCNC2)c2[nH]ncc2c1
46399,1,292,5.0,101.0,5.596,5.533,CC(CNC(=O)NCc1ccc2cn[nH]c2c1)N1CCCCC1
46417,1,816,5.0,151.6,2.315,5.258,O=C1NCC(C(=O)NCCN(c2ncccn2)C2CC2)N1
46470,1,,,,2.867,2.959,c1cc(NC2CCCNC2)nc(C2CC2)c1
46480,1,835,5.0,151.6,3.683,3.471,O=C(NS(=O)(=O)C1CCCNC1)c1cccnc1C1CC1
46489,1,380,5.0,101.0,3.863,3.955,OC(c1ccnc(-c2nc(C3CCCNC3)no2)c1)C(F)(F)F
46492,1,193,5.0,101.0,4.55,4.693,O=C(CCc1nc(-c2ccccn2)no1)NCC1CCCNC1
46497,1,79,5.0,101.0,3.84,3.64,CN(c1ccncc1)C1CCCNC1
46503,1,87,5.0,101.0,3.887,3.93,Cc1cc(NCC2CCCNC2)ccn1
46510,1,503,5.0,151.6,3.73,3.798,CCN(CCNC(=O)c1ccncc1)C(=O)CCCN1CCCCC1
46519,1,163,5.0,101.0,4.356,4.065,Cc1cccc(NC(=O)NCC(C)N2CCCCC2)n1
46525,1,345,5.0,101.0,4.235,3.742,CC(CNC(=O)Nc1cc(C(F)F)ccn1)N1CCCCC1
46544,1,,,,4.798,4.607,OCC(CN1CCCCC1)Nc1nnc(-c2ccccn2)s1
46545,1,,,,3.986,3.69,OC(CNc1nnc(-c2ccccn2)s1)CN1CCCCC1
46563,1,505,5.0,151.6,4.003,4.431,O=C(CCC1CCCC1)N1CCCC(C2CCCNC2)C1
46587,1,492,5.0,151.6,3.878,4.302,CC1COCCN1C(=O)CCC1CCCNC1
46596,1,557,5.0,151.6,5.558,4.916,CNC(=O)NCC1CCCCN1C(=O)CCC1CCCNC1
46618,1,817,5.0,151.6,5.988,6.172,CC(C)CCCC(=O)NC1CCN(C(C)C(=O)N2CCCCC2)C1
46630,1,267,5.0,101.0,3.384,3.747,COC(=O)c1ccc2c(c1)CCN(C(C)C(=O)N1CCCCC1)C2
46631,1,120,5.0,101.0,3.697,5.008,CC(C(=O)N1CCCCC1)N1CCc2cccc(F)c2C1
46644,1,546,5.0,151.6,4.514,4.927,CNC(=O)NCC1CN(CCC(=O)N2CCCCC2)CCO1
46656,1,,,,4.621,4.736,COC(=O)Cc1nccn1C1CCCNC1
46686,1,307,5.0,101.0,4.695,4.46,CN(CCn1ccnc1)C(=O)c1ccn(C2CCCNC2)n1
46715,1,351,5.0,101.0,4.065,3.828,CCCN(CCN1CCCCC1)C(=O)NCc1cn(C(C)C)cn1
46719,1,319,5.0,101.0,2.939,3.885,CCN(Cc1nccn1C)C(=O)N1CCCCC1
46745,1,190,5.0,101.0,3.109,3.166,CC1CCN(C(CNC(=O)CCc2ccc(=O)[nH]c2)C(C)C)CC1
46779,1,733,5.0,151.6,4.695,4.619,COC(C)CCC(=O)N1CCC(NC(=O)Cc2ccc(=O)[nH]c2)CC1
46913,1,235,5.0,101.0,4.255,3.907,Cc1ccc(NC(=O)NCC(C)c2ccccn2)nc1
46917,1,734,5.0,151.6,2.313,5.035,CN(C(=O)c1ccc(-c2ccccn2)nc1)C(CNC(=O)CC#N)C1CC1
46960,1,153,5.0,101.0,4.829,5.228,Cc1ccc(NC(=O)NCC(C)c2ccncc2)nc1
46989,1,482,5.0,151.6,4.148,3.898,CC(CO)C(=O)N1CCC(C(C)NC(=O)CN2CCCCC2)CC1
47002,1,818,5.0,151.6,4.302,4.145,CCCCC(=O)NCC1CCN(C(C)C(=O)N2CCCCC2)CC1
47013,1,,,,4.419,4.461,O=C(COCCC1CCCNC1)N1CCCCC1
47019,1,561,5.0,151.6,5.461,5.428,CCCN1CCCC(C(=O)NCC(O)CN2CCCCC2)C1
47020,1,19,5.0,24.5,5.477,4.691,CC(NC(=O)NCc1ccnc(N2CCCCC2)c1)C(=O)N1CCCCC1
47021,1,,,,3.559,3.869,COCC(C)OC(=O)C1CCN(S(=O)(=O)N2CCCCC2)CC1
47038,1,368,5.0,101.0,3.407,5.183,CN(CC1CCCNC1)C(=O)CN(C)c1nc2ccccc2s1
47045,1,210,5.0,101.0,4.555,4.946,CC(NC(=O)NCC1CCCNC1)c1ccc2ncsc2c1
47050,1,,,,,,CC(C)c1nc2ccc(CC3CCCNC3)cc2s1
47059,1,191,5.0,101.0,4.186,3.926,O=C(CCc1nc2ccccc2s1)NC1CCCNC1
47082,1,,,,3.298,4.385,CC(CCNCc1nc2ccc(Br)cc2s1)N1CCCCC1
47091,1,,,,4.601,4.447,CC(NC(=O)c1ccc2nc(N3CCCCC3)sc2c1)c1ccccc1
47143,1,532,5.0,151.6,4.0,4.169,CCOC(=O)NC1CCCN(CCC2CCNC2=O)C1
47226,1,,,,,,CN1CCC(C2CN(C3CCCNC3)C(=O)N2)CC1
47239,1,,,,,,O=C1NC(c2ccccc2F)CN1C1CCCNC1
47320,1,591,5.0,151.6,3.301,4.878,CC(C)C(NCc1cccc2c1cnn2C)C1CCNC1
47371,1,,,,4.262,3.961,CN(Cc1ncccn1)c1nnc(-c2ccccn2)s1
47396,1,,,,3.764,3.65,CCOc1ncccc1C(=O)NC(CNc1ncccn1)CC(C)C
47450,1,500,5.0,151.6,4.683,5.432,CCC(C)NC(=O)CN1CCN(CC(=O)N2CCCCC2)CC1
47453,1,520,5.0,151.6,3.343,3.454,CCC(C)NC(=O)CN1CCN(CCCN2CCCCC2)CC1
47626,1,566,5.0,151.6,4.401,4.368,CC(=O)NC(C)C1CCN(C(=O)C(C#N)C2CCNCC2)CC1
47627,1,530,5.0,151.6,4.734,4.047,CC(NC(=O)CC1CCNCC1)C1CCN(CC(F)(F)F)CC1
47635,1,,,,3.448,4.906,CC(C)N(C(=O)c1nnc(C2CCNCC2)s1)C1CCNCC1
47934,1,519,5.0,151.6,3.386,4.371,CC(=O)NC(C)C1CCN(CC(=O)NC2CCOCC2)CC1
47965,1,795,5.0,151.6,4.229,3.782,CSC(C)C(=O)NCC1CCCN(CCC2CCOCC2)C1
48047,1,57,5.0,27.2,4.133,3.738,c1cncc(C2CCNCC2)c1
48055,1,182,5.0,101.0,4.673,5.435,CC(=O)NC(C)C1CCN(C(=O)NCCc2cccnc2)CC1
48056,1,735,5.0,151.6,2.24,4.198,CC(C)C(=O)N1CCC(C(C)NC(=O)Cc2cccnc2)CC1
48060,1,406,5.0,101.0,4.387,4.651,CC(=O)NC(C)C1CCN(c2nc(-c3cccnc3)cs2)CC1
48061,1,736,5.0,151.6,4.037,4.034,COC(C)C(=O)N1CCC(C(C)NC(=O)Cc2cccnc2)CC1
48069,1,167,5.0,101.0,3.313,3.717,CC(=CC(=O)NCCC1CCN(C)CC1)c1cccnc1
48074,1,463,5.0,151.6,3.293,4.752,CN(C(=O)CCNC(N)=O)C1CCN(C(=O)c2cccnc2)CC1
48075,1,156,5.0,101.0,4.408,4.442,CON=CC(=O)N1CCC(Cc2cccnc2)CC1
48099,1,289,5.0,101.0,2.563,3.891,O=C(NCC1CCCNC1)c1cnc2cccnn12
48106,1,,,,2.868,4.191,Cc1cn2nc(NCCCCCN3CCCCC3)ccc2n1
48114,1,237,5.0,101.0,3.501,3.362,COc1ccc2ncc(C(=O)NCCC(C)N3CCCCC3)n2n1
48173,1,,,,4.113,3.988,CC(C=O)n1cc(-c2ccccc2)cn1
48415,1,18,5.0,24.5,3.167,4.293,O=C(CN1CCCc2ccccc21)NNC(=O)c1cncn1-c1ccccc1
48493,1,737,5.0,151.6,3.61,4.612,CC(NC(=O)Cn1cccn1)C1CCN(C(=O)CCC(F)F)CC1
48513,1,819,5.0,151.6,3.753,4.824,CC(NC(=O)Cn1cccn1)C1CCN(CCC(C)(C)C)CC1
48528,1,738,5.0,151.6,3.774,5.008,COC(C)C(=O)NC(C)(C)C1CCN(C(=O)Cc2cn[nH]c2)CC1
48529,1,739,5.0,151.6,4.172,3.635,CCC(C)OCC(=O)NCCC1CCCN(C(=O)c2cn[nH]c2)C1
48539,1,820,5.0,151.6,4.87,5.474,CC(C(=O)NC(N)=O)N(C)CC1CCN(C(=O)c2cn[nH]c2)CC1
48546,1,740,5.0,151.6,5.11,5.353,CCCCC(=O)NCC1CCN(C(=O)c2cc[nH]n2)CC1
48630,1,401,5.0,101.0,4.754,5.034,CCC(NC(=O)Nc1cccc(CC(=O)OC)n1)c1cccnc1
48641,1,402,5.0,101.0,3.462,5.093,CCC(NC(=O)Nc1cc(CCOC)ccn1)c1cccnc1
48646,1,821,5.0,151.6,3.266,3.336,COc1ccnc(CN(C)CCNC(=O)c2cccnc2)c1
48652,1,861,5.0,151.6,4.346,4.05,CCN(C(=O)c1ccncc1)C(C)CNC(=O)Cc1cccnc1
48665,1,54,5.0,27.2,4.406,3.967,O=C(CCc1ccncc1)N1CC2(CCC2)C1c1cccnc1
48684,1,593,5.0,151.6,5.46,5.119,CCC1(CNC(=O)C(=O)N(C)C2CCCNC2)CCC(=O)N1
48752,1,498,5.0,151.6,4.106,3.729,COCCN1CC(C(=O)OC(C)C(=O)N2CCCCC2)CC1=O
49166,1,800,5.0,151.6,2.578,3.99,CNC(=O)CC1CCN(C(=O)N(C)Cc2ccoc2)CC1
49171,1,741,5.0,151.6,3.599,3.314,CNC(=O)CN1CCC(CNC(=O)C(C)C(C)(F)F)CC1
49222,1,513,5.0,151.6,4.502,4.418,COCC(C)CNC(=O)NC1CCN(CC2CCCO2)CC1
49327,1,742,5.0,151.6,2.559,4.474,CCN1CC(C(=O)NCC(C)NC(=O)CN2CCCC2)CC1=O
49548,1,743,5.0,151.6,4.27,3.863,CC(CCNC(=O)c1cc(-c2ccccn2)no1)NC(=O)C1CC1
49748,1,277,5.0,101.0,3.523,3.213,CN(Cc1ccc2c(c1)CCO2)C(=O)C(C)(C)N1CCCCC1
49767,1,442,5.0,101.0,3.697,3.619,CC(C)c1ccc(CN(C)C(=O)C(C)(C)N2CCCCC2)cc1
49818,1,375,5.0,101.0,4.069,3.922,O=C(O)C1CCCN(C(=O)CCN2CCCc3ccccc32)C1
49901,1,744,5.0,151.6,3.962,4.863,CC(CO)C(=O)N1CCC(C(C)NC(=O)Cc2ccon2)CC1
49904,1,745,5.0,151.6,4.594,4.21,COC(C)C(=O)N1CCC(C(C)NC(=O)Cc2ccon2)CC1
49927,1,822,5.0,151.6,5.697,4.795,COCC(C)(C)CC(=O)NC(C)C1CCN(Cc2ccon2)CC1
49991,1,746,5.0,151.6,5.2,5.038,CC(NC(=O)Cc1ccno1)C1CCN(C(=O)CN(C)C)CC1
50179,1,747,5.0,151.6,4.86,5.045,CNC(=O)NCCC(=O)NCC1CCN(C(=O)c2cocn2)CC1
50199,1,,,,4.007,3.618,O=CNCCN1CCCCC1
50224,1,595,5.0,151.6,3.767,4.241,CCNC(=O)C1CCN(C2CC=CC2)CC1
50246,1,,,,2.441,4.198,CCNC(=O)C1CCN(C(=O)N(C)Cc2cn[nH]c2)CC1
50277,1,443,5.0,101.0,3.563,3.664,O=C(COC1CCCNC1)Nc1cnn(C2CCS(=O)(=O)C2)c1
50543,1,359,5.0,101.0,3.871,3.628,N#CC1CCN(C(=O)NCCCNc2ncccn2)CC1
50555,1,480,5.0,151.6,4.289,3.977,CC(=O)NC(C)C1CCN(C(=O)C(F)(F)c2ncccn2)CC1
50560,1,748,5.0,151.6,5.419,4.992,CC(NC(=O)Cc1ccc[nH]1)C1CCN(c2ncccn2)CC1
50569,1,583,5.0,151.6,3.864,3.566,CC(NC(=O)Cc1cncs1)C1CCN(c2ncccn2)CC1
50577,1,160,5.0,101.0,4.607,4.523,CC(=O)NC(C)C1CCN(C(=O)Cc2cncnc2)CC1
50711,1,150,5.0,101.0,4.78,4.889,c1ccc2sc(C3CCCN(c4cncc5ncnn45)C3)nc2c1
50761,1,,,,4.002,4.397,CCC(C(N)=O)N1CCC(C(C)NC(=O)CN2CCCC2)CC1
50762,1,180,5.0,101.0,4.132,4.353,CC(=O)NC(C)C1CCN(c2nccc(N3CCCC3)n2)CC1
50765,1,749,5.0,151.6,4.984,4.967,CCCC(C)C(=O)N1CCC(C(C)NC(=O)CN2CCCC2)CC1
50771,1,750,5.0,151.6,4.222,4.436,CCC(C)C(=O)N1CCC(C(C)NC(=O)CN2CCCC2)CC1
50784,1,751,5.0,151.6,5.594,5.214,CSC(C)C(=O)N1CCC(C(C)NC(=O)CN2CCCC2)CC1
50844,1,606,5.0,151.6,5.526,5.325,COCCCN1CCC(NC(C)c2n[nH]c3ccccc23)CC1
50851,1,343,5.0,101.0,4.12,4.851,CC(C)(C)OC1CCCN(C(=O)CCc2n[nH]c3ccccc23)C1
50865,1,,,,3.051,4.216,COC(=O)C1CC(NC(=O)Cc2n[nH]c3ccccc23)CCN1
50895,1,,,,,,CC(C=O)C1CCN(C)C(C)C1
50927,1,752,5.0,151.6,3.77,3.503,CCC(=O)N1CCC(C(C)NC(=O)CC2CCCNC(=O)C2)CC1
50934,1,753,5.0,151.6,3.084,3.472,CCC(=O)N1CCC(C(C)NC(=O)CN2CCSCC2)CC1
50940,1,754,5.0,151.6,4.022,4.974,CCC(=O)N1CCC(C(C)NC(=O)Cc2csc3nccn23)CC1
50954,1,755,5.0,151.6,4.689,4.383,CCC(=O)N1CCC(C(C)NC(=O)Cc2ccoc2)CC1
50959,1,508,5.0,151.6,4.525,3.795,CCCCOCCCNC(=O)C1CCCCN1C(=O)CC
50994,1,,,,4.773,5.318,O=C(Cn1ccc(C2CCCNC2)n1)NCCN1CCCC1
50998,1,251,5.0,101.0,4.721,4.798,O=C(NCc1cn(C2CCNC2)nn1)NC1CCCNC1
51171,1,265,5.0,101.0,2.916,4.258,CC(NS(=O)(=O)CC1CCCNC1)c1nnc2ccccn12
51172,1,617,5.0,151.6,3.76,4.88,O=S(=O)(CC1CCCNC1)NCc1ccn2cnnc2c1
51256,1,,,,4.387,4.236,O=c1cccc(Br)n1CC1CCCNC1
51268,1,257,5.0,101.0,3.748,4.273,O=c1[nH]cccc1CNS(=O)(=O)C1CCCNC1
51269,1,,,,3.935,3.845,CN(CC1CCCNC1)C(=O)C(=O)Nc1cccn(C)c1=O
51448,1,388,5.0,101.0,2.423,4.199,CC(NC(=O)c1cnc(N2CCNCC2)o1)C1CCCNC1
51476,1,269,5.0,101.0,4.389,4.091,CC(NC(=O)Nc1cccnc1N1CCCCC1)c1ncco1
51490,1,159,5.0,101.0,3.895,4.29,CCCc1nc(C(=O)NCCC(C)N2CCCCC2)co1
51493,1,157,5.0,101.0,4.619,4.74,CCCc1nc(C(=O)NCCN2CCCCC2)co1
51495,1,,,,4.572,4.123,c1ccc2nc(N3CCCCC3)c(NCc3cnco3)nc2c1
51536,1,236,5.0,101.0,3.548,4.634,CCON1CCC(CC(=O)NCCNC(=O)c2ccn[nH]2)CC1
51543,1,360,5.0,101.0,4.543,4.569,O=C(CC1=CCCC1)N1CCC(c2ccn[nH]2)CC1
51690,1,,,,3.322,3.129,CC1CC1C(C)NC(=O)C1CCCNC1
51842,1,,,,4.067,4.283,COc1nccc(C(C)C=O)c1F
51875,1,,,,3.825,4.131,COc1ncc(C(C)C=O)cc1Cl
51887,1,756,5.0,151.6,4.698,4.256,CCC(=O)N1CC2(CC(NC(=O)CC(C)c3ccncc3)C2)C1
51896,1,757,5.0,151.6,4.263,3.832,CCC(=O)N1CC2CCC(C1)N2C(=O)CSCc1cccnc1
51900,1,758,5.0,151.6,3.247,4.332,CCC(=O)N1CC2CCC(C1)N2C(=O)CSc1ccncc1
52055,1,241,5.0,101.0,4.272,4.782,CC1CC2CCC(C1)N2C(=O)CCc1cccnc1
52108,1,350,5.0,101.0,3.352,3.983,O=C(CCn1cncn1)N1CCNCC1c1ccccn1
52296,1,759,5.0,151.6,4.072,3.605,CC(C)SC(C)C(=O)N1CCC(NC(=O)C(C)(C)N2CCCC2)C1
52315,1,52,5.0,27.2,5.477,5.666,O=C(C(O)C1CCCCC1)N1CCC(N2CCCC2)C1
52333,1,613,5.0,151.6,5.153,4.998,CC(=O)NC(C)C1CCN(CCCN2CCNCC2)CC1
52375,1,,,,3.688,3.551,C1CCC(COCCCN2CCC(N3CCNCC3)CC2)OC1
52406,1,,,,4.562,4.091,CCCS(=O)(=O)Nc1cc(-c2cccnc2)n[nH]1
52408,1,49,5.0,27.2,4.037,4.034,CC(CS(=O)(=O)Nc1cc(-c2cccnc2)n[nH]1)c1ccccc1
52416,1,346,5.0,101.0,5.473,5.232,O=S(=O)(CCCC1CCCCC1)NC1(c2ccccn2)CC1
52583,1,342,5.0,101.0,3.805,4.005,C#Cc1cccc(NC(=O)NC(CC)C2CCCO2)n1
53040,1,,,,2.572,4.773,CCC(=O)N1CCC(NC(=O)COCC(C)N2CCCC2)CC1
53105,1,255,5.0,101.0,4.341,5.051,Cc1cnccc1NCc1ccc2cc[nH]c2c1
53411,1,760,5.0,151.6,3.472,5.398,CN1CCC(OCC(=O)OCC(=O)NC2CCS(=O)(=O)C2)CC1
53625,1,207,5.0,101.0,5.141,4.728,CCN(CC)C(=O)c1ccc(NC(=O)NC2CCCNC2)cc1
53636,1,215,5.0,101.0,5.326,4.476,CCN(CC)C(=O)c1ccc(CNC(C)C2CCCNC2)cc1
53709,1,111,5.0,101.0,4.558,3.967,CCC(=O)N1CCCN(C(C)C(=O)N2CCc3sccc3C2)CC1
53713,1,499,5.0,151.6,4.286,3.756,CCC(=O)N1CCCN(C(=O)CCN2CCOCC2)CC1
53746,1,,,,2.998,3.957,CCS(=O)(=O)CCCNC(=O)N1CCC(N2CCCCC2)C1
53748,1,,,,3.536,3.235,CC(C)Oc1cccc(N2CCC(N3CCCCC3)C2)n1
53750,1,,,,3.936,3.816,O=C(C(O)c1ccccc1)N1CCC(N2CCCCC2)C1
53753,1,,,,4.437,4.209,O=C(COc1ccccc1)N1CCC(N2CCCCC2)C1
53759,1,761,5.0,151.6,4.269,4.304,CC(C)(C(=O)NCC1CCCN1C(=O)CO)N1CCCCC1
53762,1,621,5.0,151.6,4.558,3.967,CC(C)OC(=O)N1CCCC1C(=O)NCCN1CCCCC1
53771,1,823,5.0,151.6,2.421,5.279,COCC(OC)C(=O)N1CCC(NCC(=O)N2CCCCC2)C1
53777,1,570,5.0,151.6,3.861,4.028,CC(CN1CCCCC1)N(C)C(=O)C(=O)N1CCC(CC#N)C1
53845,1,762,5.0,151.6,4.848,4.88,CCS(=O)(=O)NCCC(=O)N1CCCC(NC(=O)CC#N)C1
53866,1,763,5.0,151.6,3.67,5.244,N#CCC(=O)NC1CCN(C(=O)CCc2cnoc2)CC1
53933,1,,,,3.761,3.756,Cc1cn(C(C)C=O)c(C)n1
53958,1,121,5.0,101.0,3.97,4.058,CCC(=O)N1CCCC(c2nc(-c3ncc[nH]3)no2)C1
54009,1,50,5.0,27.2,4.304,4.442,CCN(CC)C(=O)N1CCC(c2nc(-c3ccncc3)cs2)CC1
54290,1,764,5.0,151.6,5.014,4.93,COCC(C)C(=O)N1CCN(CCNC(=O)c2cccnc2)CC1
54393,1,504,5.0,151.6,4.479,4.053,CCN(CCNC(=O)C(O)c1cccnc1)C(=O)c1cc[nH]n1
54511,1,,,,4.479,4.184,CNC(=O)NCC(=O)NCC1CC1CNC(=O)CN1CCCCC1
54541,1,,,,3.912,3.944,CN(CC1CCOC1)C1CCCNC1
54609,1,301,5.0,101.0,4.246,5.097,CC(CN1CCCCC1)N(C)C(=O)c1cnc(C2CCOC2)s1
54984,1,184,5.0,101.0,3.854,4.018,CCN1N=C(C(=O)N(CCCO)Cc2ccccn2)CC1=O
55076,1,51,5.0,27.2,4.173,4.233,CN(C)C(=O)CN1CCCN(CCCN2CCCCC2)CC1
55108,1,377,5.0,101.0,4.795,5.041,CN(C)C(=O)Cc1cccc(NC(=O)CCCN2CCCCC2)c1
55269,1,,,,4.157,3.984,NC(c1ccc2nncn2c1)c1ncc[nH]1
55396,1,233,5.0,101.0,3.719,3.608,CCNC(=O)c1cc(O)n(C)n1
55545,1,376,5.0,101.0,3.947,3.831,c1cc(-c2nccc(NC3CCNC3)n2)c2nonc2c1
55674,1,42,5.0,27.2,5.063,5.515,O=C(CC1C=CCC1)N1CCCC(n2ccnc2)C1
55679,1,293,5.0,101.0,5.416,4.614,CCOC(=O)NC1CCCN(C(=O)CC(C(F)F)n2ccnc2)C1
55684,1,765,5.0,151.6,4.903,4.889,CCCC(OC)C(=O)NCC1CCN(C(=O)c2ncc[nH]2)CC1
55754,1,524,5.0,151.6,3.512,3.291,O=C(COC1CCCNC1)NCC1CCCOC1
55819,1,318,5.0,101.0,4.518,4.487,C1CCN(CCSCc2nnc(C3CCOCC3)o2)CC1
55828,1,510,5.0,151.6,2.643,4.787,CCC(NC(C)C)C(=O)NCC1(N2CCCCC2)CCOCC1
55892,1,801,5.0,151.6,4.637,4.472,C#CCNC(=O)C1CCN(C(=O)N(C)Cc2c[nH]cn2)CC1
55900,1,94,5.0,101.0,3.898,5.224,CN(C)C(=O)N1CCC(C(=O)NCCc2c[nH]cn2)CC1
56036,1,766,5.0,151.6,4.315,3.763,CN(CCNC(=O)Cc1n[nH]c2ccccc12)c1ncncc1Cl
56319,1,254,5.0,101.0,3.577,3.376,c1cc(NCC2CCNC2)nc(C2CC2)c1
56328,1,,,,4.287,3.946,c1cc(NCC2CCNC2)cc(C2CC2)n1
56901,1,767,5.0,151.6,4.513,3.941,CC(CC(=O)NC1CCCN(C(=O)C2CCCC2)C1)C(F)(F)F
56915,1,768,5.0,151.6,3.661,4.208,CC(C)CCC(=O)N1CCC(NC(=O)CC(C)C(F)(F)F)CC1
57140,1,370,5.0,101.0,3.868,3.579,CCc1nnc2n1CC(NC(=O)CCC1CCCNC1)CC2
57322,1,242,5.0,101.0,1.695,4.03,NC(=O)Nc1ccc(CNC(=O)CCC2CCCNC2)cc1
57585,1,769,5.0,151.6,4.389,4.091,CCC(=O)N1CC(C)(NC(=O)CC(C)C(F)(F)F)C1
58344,1,444,5.0,101.0,4.335,3.927,O=C(NS(=O)(=O)C1CCOCC1)c1ccnn1-c1cccnc1
58912,1,,,,,,NC(Cc1c[nH]cn1)c1nnc(-c2ncccn2)o1
58943,1,,,,3.91,4.168,CC(C)N(C)C(=O)CNCC1CCN(C(=O)c2cnco2)CC1
58974,1,824,5.0,151.6,3.765,3.941,CCN(CC)C(=O)C(C)N1CCC(NC(=O)c2cnco2)CC1
59001,1,259,5.0,101.0,3.804,3.524,O=[N+]([O-])c1c(N2CCC(c3ncco3)CC2)ccc2ncccc12
59004,1,309,5.0,101.0,3.673,3.738,O=C(N1CCC(c2ncco2)CC1)C(F)(F)C1CC1
59009,1,,,,4.224,4.08,N#CCCC1CCCCN1CCc1ncco1
59022,1,394,5.0,101.0,4.664,4.832,O=C(NC1CCCN(C2CCOCC2)C1)c1ncco1
59983,1,296,5.0,101.0,4.698,4.559,CCC(C)(NC(=O)C1CCCN(C)C1=O)c1ncccn1
60642,1,352,5.0,101.0,5.184,5.23,CC(CCc1ccccn1)NC(=O)c1ccncn1
60696,1,161,5.0,101.0,3.984,5.256,CCNS(=O)(=O)c1ccc2c(c1)N(S(=O)(=O)c1cn[nH]c1)CC2
60938,1,863,5.0,151.6,2.572,4.773,CCC(=O)N1C2CCC1CC(CNC(=O)COc1ccon1)C2
61947,1,294,5.0,101.0,4.176,3.936,Cc1nnc2n1CC(NC(=O)CCc1n[nH]c3ccccc13)CC2
62780,1,,,,4.546,4.398,O=C(CC1CCNC1=O)NC1CCN(c2nc3ccccc3s2)C1
62872,1,110,5.0,101.0,3.293,4.752,O=C(C1CCc2nncn2C1)N1CCCN(c2ncccn2)CC1
62954,1,313,5.0,101.0,2.285,3.915,Cc1ccc(CN(C)C(=O)C(C)(C)C2CCNCC2)cc1
63643,1,,,,2.915,3.532,O=C(NCCCn1cccn1)Nc1ncccc1C(F)(F)F
63712,1,81,5.0,101.0,3.629,3.892,O=C(NCc1ccc(F)cn1)Nc1ccc2c(c1)NCCC2
63895,1,340,5.0,101.0,4.546,4.543,Fc1cnccc1NCc1cnco1
64592,1,373,5.0,101.0,4.183,3.935,CC(NC(=O)c1ccnc(N2CCNCC2)c1)c1cnccn1
64717,1,55,5.0,27.2,4.295,4.252,CCOc1ncccc1S(=O)(=O)NC(=O)C(C)Cn1ncc2ccccc21
64811,1,188,5.0,101.0,4.413,4.881,O=C(Nc1ccc(N2CCCCC2)cn1)c1ccc2c(c1)CCN2
65008,1,137,5.0,101.0,3.854,3.696,CC(CO)NC(=O)c1cccnc1SC(C)C(=O)N1CCCC1
65117,1,,,,3.023,5.324,CN(CC1CCCS1(=O)=O)C(=O)N(C)c1ccncc1
65365,1,349,5.0,101.0,4.32,4.958,COC(=O)c1coc(CN(C)Cc2cc[nH]n2)n1
65382,1,302,5.0,101.0,3.028,4.801,O=C(NCCN1CCOCC1=O)c1cccnc1-n1cccn1
65392,1,285,5.0,101.0,3.965,4.783,O=C(NCCC1CC=CC1)c1ccnc(-n2cccn2)c1
65430,1,770,5.0,151.6,4.791,4.977,CC(C)CCCC(=O)N1CC(C(C)NC(=O)c2cc[nH]n2)C1
65555,1,771,5.0,151.6,4.349,3.896,CCC(=O)N1CCC(CNC(=O)C(C)(CC)CO)(C(C)(C)C)C1
66135,1,526,5.0,151.6,2.528,3.932,CCCc1ncc(CNC(=O)Nc2cccnc2)o1
66331,1,418,5.0,101.0,4.513,3.953,CC(NC(=O)c1cccnc1C1CC1)C1CCNCC1
66538,1,337,5.0,101.0,4.767,4.782,CCNC(=O)N1CCC(C(=O)NC(C)c2cn[nH]c2)CC1
66949,1,,,,4.493,4.167,Fc1nccc(Sc2ncc[nH]2)n1
66955,1,866,5.0,155.2,4.589,4.194,O=C(O)c1nccc(Sc2ncc[nH]2)n1
67126,1,825,5.0,151.6,5.386,5.258,CC(CC(=O)NCC1CCN(CC(=O)N(C)C)C1)c1ccncc1
67150,1,844,5.0,151.6,3.245,4.526,N#CCC(=O)NC1C2CN(C(=O)CCn3cncn3)CC21
67457,1,858,5.0,151.6,3.737,4.7,CC(C)(C(=O)N1CC2C(C1)C2NC(=O)CC#N)N1CCCCC1
68683,1,113,5.0,101.0,3.858,4.286,CCC(C)C(NC(=O)c1ccc2c(c1)OCO2)C(=O)Nc1cccc(N2CCCC2)c1
68883,1,155,5.0,101.0,5.552,5.48,CC(C)N(Cc1cccnc1)Cc1n[nH]c2ccccc12
69028,1,145,5.0,101.0,5.603,5.002,CC(C(=O)NCCN1CCCC1)N1CCc2ccccc21
69067,1,390,5.0,101.0,3.682,4.387,CC(NC(=O)c1ccc2c(c1)CCN2)C1(O)CCNC1
69074,1,,,,4.358,4.882,O=C(CN1CCCC1)c1ccc2c(c1)CCN2
69262,1,43,5.0,27.2,4.075,3.758,O=C(NCC(=O)N1CCc2ccccc21)c1cnc(-c2ncccn2)s1
69436,1,185,5.0,101.0,2.921,4.641,CC(=O)NC(C)C1CCN(C(=O)NCCc2ccccn2)CC1
70091,1,772,5.0,151.6,4.165,3.637,CCC(=O)N1CCC1CNC(=O)Cc1ccc(=O)[nH]c1
70596,1,773,5.0,151.6,3.777,4.116,CCC(F)C(=O)N(C)CC1CCN(C(=O)C(C)(C)c2cnco2)C1
70623,1,270,5.0,101.0,5.129,5.439,CC(NC(=O)NCc1ccccc1N1CCCC1)c1ncco1
71025,1,115,5.0,101.0,4.129,3.737,CCn1ncc2ccc(NC(=O)N(C)C(C)c3ccncc3)cc21
72020,1,862,5.0,151.6,4.736,4.386,CC(C(=O)N1CC2CCCN(C(=O)CCF)C2C1)n1ccnc1
72495,1,405,5.0,101.0,5.104,5.095,O=C(NCCc1cocn1)c1ccnc(OCC(F)(F)F)c1
72578,1,201,5.0,101.0,5.207,4.777,CCC(=O)c1cccc(S(=O)(=O)Nc2ccc3c(c2)CCN3)c1
72721,1,27,5.0,24.5,4.585,5.137,O=S(=O)(N1CCCC1)N1CCc2ccc(Br)cc21
72837,1,162,5.0,101.0,3.803,4.626,FC(F)C(F)(F)COc1cc(NCc2cncnc2)ccn1
73035,1,258,5.0,101.0,4.052,4.008,O=C(NCc1nnc2n1CCCC2)c1cncc(N2CCCC2)n1
73290,1,,,,4.227,3.646,Nc1ccncc1C(=O)CCC1CCNCC1
74188,1,392,5.0,101.0,4.385,3.97,O=C(c1ccc2cn[nH]c2c1)N1CCC(c2ccno2)C1
74411,1,851,5.0,151.6,4.447,4.51,Cc1nccn1CC(=O)NCCC(NC(=O)CN1CCCC1)C(C)C
74534,1,774,5.0,151.6,4.866,4.558,CCC(F)(F)CC(=O)N(C)CC1CCN(C(=O)Cc2cccnc2)C1
75041,1,775,5.0,151.6,4.309,4.144,O=C(c1cccc2[nH]ncc12)N1C2CCC1CN(c1ncccn1)CC2
75046,1,445,5.0,101.0,5.336,5.353,CN(CCc1ncccn1)C(=O)c1cc(Br)c2[nH]ncc2c1
75048,1,776,5.0,151.6,3.779,3.793,O=C(Cc1ccc2cn[nH]c2c1)NCC(O)CNc1ncccn1
75326,1,610,5.0,151.6,4.383,4.199,O=C(NCCN1CCc2ccccc21)C1CNC2(CC2)CO1
75387,1,363,5.0,101.0,4.02,3.926,CC(NC(=O)c1ccc2c(c1)CCN2)c1ncccc1Cl
76291,1,295,5.0,101.0,4.234,4.243,CCS(=O)(=O)N1CC(CNC(=O)CC(C(F)F)n2ccnc2)C1
76407,1,826,5.0,151.6,4.665,4.667,O=C1NCCC1N1CCCN(C(=O)CC2CCS(=O)(=O)C2)CC1
76428,1,562,5.0,151.6,5.436,4.604,CC1(C(=O)NCCN2CCCC2=O)CCCS1(=O)=O
76437,1,187,5.0,101.0,4.033,4.42,O=C(NCC1CCCS1(=O)=O)c1ccccc1N1CCCC1=O
76574,1,446,5.0,101.0,4.611,5.127,COc1cnccc1CNS(=O)(=O)c1cnc2cccnn12
77581,1,777,5.0,151.6,4.388,4.169,CC(NC(=O)c1ccon1)C1CN(C(=O)CC(O)CN(C)C)C1
77791,1,,,,4.32,3.791,CCC(=O)c1ccccc1Sc1ccncn1
78261,1,99,5.0,101.0,4.925,5.851,O=C(NCc1ccc(N2CCCC2=O)cc1)NCc1ccc2c(c1)OCO2
78532,1,447,5.0,101.0,3.445,5.266,CC(C)COC1CN(C(=O)CC(C)N2CCc3ccccc32)C1
78609,1,,,,3.995,4.157,CC(S)C(=O)N1CC(OCc2ccccc2)C1
79153,1,221,5.0,101.0,5.186,4.751,CC(CC(=O)Nc1cnn(C2CCNCC2)c1)n1ccnc1
79400,1,67,5.0,101.0,4.174,3.62,CC(NC(=O)c1c[nH]c2ccccc12)C1(C)CC1
79657,1,448,5.0,101.0,4.448,4.404,CCc1cccc2sc(NC(=O)C(O)c3c[nH]cn3)nc12
80825,1,,,,2.905,4.16,CCC1CCC(C(=O)NCCN(CC)C(=O)c2cc[nH]n2)O1
81434,1,827,5.0,151.6,3.203,4.661,CC(CNC(=O)c1ccn(C2CCCC2)n1)N(C)c1ncccn1
82401,1,778,5.0,151.6,4.081,4.355,CC(CNC(=O)Cc1cnns1)N(C)C(=O)CCc1ncccn1
82412,1,828,5.0,151.6,4.435,4.225,CN(C(=O)Cn1cccn1)C(CNCc1cncs1)C1CC1
82527,1,411,5.0,101.0,3.324,3.143,CC(C)(C)c1nnc2n1CC(C(=O)Nc1ccncn1)CC2
82633,1,,,,3.508,4.531,N#CCS(=O)(=O)NCc1cncs1
82666,1,56,5.0,27.2,4.801,4.682,c1ccc2c(c1)C(NCc1ccc(-c3cnco3)cc1)CCC21CC1
82705,1,,,,3.635,4.461,CN(CC(O)CNCc1cn(C(C)(C)C)nn1)C(=O)c1cc[nH]n1
82790,1,,,,4.34,4.583,O=S1(=O)Cc2c(cccc2-c2cnc(-c3ccccc3)o2)N1
83456,1,200,5.0,101.0,4.015,4.084,CCC(CC)C(CCNC(=O)c1cn[nH]c1)OC
83786,1,779,5.0,151.6,4.453,4.311,CC(NC(=O)c1cccc2[nH]ncc12)C(C)(C)NC(=O)CO
84541,1,245,5.0,101.0,3.165,3.662,CC(C)(C)N1CCC(NC(=O)NNC(=O)c2cn[nH]c2)CC1
84544,1,248,5.0,101.0,3.547,3.402,CC(C)(C)N1CCC(NC(=O)NNC(=O)c2cn[nH]c2)C1
84716,1,60,5.0,41.5,3.812,4.047,O=C(Cc1cnc2ccccc2c1)N1CCCC(N2CCNC2=O)C1
85352,1,780,5.0,151.6,5.054,4.722,O=C(CCCF)NCC(CO)NC(=O)c1ncccn1
85390,1,781,5.0,151.6,4.814,4.406,CCC(SC)C(=O)NCC(NC(=O)c1ncccn1)C(C)C
86181,1,330,5.0,101.0,4.777,4.761,CC(C)(CNS(=O)(=O)c1cnc2cccnn12)C(F)(F)F
86222,1,354,5.0,101.0,,,Cc1cn2nc(C(=O)NS(=O)(=O)CCC(C)(C)C)cc(C)c2n1
86322,1,829,5.0,151.6,4.293,4.517,CC(CNC(=O)CC1CCCC(=O)N1)Nc1nc2ccccc2s1
87026,1,456,5.0,101.0,4.351,4.287,CN(CC1CCC(=O)N1)C(=O)c1cnc2cccnn12
87625,1,782,5.0,151.6,4.044,4.06,CC(CCNC(=O)Cc1cn[nH]c1)NC(=O)C1(O)CCOCC1
87747,1,449,5.0,101.0,4.048,4.466,O=C(CC1NCc2ccccc21)Nc1cccc2cn[nH]c12
88601,1,,,,3.68,4.16,CC(NCc1ncccn1)c1cnc2ccsc2c1
89709,1,450,5.0,101.0,4.573,5.363,O=C(Nc1n[nH]c2cc(F)ccc12)c1cccn2cnnc12
91081,1,451,5.0,101.0,3.422,4.142,CC(C)(C(=O)O)n1ccc(NC(=O)c2ccc3cccnc3c2)n1
91439,1,590,5.0,151.6,4.537,4.793,CCc1cc(COC(=O)c2ccc3c(c2)NS(=O)(=O)C3)no1
91922,1,316,5.0,101.0,4.297,4.139,Cc1cc(N2N=C(C(C)NC(=O)OC(C)(C)C)CC2=O)ccn1
92303,1,122,5.0,101.0,4.207,4.31,CCNC(=O)C(C)NC(=O)c1ccc(C(=O)N(CC)CC)cc1
92775,1,783,5.0,151.6,4.037,3.939,CC(CO)C(=O)N1CCCC1CNC(=O)Cc1n[nH]c(=O)s1
92873,1,830,5.0,151.6,1.713,3.299,CNS(=O)(=O)CC(=O)N1CCC(NCCN2CCNC2=O)C1
92920,1,131,5.0,101.0,3.597,4.066,O=C(CCCc1nc2ccccc2s1)NC1CCCOC1
92925,1,,,,3.49,3.809,CC1CCOCC1NCCNc1ccc2ccccc2n1
93118,1,164,5.0,101.0,4.605,4.343,CC(C1CC1)N(C(=O)c1cccc2cc[nH]c12)C1CC1
94229,1,165,5.0,101.0,4.444,4.065,CCOC(=O)N1CCN(C(=O)CNC(=O)c2cc3ccccc3[nH]2)CC1
94391,1,864,5.0,151.6,,,CC(NC(=O)CSC(F)(F)F)C(CO)NC(=O)C1CNC(=O)N1
94714,1,784,5.0,151.6,3.53,4.038,CCC(=O)NC12CCC(CNC(=O)C3CNC(=O)N3)(CC1)OC2
94799,1,785,5.0,151.6,3.502,3.46,N#CCC(=O)NC1(CNC(=O)CCC2CCC(=O)N2)CC1
95588,1,577,5.0,151.6,4.887,4.961,C=CCN1CC(NCC(c2cccnc2)N(C)C)CCC1=O
96113,1,786,5.0,151.6,2.552,3.653,COCC(OC)C(=O)N1CCCC1CNC(=O)CN1CCCC1=O
96278,1,,,,5.037,4.734,O=C(C1Cc2ccccc2CN1)N1CCN(c2ccc3[nH]ncc3c2)C(=O)C1
96564,1,,,,5.647,5.905,CCN1CCCC(NC(=O)c2ccc3c(c2)CCN3)C1=O
97204,1,315,5.0,101.0,3.036,3.446,O=C(NCc1ccno1)c1cn(-c2ccccc2)cn1
97238,1,,,,3.971,3.957,O=CCCc1c(Br)n[nH]c1Br
97354,1,,,,5.254,5.026,C=C(Cn1ccnc1)C(=O)Nc1cnn(CC(=O)N(C)C)c1
97404,1,324,5.0,101.0,4.004,3.76,CC(NCCn1ncc2ccccc21)c1c[nH]cn1
98152,1,48,5.0,27.2,2.02,3.76,CC(c1nc2ccccc2o1)N1CCN(C2CCS(=O)(=O)C2)CC1
98884,1,,,,3.575,5.108,CC(C)(C(=O)Nc1ccc2c(c1)OCO2)N(Cc1cccnc1)C(=O)Cc1ccccc1
99297,1,290,5.0,101.0,5.121,4.858,O=C(c1cnc(C2CCNCC2)o1)N1CCCc2ccccc21
99664,1,787,5.0,151.6,3.407,5.183,CC(C)SC(C)C(=O)N1CCCC1CNC(=O)Cc1cocn1
99744,1,203,5.0,101.0,4.196,4.095,CC1CCNC(=O)C1NC(=O)CSc1nnc2ccccn12
101781,1,788,5.0,151.6,3.097,4.716,CN(CCNC(=O)C1CNC(=O)N1)C(=O)C1(C2CCOCC2)CC1
102808,1,139,5.0,101.0,3.581,5.082,c1cc(-c2ccc(CNCc3ccc4cn[nH]c4c3)cc2)[nH]n1
102839,1,789,5.0,151.6,4.281,4.042,O=C(Cc1ccc2[nH]ncc2c1)NCC(O)CNC(=O)c1cc[nH]n1
102932,1,9,5.0,24.5,4.502,4.087,CC(C)OCCCn1c(SC(C)C(=O)N2CCCc3ccccc32)nc2ccccc2c1=O
104497,1,339,5.0,101.0,2.789,3.725,CC(C)Cc1nnc2c(C(=O)OC(C)c3ccncc3)cccn12
104894,1,403,5.0,101.0,4.02,3.926,O=C(COC1CCC1)N1CCC(c2ccno2)C1
105126,1,253,5.0,101.0,3.343,3.68,COc1ccc(CCN(C)C(=O)C2CCC(=O)NC2)cn1
106545,1,279,5.0,101.0,4.423,3.912,CN(Cc1nccn1C)C(=O)NCCN1CCc2ccccc21
106576,1,320,5.0,101.0,3.936,3.816,CC(Cc1nccn1C)NC(=O)Nc1ccc2c(c1)CCN2
107313,1,843,5.0,151.6,3.734,3.392,O=C(NC(CO)c1nc[nH]n1)c1cnc(C2CCNCC2)nc1
111024,1,66,5.0,101.0,4.225,3.935,Cc1cccc2c1CCCN2CC(=O)NCC1CCCO1
114736,1,525,5.0,151.6,5.386,5.258,CC(C(=O)NCC1CCCN1CCCO)N1CCCCC1=O
116664,1,97,5.0,101.0,4.96,5.342,Cn1nc(C(=O)NCCCN2CCNCC2)c2ccccc21
118923,1,790,5.0,151.6,3.898,5.224,CCC(C(=O)NC1CC(NC(=O)CC#N)C1)n1ccnc1
118932,1,854,5.0,151.6,3.774,5.008,CC(Cn1ccnc1)C(=O)N1CC2C(C1)C2NC(=O)CC#N
119126,1,179,5.0,101.0,5.359,5.039,CC(C)Cc1nsc(NC(C)CCN2CCCC2)n1
119620,1,128,5.0,101.0,5.944,5.998,CC(C)C(=O)NC(Cc1c[nH]c2ccccc12)C(=O)N1CCCC1
119723,1,275,5.0,101.0,4.642,4.821,O=C(CNc1cccc2c1CCN2C(=O)C(F)(F)F)N1CCC1
120944,1,,,,2.888,5.288,CCOC(=O)C1(C2=NNC(=O)C2)CCOCC1
122137,1,585,5.0,151.6,4.945,4.578,CC(C(=O)N(C)C1CCCNC1=O)N1CCNCC1
124015,1,334,5.0,101.0,4.052,3.775,CC(C)(NC(=O)C1CCNc2ccccc21)C1CCNCC1
124499,1,102,5.0,101.0,4.001,3.925,CCSc1cc(C(=O)NC(C)COC)ccn1
124652,1,116,5.0,101.0,4.223,3.878,CCN(CC)C(=O)c1cccc(NC(=O)C(C)N2CCc3ccccc32)c1
124666,1,791,5.0,151.6,4.316,3.768,CC(CNC(=O)C1CNC(=O)N1C)NC(=O)Cc1ccn[nH]1
124674,1,452,5.0,101.0,4.508,4.051,O=C(NCCN1CCNC1=O)NCc1ccc(-c2ccn[nH]2)cc1
124752,1,169,5.0,101.0,4.208,3.814,O=C(CCCN1CCCCC1)N1CCC1c1ccccc1
125028,1,616,5.0,151.6,4.261,3.952,CC(CNS(=O)(=O)CCc1cnoc1)Cn1cc(C(F)(F)F)cn1
125044,1,792,5.0,151.6,4.32,3.791,CC(CCNC(=O)CCc1cnoc1)N(C)C(=O)c1[nH]ncc1Cl
128372,1,516,5.0,151.6,3.815,3.92,O=C1NCCN1CCN1Cc2ccccc2C(n2cccn2)C1
129526,1,793,5.0,151.6,4.651,4.001,CC(=O)NCC1CC(NC(=O)Cc2nnc3n2CCCC3)C1
129593,1,138,5.0,101.0,4.285,4.03,O=C(CCC1CCCO1)NCC1(O)CCCc2ccccc21
129989,1,,,,4.757,4.815,CCn1cccc(CNC(=O)Nc2cn3cccnc3n2)c1=O
130294,1,549,5.0,151.6,4.435,4.162,CCCC(=O)Nc1ccc(C(=O)NC(C)COC)cc1
131861,1,234,5.0,101.0,4.616,4.03,c1cc(-c2cnn(C3CCCCO3)c2)c2cn[nH]c2c1
132547,1,23,5.0,24.5,4.925,5.851,CC(C)(C)c1cnc(C(=O)NC(CO)Cc2c[nH]c3ccccc23)o1
134972,1,,,,3.54,4.601,CC(CNC(=O)C1(C#N)CCCOC1)NC(=O)c1ccon1
135020,1,794,5.0,151.6,3.581,4.779,CN(CC(C)(C)NC(=O)C1CCCOC1)C(=O)Cc1cnoc1
137292,1,15,5.0,24.5,4.825,4.87,O=C(NCc1ccc2c(c1)OCO2)c1ccc(N2CCOC2=O)cc1
137405,1,,,,4.331,4.188,CC(C)=CCOC1CCOCC1NC(=O)c1cn2cccnc2n1
137590,1,62,5.0,83.7,4.215,4.279,O=C(Cc1nsc2ccccc12)N1CCOCC1c1nc2ccccc2s1
137594,1,109,5.0,101.0,4.791,4.615,CCOc1ccc2nc(NC(=O)Cc3noc4ccccc34)sc2c1
138541,1,467,5.0,151.6,5.261,5.938,NC(=O)C1CCCN(C(N)=O)C1
139485,1,,,,4.617,4.55,O=C(Cc1cocn1)Nc1ccc2c(c1)C(F)CC2
140626,1,,,,,,CC1=NC(C#Cc2[nH]nc3ccccc23)(c2ccccc2)C(=O)C1
140978,1,,,,5.081,5.057,COc1ccc(C(C)=O)cc1-c1n[nH]cc1CN
140988,1,,,,4.688,4.61,CNNc1ccccc1-c1n[nH]c(C)c1CO
141599,1,,,,3.962,4.306,COC(=O)c1cc(C)ncc1N(C)N
141610,1,,,,3.579,3.553,CCNCc1ccc(OC=O)cn1
142584,1,,,,,,CN1CCc2cc(F)c(OC(=O)N3CCCC(C(N)=O)C3)cc2C1CCOc1ccc(CNCc2ccc(C#N)cc2)cc1
142646,1,,,,,,CCC(=O)c1ccc2c(c1NC(C)=O)[NH+]([O-])C=C2
143244,1,,,,,,NC(=O)C1CCCN(C(=O)NC2CN(CS)NC23CCCC2(CCC2)N3)C1
143262,1,,,,,,CC1CCC(C(N)=O)CN1C(=O)Nc1cn(CS)nc1C(=O)NC1CCC1
143369,1,,,,,,Cc1ccc(C(O)(C=O)NCc2cocn2)c2[nH]ccc12
145049,1,,,,,,CN1NCC(O)(N2CCCC2c2c[nH]cn2)Cc2ccccc21
145578,1,,,,,,CC1Sc2ccccc2C(C=O)C1C
145634,1,,,,,,CC1CC(C(O)(O)N2CC(C(N)(O)O)CCC2N)c2ccccc2S1
145809,1,,,,,,CN1NCC(O)(N2CCCC(S(N)(=O)=O)C2)Cc2cc(F)ccc21
145866,1,,,,,,CN(C)Nc1ccccc1CC(O)(O)N1CCCC(S(N)(=O)=O)C1
145902,1,,,,,,CSc1ccccc1C1CC2C(=O)CC(S(N)(=O)=O)CN2C1=O
145928,1,,,,,,CSc1ccccc1C(=O)C(=NC(C)=O)N1CCCC(S(N)(=O)=O)C1
145997,1,,,,,,CSc1ccccc1CC(O)(N1CCc2nccc(O)c2C1)N1CCCC(S(N)(=O)=O)C1
146040,1,,,,,,Cc1cc(C(O)(c2nccn2C)N2CCCC(S(N)(=O)=O)C2)c2ccccc2c1
146049,1,,,,,,CSC1CCC2CCCC(O)(N3CCCC(C)(S(N)(=O)=O)C3)CC21
146186,1,,,,,,CSc1ccccc1C1C(=O)C2CC(C)C(C(F)F)CN2C1=O
146205,1,,,,,,CSc1ccc(C(F)(F)F)cc1CC(O)(O)N1CCCC(C(F)F)C1
146309,1,,,,,,CSc1ccccc1CC(O)(N1CCc2nccc(O)c2C1)N1CCCC(C(F)F)C1
146731,1,,,,,,CSc1cc(C)cc2c1CC(O)(N1CCCC(CF)C1Cl)NCC(c1ccc3ccccc3c1)NC(=O)C2
146746,1,,,,,,CN1NCC(O)(N2CCCC(CF)C2)Cc2ccccc21
146754,1,,,,,,CSc1ccccc1CC(N=O)N1CCCC(C(N)F)C1
146932,1,,,,,,CSc1ccccc1CC(O)(N1CCc2nccc(O)c2C1)N1CCCC(CF)C1
146975,1,,,,,,CSc1ccccc1CC(O)(c1nccn1C)N1CC(C(N)F)CCC1=O
146980,1,,,,,,CSc1ccc(Br)cc1CC(O)(O)N1CCCC(C(N)F)C1
146994,1,,,,,,CNC=NC(Cc1ccccc1SC)N1CC(C(N)F)CCC1=O
147247,1,,,,,,CSc1ccccc1CC(O)(N1CCc2nccc(O)c2C1)N1CC(O)C1
147248,1,,,,,,CSc1ccccc1CC(O)(O)N1CCc2nccc(O)c2C1=O
147255,1,,,,,,CSc1ccccc1CC(O)(N1CCc2nccc(O)c2C1)N1CCCC(O)C1
148261,1,,,,4.269,3.666,CCOCCCC(C)C(F)(F)F
151234,1,,,,,,CS(F)(F)c1ccc(N2CCOCC2)c(C(F)(F)F)c1NC(=O)N1CCCC(C(N)=O)C1
151519,1,,,,,,Cc1ccc2c(c1OC(O)(O)N1CC(O)CC3(CNNN3)C1)CCC2
151891,1,,,,,,Cc1cc([SH](C)F)c(C(C)C(=O)N2CCCC(C(N)=O)C2)cc1-n1cccn1
152685,1,,,,,,NC(O)(O)C1CCCN(C(Cc2ncc3ccc(OS)cn23)N=O)C1
154866,1,,,,,,Cc1ccc2onc(C(C)(O)N3CC(C(N)=O)CCC3=O)c2c1
155423,1,,,,,,CC1C23C=C(CCCC(=C2)C1(N=O)N1CCCC(C(N)=O)C1)C(F)CC3
155426,1,,,,4.087,3.954,COc1c(CC(=O)N2CC(=O)CC(C(N)=O)C2)ccc(F)c1F
155615,1,,,,,,COC1C(CC(=O)N2CCCC(C(N)=O)C2)CC2(CCNN2)C(F)C1F
155988,1,,,,,,NC(=O)C1CCCN(C(=O)CC2CC3(CCNCC3)CCC2C(F)(F)F)C1
157476,1,,,,,,C=CC1CC(C)NC2(CCC(C(=O)C(C)S)CC2)C1CC(=O)N1CCCC(C(N)=O)C1
159094,1,,,,,,COc1ccc(NS(C)(=O)=O)cc1C(=O)C(=O)N1CCC(O)C(C(N)=O)C1
160224,1,,,,,,CCC(CC1CCC(C)NC1C(=O)N1CCCC(C(N)=O)C1)S(=O)(=O)CC
160667,1,,,,,,CN(c1ccc(F)cc1)C1C2C(CCCCC2C(=O)N2CCCC(C(N)=O)C2)CC1C(F)(F)F
160793,1,,,,,,CSc1ccc2c3c(n(C)c2c1NC(=O)N1CCCC(C(N)=O)C1)COC3
161860,1,,,,5.449,5.573,CCC1CC(C(N)=O)CN1C(=O)C(C)c1ccccc1OC
162058,1,,,,,,CC(=O)NC1N2COc3cc(C)cc(c32)C1(O)N1CC(C(N)=O)CCC1=O
164254,1,,,,,,NC(=O)C1CCC(=O)N(CC2CCCC3=C2CCCC3)C1
166112,1,,,,,,Cc1cc(C(C)(O)N2CC(C(N)(O)O)CCC2=O)c2ccccc2c1
166354,1,,,,,,Cc1cc(C(C)N2C(=O)CCC3(CNNN3)C2O)c2ccccc2c1
166559,1,,,,,,NC(=O)C1CCCN(C(=O)C2(Cc3ccc(F)cc3)Cc3[nH]cc4cccc2c34)C1
168335,1,,,,,,COc1ccncc1C(CCN(C)c1ccncc1CC(=O)N1CC(C(N)=O)CC2CCCCC21)C(=O)N1CCC(C(N)=O)C1
169562,1,,,,,,NC(=O)C1CCC(O)N(C(=O)c2[nH]nc3cncnc23)C1
170684,1,,,,,,CN1NCC(O)(N2CC(O)(C(N)(O)O)CCC2N)Cc2ccccc21
171574,1,,,,,,Cc1[nH]c(C(=O)N2CCCC(C(N)=O)C2)c2c(O)c3c(cc12)NC(=O)CC3
171861,1,,,,,,Cc1cc2c3c(c1)C(O)(N1CC(C(N)(O)O)CCC1=O)CN3CO2
176894,1,132,5.0,101.0,5.856,5.95,COc1ccc(Br)cc1C(=O)C(=O)N1CCCC(C(N)=O)C1
177719,1,,,,3.5,3.603,CCCC(O)c1cc(C(C)O)c[nH]1
178840,1,,,,,,Cc1cc(CN2CC(C(N)=O)CCC2=O)c2c(c1)NC(c1ccccc1)O2
179389,1,,,,,,CN1NCC2(NCCCCN(CC3C[SH](O)C(N)N3)C2=O)c2cccnc21
179963,1,,,,3.084,3.143,CCCCCOC
180463,1,,,,,,CC1CN(C2CNNc3cccc4c3C2CC4)CC2(C1)NCOC2N
181196,1,,,,,,CSc1ccccc1C1=CC2N(CCC2(O)c2cnn[nH]2)C1=O
181214,1,,,,,,CSc1ccccc1C1=CC2N(CCC2(O)c2cn(O)nn2)C1=O
181219,1,,,,,,CSc1ccccc1C12CC(N3CCCCC3)N=C1N1CCC(O)(c3cnn[nH]3)C1C2=O
181232,1,,,,,,CSc1ccccc1CC(O)(O)N1CC(F)(OCF)C(O)(c2cn(O)nn2)C1
181248,1,,,,,,CSC1CCC2(COCO2)CC1CC(O)(O)N1CCC(O)(c2cnn[nH]2)C1
181267,1,,,,,,O=C1c2cccc3nccc(c23)C1(O)N1CCC(O)(c2cn(O)nn2)C1
181280,1,,,,,,ONC1N(C2(O)CCc3ccccc32)CCC1(O)c1cn[nH]n1
181298,1,,,,,,O=C1C2CCCC3CCCC(C32)C1(N1CCC(O)(c2cnn[nH]2)C1)n1cccn1
181304,1,,,,,,CSc1cccc2c1C(=O)C(C(O)N1CCC(O)(c3cnn[nH]3)C1)C2
181314,1,,,,,,CSC1CCC2CCNC3(O)C(=CC4N3CCC4(O)c3cnn[nH]3)C21
181316,1,,,,,,CSc1ccccc1C(=O)C(O)(F)N1CCC(O)(c2cn(O)nn2)C1
181317,1,,,,,,CSc1ccccc1C1C(=O)C2N(CCC2(O)c2cnn[nH]2)C1=O
181318,1,,,,,,CSc1ccccc1C(=O)C(O)(F)N1CCC(O)(c2[nH]nnc2O)C1
181320,1,,,,,,CN1NCC(O)(N2CCC(O)(c3cnn[nH]3)C2)Cc2ccccc21
181344,1,,,,,,Cc1ccc(CC(O)(O)N2CCC(O)(c3cnn[nH]3)C2)c([SH](C)C)c1
181372,1,,,,,,CC1CCC(O)(N2CCC(O)(c3cnn[nH]3)C2)Cc2ccccc21
181421,1,,,,,,CSc1cccc2c1CC(O)(N1CCC(O)(c3cnn[nH]3)C1)N(C)CS2
181426,1,,,,,,CSc1ccc(Br)cc1CC(O)(O)N1CC(O)(c2cn(O)nn2)CC1C
181432,1,,,,,,OC1(c2cnn[nH]2)CCN(C(O)(O)CC2CCCC3CSCCC32)C1
181440,1,,,,,,CSc1ccc(C(=O)Nc2ccncc2)cc1C(=O)C(=O)N1CCC(O)(c2cn(O)nn2)C1
181441,1,,,,,,CSC1CCC2(CCNN2)CC1CC(O)(O)N1CCC(O)(c2cnn[nH]2)C1
181443,1,,,,,,CCSc1ccccc1CC(O)(O)N1CCC(O)(c2cnn[nH]2)C1
181448,1,,,,,,Cc1ccc2cc[nH]c2c1CC(O)(O)N1CCC(O)(c2cnn[nH]2)C1
181450,1,,,,,,CSC1CCC2(CCCN2)CC1CC(O)(O)N1CCC(O)(c2cnn[nH]2)C1
181906,1,,,,,,CSc1ccccc1CC(N=O)N1CCCC(CCO)C1
181935,1,,,,,,CSc1ccccc1CC(N=O)N1CCCC(C(=O)CO)C1
181958,1,,,,,,CSc1ccc(CC#N)cc1CC(N=O)N1CCCC(CCO)C1
181990,1,,,,,,CC1COC(C(N=O)N2CCCC(CCO)C2)c2ccccc21
182001,1,,,,,,CSc1cccc(Cl)c1C1=CC2CCC(CCO)CN2C1=O
182105,1,,,,,,CCSCc1ccccc1CC(N=O)N1CCCC(C(=O)CO)C1
182109,1,,,,,,CSc1cccc(C)c1CC(N=O)N1CCCC(CCO)C1
182121,1,,,,,,CSc1ccc(Cl)cc1CC(N=O)N1CCCC(CCO)C1
182125,1,,,,,,COc1cc(CC(N=O)N2CCCC(CCO)C2)c(SC)cc1OC
182134,1,,,,,,CSc1ccccc1CC(N=O)N1CC(C)CC(CCO)C1
182163,1,,,,,,CNNc1ccccc1CC(N=O)N1CCCC(C(=O)CO)C1
182169,1,,,,3.625,3.607,CC(CCC=O)C(=O)CO
182181,1,,,,,,CSc1ccc2scnc2c1CC(N=O)N1CCCC(CCO)C1
182188,1,,,,,,CSc1ccc(Br)cc1CC(N=O)N1CC(C)CC(CCO)C1
182197,1,,,,,,C#Cc1ccc(SC)c(CC(N=O)N2CCCC(CCO)C2)c1
182207,1,,,,,,C#[SH](C)c1ccccc1CC(N=O)N1CCCC(CCO)C1
189983,1,,,,,,COC1CC2CCCCC2C1C(=O)C(=O)N1CCC(C(N)=O)C1
191001,1,,,,,,CC1CCC(C(N)=O)CN1C(=O)Cc1c(CS)nc2n1CCC(Br)C2
191305,1,,,,,,CCCC(O)C1CC(Cc2ccccc2)C(O)(N2CCCC(C(N)=O)C2)N1
192018,1,,,,4.967,6.035,C#CC(NC(C)Cc1cocn1)c1nn(C)c2ccccc12
192498,1,,,,,,COc1cc(NC(=O)CC(C)C(F)(F)F)n(CCN=C(Nc2ccccc2F)N2CCCC(C(N)=O)C2)n1
192757,1,,,,,,Cc1cnc(CNC(O)(O)C(NCc2ccccc2C)N2CCCC(C(N)=O)C2)o1
193306,1,,,,,,CCNC(=O)C1CCC(Br)C2(CCCCC(O)(N3CCCC(C(N)=O)C3)N2)C1
193333,1,,,,,,CCNC(=O)C1CCC(C(=O)N2CCCC(C(N)=O)C2)C2CCCC2C1
193826,1,,,,,,COC1CCC2(CCN(C)CC2)CC1CC(=O)N1CCC(C(N)=O)C1
193943,1,,,,3.906,3.897,Cc1cccc(C(C)C)c1
195109,1,470,5.0,151.6,6.062,6.215,CC(=O)N1CCC(NC(N)=O)C1
195891,1,,,,,,CCC1CCCCC1OC(O)(O)N1CCC2CNC(=O)C2C1
196558,1,,,,,,Cc1[nH]c2cc(C#N)cc3c2c1CC(O)(N1CC(C)C(N)(O)CCCC1=O)C3
196587,1,,,,,,Cc1[nH]c2cc(C#N)cc3c2c1CC(O)(N1CC(C(N)(O)O)CCC1=O)C3
197218,1,,,,,,CC1CC2(Cc3cc(Br)ccc31)CC(C(N)=O)CC(=O)C2C
197752,1,,,,,,CSc1ccc(C)c2c1N(C(C)(O)N1CCCC(C(N)=O)C1)CCCO2
200198,1,,,,,,CC1CC(C(O)(O)N2CCCC(C(N)(O)O)C2)c2c(O)cccc21
202528,1,,,,,,Cc1cc2c3c(ccn3CC2(O)N2CC(C(N)(O)O)CCC2=O)c1
202534,1,,,,,,Cc1cc2c3c(ccn3CC2(O)N2C(=O)CCC3(CNNN3)C2O)c1
203259,1,,,,4.335,4.053,Cn1cc(C(C)(O)C(=O)N2CCCC(C(N)=O)C2)c(C(F)(F)F)n1
204752,1,,,,,,CNC(O)(O)c1nn(C)c2ccc(F)cc12
204757,1,,,,,,CNC(=O)c1nn(C)c2cc(NCc3cc(C)no3)c(O)cc12
204759,1,,,,,,CN(C1CCOC1)C(O)(O)c1nn(C)c2ccccc12
204769,1,,,,5.692,5.716,CNC(=O)c1nn(C)c2ccc(Nc3ccn(C)n3)cc12
204781,1,417,5.0,101.0,5.679,5.644,Cn1nc(C(=O)NCc2cocn2)c2ccccc21
205051,1,,,,5.695,4.743,CC(=O)c1ccc2c(c1)c(C(=O)NCC1Cc3ccccc3CN1)nn2C
205067,1,327,5.0,101.0,5.549,4.599,Cn1nc(C(=O)NCC2Cc3ccccc3CN2)c2cc(F)ccc21
205071,1,,,,,,Cn1nc(C(N=O)NCC2Cc3ccccc3CN2)c2ccccc21
205099,1,,,,5.495,6.101,Cn1nc(C(=O)NCC2Cc3ccccc3CN2)c2cccc(O)c21
205207,1,,,,,,Cn1nc(C2NCC3Cc4ccccc4C3C3CCCN2C3)c2ccccc21
205350,1,,,,,,CNc1cccc2c1c(C1NCC3Cc4ccccc4C(N)(O)C34CCN1C4)nn2C
205673,1,,,,,,Cc1cccc2c1c(NCN(CO)Cc1cn[nH]c1)nn2C
205735,1,,,,,,Cc1cc2c(cc1F)c(C(O)(O)NC#N)nn2C
205775,1,422,5.0,101.0,5.633,5.995,Cn1nc(C(=O)NCCn2cncn2)c2cc(F)ccc21
206012,1,,,,,,Cn1nc(C2(N)CCCC(O)C2)c2c(CNO)c(F)ccc21
206128,1,,,,,,O=S(=O)(c1cccnc1)c1cccnc1
206533,1,,,,,,COC1CCC2(CC(NCc3ccccc3)NN2C)C2=C1C(=O)C(=O)N2
206766,1,,,,3.313,3.578,CCC(C)N1CCOCC1
207208,1,,,,,,CC1CCC(C(O)(NO)c2nn(C)c3ccccc23)CC12NCN(O)C2N
207670,1,,,,,,CCC1N(C)C(=O)Cc2cc(Br)cc3c2c(nn3C)C1(O)NCCNC(O)NC
207759,1,,,,,,Cc1ccc2c(c(C(=O)N3CCCC(C(N)=O)C3)nn2C)c1Nc1ccn(C2CCNC2=O)n1
207965,1,,,,,,CNC(=O)c1cn(C)c2cc3sc(N)nc3cc12
207977,1,,,,,,CNC(O)(C(=O)O)c1cn2c3c(cc(Br)cc13)OC2
208022,1,,,,,,CNC1CCC(C(N)=O)CC1(CO)CO
208797,1,,,,,,Cc1ccc2c(c1)c(C1(N)CC(CO)CCC1O)nn2C
209071,1,,,,,,Cn1nc(C(O)(NC2CCOC2O)N(F)F)c2ccccc21
209218,1,,,,5.643,6.028,Cc1ccc2c(c1)c(C(=O)NCCn1cncn1)nn2C
209253,1,,,,5.894,6.172,Cn1nc(C(=O)N(N)CCn2cncn2)c2ccccc21
209279,1,,,,,,CN1NC(C(O)(Cc2ncccn2)NCCn2cncn2)C2=C1CCCC2
209410,1,,,,,,Cn1nc(C(O)(O)C2CC3NCCC4(CNCN4)C3C2)c2ccccc21
209458,1,,,,,,CCN(C)C(O)(O)c1nn(C)c2ccccc12
209478,1,,,,5.678,5.893,COc1cccc2c1c(C(=O)NCCn1cncn1)nn2C
209486,1,,,,,,Cn1nc(C(=O)NCCn2cncn2)c2ccc(-c3ccc(F)cc3)cc21
209837,1,425,5.0,101.0,5.767,6.415,CC1CCC(C(N)=O)CN1C(=O)Cc1cccc2nn(C)cc12
210967,1,,,,,,CSc1cccc2c1C(N1CCCC(C(N)(O)O)C1)=NC2
211146,1,,,,,,Cc1ccc(C(=CN)N2CC3(CCC2=O)NCOC3N)c2cc[nH]c12
211238,1,,,,,,Cc1cc2c3c(c[nH]c3c1)CC2(O)N1CC(C(=O)NO)CCC1=O
211275,1,,,,,,Cc1cc2c3c(c[nH]c3c1)CC2(O)N1CC(C(N)(O)O)CCC1=O
211420,1,,,,4.353,5.224,COc1cccc(SC)c1C(=O)C(=O)N1CCC(C(N)=O)C1
212430,1,,,,,,COc1ccc(SC)c(NC(O)(O)N2CCC(O)C3(CNNN3)C2)c1Cl
212571,1,,,,,,COc1cc(C)cc(N2NN3COC4C3CN(C2=O)C42NCN(O)C2N)c1Cl
214698,1,,,,,,CCCC(N)CCCCNNC
215084,1,,,,5.174,4.974,COCC(=O)C(c1ccc(F)cc1Cl)C1(C)CCCCO1
216188,1,,,,3.751,3.796,Cc1ccc2c(c1)C(C)CC2
216299,1,,,,,,COc1ccncc1CC(N=O)N1CCCC(C(=O)CO)C1
216355,1,,,,,,COc1ccncc1C(C)C(N=O)N1CCCC(C(=O)CO)C1
216357,1,,,,,,COc1ccnc2c1CC(O)(N1CCCC(C(=O)CO)C1)CCC2
216360,1,,,,,,COc1ccncc1C(CC1CCCC1)C(N=O)N1CCCC(C(=O)CO)C1
216367,1,,,,,,COc1ccnc(Cl)c1C1=CC2CCC(C(=O)CO)CN2C1=O
216410,1,,,,,,COc1ccnc(OC)c1CC(O)(O)N1CCCC(C(=O)CO)C1
216415,1,,,,,,COc1ccnc2c1CC(O)(N1CCCC(C(N)CO)C1)CCCO2
216425,1,,,,,,COc1ccncc1C1=CC2CCC(C(=O)CO)CN2C1=O
216439,1,,,,,,CC(C)Cc1ccc(C(C)C(C)(O)N2CCCC(C(=O)CO)C2)nc1
216451,1,,,,,,COc1ccnc(OC)c1CC1N=CC2C(C(N)CO)CCCN12
216457,1,,,,,,COc1ccncc1CC(C)(N=O)N1CCCC(C(=O)CO)C1
216462,1,,,,,,COc1ccnc2c1CC(O)(N1CC(C(=O)CO)CCC1=O)CCN2
216480,1,,,,,,COc1ccnc2c1CC(N1CCCC(C(=O)CO)C1)C(=O)CC2
216499,1,,,,,,COc1ccc(Br)cc1C1=CC2CCC(C(=O)CO)CN2C1=O
216506,1,,,,,,COc1ccncc1CC(N=O)N1CC(C(=O)CO)CCC1C
216533,1,,,,,,COc1ccncc1CC(O)(O)N1CCCC(C(=O)CO)C1
216534,1,,,,,,COc1ccncc1C1C(=O)C12CCCC(CCO)C2
216542,1,,,,,,COc1ccc(Br)cc1CC(N=O)N1CC(C(=O)CO)CCC1C
216552,1,,,,,,CNC(=O)C(Cc1cnccc1OC)N1CCCC(C(=O)CO)C1
216553,1,,,,,,COc1ccncc1C1=CC2CCC(C(=O)CO)CN2C1=NC(C)=O
216729,1,,,,,,CC1C(=O)N(Cc2cocn2)CC1c1nn(C)c2ccccc12
221199,1,,,,,,COc1ccccc1C(NC(=O)OC(C)(C)C)C(=O)N1CCCC(C(N)(O)O)C1
221321,1,,,,,,COc1ccccc1C(NC(=O)OC(C)(C)C)C1(O)CC(=O)C2CC(C(N)(O)O)CNC21
221713,1,,,,,,Cc1[nH]c(C2=CNC3C(C(N)(O)O)CC(=O)N23)c2c(C)cccc12
223813,1,,,,2.805,3.187,CN(C)OC1CCN(S(C)(=O)=O)CC1
223849,1,,,,3.199,3.114,NCc1ccc2c3c(cccc13)CN2
223851,1,,,,,,CNCS(=O)(=O)C(=O)c1ccc(CN)cc1
223863,1,,,,5.517,5.298,Cc1ncc(CNC(=O)C2CCC2)cc1OC1CCN(C)C1=O
223867,1,,,,,,Cc1ncc(CNC(=O)C2CCC2)c(C)c1NC(=O)CC#N
223876,1,,,,5.265,5.135,Cc1cc(C(C)CS(N)(=O)=O)c(CNC(=O)C2CCC2)cn1
223886,1,,,,,,CCC(=NNC(NC(=O)C1CCC1)c1ccc(C)nc1)NO
223890,1,,,,,,CC(CC1(C(=O)C2CCC2)Cc2ccc(CO)nc2N1)C(F)(F)F
224261,1,,,,4.693,4.182,CCS(=O)(=O)NC(CS(N)(=O)=O)c1ccc2c(c1)OCO2
224274,1,,,,,,CCS(=O)(=O)NCc1cc2c(cc1NC(=O)CC(C)C(F)(F)F)OC(C)O2
224459,1,,,,,,CCS(=O)(=O)NCc1ccc2c(c1C(=O)N1CC(O)C1)OCO2
224597,1,,,,2.664,3.345,NC(Nc1ccn(CO)n1)c1ccccc1
224826,1,,,,5.093,4.902,c1ccc(CNc2n[nH]c3c2SCC3)cc1
224908,1,,,,5.069,4.526,COc1ccccc1C(CCS)C(=O)c1nn(C)cc1N
225528,1,,,,,,COCC(O)(Nc1c(C)cc(C)cc1C)C1CCCO1
225591,1,,,,,,COCC(=O)Nc1c(C)cc(C)cc1CNCCc1cocn1
226288,1,,,,,,C=CS(=O)(=NCN1NC(C)=CC=C1NCC)N1CCCC(C(N)=O)C1
226551,1,,,,3.761,4.262,Cc1ccc2nc(C)c(O)n2c1
226563,1,,,,,,COCC1CCC2NC(C)C(=O)N2C1
230890,1,,,,,,C=Cc1cc(C)cc(C(C)(C(=O)NC)N2CC(C(N)=O)CC2=O)c1
231412,1,,,,,,C=Cc1cc2c(cc1CS(=O)(=O)N1CCCC(C(N)=O)C1)CCCCC2
233495,1,,,,,,Cc1cc(S(=O)(=O)N2CCC(O)C3(CNNN3)C2)c2[nH]ccc2c1
234801,1,,,,,,CCNN1Cc2c(C)cccc2C1(F)F
236405,1,,,,,,COc1ncc(Br)c2c1CC(O)(N1CC(C(N)=O)CCC1=O)CCN2
236572,1,,,,,,COc1ccccc1C1CN2CC(C(N)(O)O)CCC2(O)C1=O
237665,1,,,,,,COc1ccccc1C(O)CN1CC2(CNNN2)CC(O)C1N=O
238995,1,,,,,,Cc1nc2c3c(cccc3n1)CC(=O)C1C(CC(N)N=O)CCCN21
239025,1,,,,,,NC(CC1CCCN2c3ncnc4cc(C(F)(F)F)cc(c34)CC(=O)C12)N=O
239119,1,,,,,,NC(CC1CCCN2c3ncnc4cccc(c34)C(=O)C12)N=O
242679,1,,,,,,COC(C)CCC1CC1CN(C)N
244966,1,,,,,,CSc1ccc(Br)cc1CC(O)(O)N1CCC(O)C(C(N)=O)CC1
245300,1,,,,,,Cc1ccc2c(c1)C(C)(N1CC(C(=O)NO)CCC1=O)C(O)CC2
248595,1,,,,,,O=C(NO)C1CCC2CCc3[nH]cnc3C(=O)N2C1
250249,1,,,,5.53,5.506,Cc1ocnc1CCNCC1CC(C)c2ccccc21
250497,1,,,,,,COCC(N)N=C(NCC(F)(F)c1ccccn1)c1nn(C)c2ccccc12
250878,1,,,,,,Cc1cccc2c1c(C1(O)NCCN(Cc3cc(OCN)c[nH]3)C1=O)nn2C
250918,1,,,,,,Cc1ocnc1CCNC1(O)CCCc2cccc3c2c1nn3C
251069,1,,,,,,CC1=NC(C(O)(O)NCCc2ncoc2C)=C2C(=O)C=C(Cl)C=C12
251192,1,,,,,,CNCNC(O)(O)c1nn(C)c2ccccc12
251213,1,,,,,,COC(Cc1ncoc1C)NC(O)(O)c1nn(C)c2ccccc12
251960,1,,,,,,CCc1ccc(F)nc1C(C)C(O)(O)N1CCC2CNC(=O)C2C1
252240,1,,,,,,CC1CN(S(=O)(=O)NN)CC2(C1)NCOC2N
252281,1,,,,,,Cc1cc(OC(F)F)nccccn1S(=O)(=O)N1CCCC(C(N)=O)C1
252325,1,,,,,,Cc1cc2c3c(cncc3c1)CN2S(=O)(=O)N1CCCC(C(=O)NO)C1
254258,1,,,,,,Cc1cccc(C(C=O)N2CC(C(N)N=O)C(F)(NF)CC2=O)c1
254303,1,,,,,,Cc1cccc(C(C)(O)N2CC(C(=O)NO)CCC2=O)c1
255845,1,,,,4.074,3.703,CSCCCC(C)S(C)(=O)=O
256490,1,,,,4.683,4.688,CCCCCCCCCC(CC)CC
256517,1,1,5.0,19.0,3.616,3.667,Cc1cccc2ccccc12
256535,1,,,,,,CC1CC2CCCC3CCC(N4CC(C(=O)NO)CCC4=O)C(C1)C32
256575,1,,,,,,C=Cc1ccc2c(c1CCC)CCC2
257314,1,,,,,,CSc1ccc2c(c1)C(C=O)C(C)C(SC)O2
258167,1,,,,,,CSc1ccc(C(=O)Nc2ccncc2)cc1CC(O)(O)N1CCC(O)C2(CNNN2)C1
258565,1,,,,,,CSc1ccc(-c2ccn[nH]2)cc1CC(O)(O)N1CCC(O)C2(CNNN2)C1
261944,1,,,,,,Cc1cc2c3c(c1)CC(Br)N3CCC2
263008,1,,,,,,CNN(C)c1ccc(C)c(NC(CCC(=O)N(C)CC(C)C(N)=O)NNC2CCNC2=O)c1
263060,1,,,,,,Cc1cc(C(C)C(=O)N2CCCC(C(N)=O)C2)c2c(cnn2C)c1Nc1ccn(C2CCNC2=O)n1
263137,1,,,,,,CCn1ncc2c(Nc3nn(C4CCNC4=O)cc3CNC)c(C)cc(S)c21
263490,1,,,,,,COc1ccc2c(c(C3(O)NCCCCN(CC4C[SH](O)C(N)N4)C3=O)nn2C)c1Cl
263574,1,,,,,,CNC(=NC(=O)N1CCC2(C1)C[SH](O)C(N)N2)c1nn(C)c2ccc(C(=O)Nc3ccncc3)cc12
264290,1,,,,,,Cc1cc(NC(=O)N2CC(C(N)=O)CCC2=O)c2cnn(C)c2c1
264563,1,,,,3.541,4.521,CCc1ccc(C#N)c(OC)c1NC(=O)N1CCCC(C(N)=O)C1
264587,1,,,,,,CC(O)(O)c1cccc(Cl)c1NC(=O)N1CCCC(C(N)=O)C1
264727,1,322,5.0,101.0,5.485,6.449,Cn1cnc(CCNC(=O)c2nn(C)c3ccc(F)cc23)c1
264844,1,,,,,,Cn1cnc(CC2(C(N)=O)CCC(OCO)C(N)(c3nn(C)c4c3CC3(CC4)COCO3)C2)c1
265269,1,,,,,,CC1Cc2ccccc2C1(CO)C(=O)N1CC2(COC(O)N2)C2CCCC21
265528,1,,,,,,NC1N2COCC2NC12CN1CC3C(COC32)NC(O)(N2C3=C(CCC4(CNNC4)C3)C3OCCC32)C1=O
265627,1,,,,,,CNc1cc2cn(C)nc2c(NC(=O)Cc2cocn2)c1CS(=O)(=O)NCc1ncc(C)o1
265803,1,,,,,,Cc1ccc2cn(C)nc2c1C(=O)N1CCCC2(C1)NCOC2N
265924,1,,,,,,Cn1nc2c(C(=O)C34COC5C3CC(C4)NCC53NCOC3N)ccc3c2c1C=C3C(=O)Nc1ccncc1
266276,1,,,,,,C=CS1(=O)=C(c2cc(N3CCCC3=O)ccc2SC)CC2CCC(C(N)=O)CN21
266892,1,281,5.0,101.0,5.395,5.91,Cc1ccccc1C(=O)NCCc1cocn1
266929,1,,,,,,CCCCCC(C)C(N)OCNCC1NNCC12COCN2
267601,1,,,,,,NC(=O)C1CCCN(C(=O)C2CCCCCc3sccc32)C1
267809,1,,,,,,COCC(C(C)C)C1(CNC(N)=O)C(C)=NC2C(CCS)CCC21O
268179,1,,,,,,CSC1CC2CC(CC#N)CC2C(C(=O)N2CCCC(C(N)=O)C2)C1
270367,1,,,,4.711,5.314,Fc1ccc(CC2CCCNC2)c2nc[nH]c12
272236,1,,,,,,C=C(N)C1CCCNC1C(=O)NCC(NC(=O)Cc1c(C)nn(C)c1C)c1ccc2ccccc2c1
272449,1,,,,,,Cc1nn(C)c(C)c1CC(=O)NC(CNC(=O)C1(Cl)NCCCC1S(N)(=O)=O)c1ccc2ccccc2c1
272450,1,,,,,,Cc1nn(CS)c(C)c1CC(=O)NC(CNC(=O)N1CCCC(C(F)F)C1Cl)c1ccc2ccccc2c1
272452,1,,,,,,Cc1nn(CS)c(C)c1CC(=O)NC(CNC(=O)C1(Cl)NCCCC1CF)c1ccc2ccccc2c1
272454,1,,,,,,C=C(N)C1(F)CCCNC1C(=O)NCC(NC(=O)Cc1c(C)nn(C)c1C)c1ccc2ccccc2c1
272482,1,,,,,,C=C(N)C1CC(C)CNC1C(=O)NCC(NC(=O)Cc1c(C)nn(C)c1C)c1ccc2ccccc2c1
272530,1,,,,,,C=C(N)C1CCCNC1C(=O)NCC(NC(Cc1c(C)nn(C)c1C)=NCC)c1ccc2ccccc2c1
272543,1,,,,,,C#Cc1nn(C)c(C)c1CC(=O)NC(CNC(=O)C1NCCCC1C(=C)N)c1ccc2ccccc2c1
272548,1,,,,,,C=C(N)C1CCCNC1C(=O)NCC(NC(=O)Cc1c(C)nn(C)c1C)c1ccc2c(c1)CC1(CC2)CNCCC1NC=O
272559,1,,,,,,C=C(N)C1CCC(=O)N2Cc3c(c(C)nn3C)CC(=O)NC(c3ccc4ccccc4c3)CNC(=O)C12
272859,1,,,,,,COc1cc(NC(=O)CC(C)C(F)(F)F)n(CNCCc2cccc(OC)c2-c2nnco2)n1
272877,1,,,,,,COc1cc(NC(=O)CC(C)C(F)(F)F)n(C=C(CO)Nc2c(C)cc(C)cc2C)n1
274746,1,,,,,,Cn1nc(CC2=NC(N)C3N2CCC32NCOC2N)c2ccccc21
274747,1,,,,,,Cn1nc(CC2(O)NCC3N2CCC32NCOC2N)c2ccccc21
275059,1,,,,,,COc1scc(SC)c1CC(O)(O)N1CCC2C(=O)NC(=O)C21
275086,1,,,,,,CSc1cscc1CC(O)(O)N1CCC2C(=O)NC(=O)C21
275125,1,,,,,,CSc1csc(Cl)c1CC(O)(O)N1CCC2C(=O)NC(=O)C21
275136,1,,,,,,CCS(=O)(=O)c1scc(SC)c1CC(O)(O)N1CCC2C(=O)NC(=O)C21
275281,1,,,,,,CSC1CSC2(CCCNC2)C1CC(O)(O)N1CCC2C(=O)NC(=O)C21
275319,1,,,,,,CSc1csc(SC(C)C)c1CC(O)(O)N1CCC2C(=O)NC(=O)C21
275852,1,,,,,,NC1CCC(C(N)(O)O)CN1C1(O)CNNc2ncccc2C1
276709,1,,,,,,COc1cccc(C(C)(O)N2CC(C(=O)NO)CCC2=O)c1
277938,1,,,,,,CS(F)(F)c1ccccc1C(=O)CN1CC(C(N)N=O)CC1=O
277954,1,,,,,,CSc1ccccc1C(=O)CN1CC(C(N)(O)O)CC1=O
279399,1,,,,,,Cc1cccc2c1NC(=O)C1CC(C(N)(O)O)CN1C(=O)NC2
280132,1,,,,,,COCC(=O)Nc1c(Cl)cc(C)cc1OC1(c2ncccc2O)CCCC(C(F)F)C1
280144,1,,,,,,COCC(=O)Nc1c(Cl)cc(C)cc1N(Cc1ncccn1)N1CCCC(CCO)C1
281589,1,,,,,,Cc1cc(C#N)ccc1C(=O)C(=O)c1cncc(C(N)(O)O)c1
281613,1,,,,,,CCc1ccc(Cl)cc1C(=O)C(=O)c1cncc(C(N)(O)O)c1
281688,1,,,,,,CCc1cc(Cl)ccc1C(=O)C(=O)c1cncc(C(N)(O)O)c1
281724,1,,,,,,Cc1c(NC(=O)c2cc(C(N)(N)O)c[nH]c2=O)ccc2[nH]ccc12
281810,1,,,,,,Cc1cc2cc[nH]c2c(C)c1NC(=O)c1cc(C(N)(O)O)c[nH]c1=O
281819,1,,,,,,Cc1ccccc1NC(=O)c1cc(C(N)(O)O)c[nH]c1=O
281832,1,,,,,,CCc1ccc(C)c(NC(=O)c2cc(C(N)(O)O)c[nH]c2=O)c1
281841,1,,,,,,Cc1ccc(NC(=O)c2cc(C(N)(O)O)c[nH]c2=O)c(C)c1
