id,smiles
498,CC(C)(CNS(=O)(=O)c1ccc2scnc2c1)C1CCCN1
525,CC(NC(=O)C(=O)NCCc1ccc2ncsc2c1)C1CCC1
532,O=C(c1ccc2scnc2c1)N1CCN(C2CCSCC2)CC1
533,O=C(Cc1ccc2ncsc2c1)N1CCN(C2CCC2)CC1
540,c1ccc2sc(N3CCN(C4CCSCC4)CC3)nc2c1
678,O=C(OCc1ccc2cn[nH]c2c1)C1(n2cccn2)CCC1
684,CC(OC(F)F)C(=O)Nc1n[nH]c2cccc(-n3cccn3)c12
686,CC(NCC(n1cccn1)C(F)(F)F)c1cccc2[nH]ncc12
712,c1ccc(N2C3CCC2CC3)nc1
717,C=C1CCCN(c2ccccn2)C1
722,c1cncc(C2SCCCS2)c1
733,c1ccc(N2CCC3CC3C2)nc1
736,c1ccc(N2CCCCC2)nc1
748,c1ccc([S+]2CCCC2)nc1
758,CC(C)(C)C=C1CCCC1C1CCCCN1
759,CCC=C1CCN(C2CCCNC2)C1
760,C1CN(C2CCNCC2)CC2(C1)CC2
765,C#CC=C1CCCC1C1CCCCN1
787,C1CNCC(C2CCC3CC32)C1
795,C1=CCN(C2CCNCC2)C1
798,CC=C1CCN(C2CCCNC2)C1
805,C1CNCC(N2CCC3(CC3)C2)C1
872,CN(Cc1ccc2c(c1)OCO2)C(=O)C(=O)NCCC1CCCS1
875,c1cc2c(cc1-c1n[nH]cc1CNC1CCCCC1)OCO2
899,O=C(CCc1ccc2c(c1)OCO2)NC1CCC1C1CCC1
901,O=C(CCc1ccc2c(c1)OCO2)Nc1ccn(C2CCC2)n1
934,O=C(CCC1CCNC1)NCC1CCn2cnnc2C1
936,c1ccc(-c2nnc3n2CC(c2nc(C4CCCN4)no2)CC3)cc1
947,CCCN(C(=O)C1CCc2nncn2C1)C1CCNC1
961,O=C(NNC1=NCCS1)C1CCCn2cnnc21
973,OC1CCCc2nnc(CC3CCSCC3)n21
1002,C#CC(NC(=O)C1CCc2nnc(C)n2C1)C1CCC1
1109,c1cc2c(cc1C1CCNCC1)CCCN2
1120,O=C(COC1CNC1)NCCN1CCCc2ccccc21
1132,COc1ccc2c(c1)CCCN2C(=O)CSCC1CCNCC1
1142,COc1ccc2c(c1)C(NC(=O)C1CCCCCN1)CCN2
1169,c1cc2c(c(N3CCCCCCC3)c1)NCCC2
1192,c1cc2c(c(N3CCCCCC3)c1)NCCC2
1238,O=C(C(F)C1CCNC1)N1CCc2cccc(C(F)(F)F)c2C1
1257,c1cc2c(c(N3CCCC3)c1)CCNC2
1281,C1=CCC(C2NCCc3ccccc32)CC1
1287,CCC(C)C(NC(=O)C1Cc2ccccc2CN1)C(=O)NC1CCCC1
1304,O=C(CCN1CCNCC1)NO
1305,O=C(CCC1CCNC1)NO
1311,CC(C(=O)NO)N1CCNCC1
1318,CC(C(=O)NOC1CCCC1)C1CNC1
1322,CCC(=O)NOC1CCCCC1
1328,CC(C(=O)NO)C1CCCCC1
1335,CC(C(=O)NO)C1CCC1
1338,CN1CCCCC1CCC(=O)N(O)C1CCCC1
1349,COc1ccc(CCC(=O)NOC2CCCCC2)cn1
1353,Cc1cc(CCC(=O)NOC2CCCCC2)no1
1357,CC(C(=O)NOC1CCCCC1)N1CCN(C)CC1
1359,CC(C(=O)NOC1CCC1)n1ccc(C(F)(F)F)n1
1360,CC(C(=O)NOC1CCCC1)c1ccccc1C(F)(F)F
1361,CC(C(=O)NOC1CCC1)N1CC(NC(=O)OC(C)(C)C)C1
1366,CC(C(=O)NOC1CCCC1)C1CCN(C(=O)OC(C)(C)C)C1
1373,N#CCN(CC#N)C(=O)CCC1CCCCN1
1375,CCCCCCCC(=O)NC(C)C1CCCNC1
1382,C#CCCNC(=O)CC1CCCCN1
1384,CCC(CCCC(F)(F)F)NC(=O)CC1CCCNC1
1386,CC(C)CNC(=O)CC(C)C1CCCNC1
1391,CCCCN(CCCC)C(=O)CC(C)C1CCCNC1
1392,CC(C)(C(=O)NCC(F)(F)F)C1CCCNC1
1394,CSCC(C)(C)NC(=O)C(F)(F)C1CCCNC1
1399,CC(C)CN(CCC#N)C(=O)CC1CCCNC1
1401,CCC(C)N(CC)C(=O)CC1CCCNC1
1402,C#CC(=O)NCC1CCCNC1
1403,CSC(CNC(=O)N1CCCCC1)C(C)(C)C
1404,CCCCN(CCCC)C(=O)N(C)C1CCNCC1
1406,CCC(C)(C)CNC(=O)C1CCCCN1
1413,CCNC(=O)CC1CCCCN1
1414,CCCCC(C)NC(=O)C1CCNCC1
1417,CCN(C)C(=O)CN(C)C1CCNCC1
1418,CCC=C(C)C(=O)NCC1CCCCN1
1419,C=CC(CC)CC(=O)NCC1CCCCN1
1446,CC1C(C(=O)O)(n2cccn2)CCS1(=O)=O
1447,O=C(Oc1cccc(-c2ccccn2)c1)C1CCS(=O)(=O)C1
1455,O=C(NCC1CCCS1(=O)=O)NCC1(c2ccncc2)CCC1
1509,O=C(NCC1CCCN1)NCC1CCCS1(=O)=O
1526,COCCN(C(=O)CC1CCN1)C1CCS(=O)(=O)C1
1602,CCC(CC(=O)NC(C)c1ncco1)C(C)(C)C
1603,CCCCN(CC)C(=O)c1cnco1
1613,CC(CCNC(=O)C=Cc1cocn1)[S+](C)[O-]
1682,CSCC(=O)NCC1(CCNC(=O)C23CCC(CC2)OC3)CC1
1685,CC(NC(=O)C1CC(S(C)(=N)=O)C1)C1CC1
1719,CC(NC(=O)c1cccc(C(N)=O)n1)C1CC1
1786,c1ncc(C2CCNCC2)s1
1791,C1CCc2oc(C3CCNCC3)nc2C1
1799,C1CCc2c(noc2C2CCCNC2)C1
1803,c1nc(C2CCCCN2)co1
1807,c1cc(C2CCCNC2)sn1
1811,c1ncc(C2CCCNC2)c2c1CCCC2
1814,c1nc2c(cc1C1CCCNC1)CCCC2
1823,c1cc(C2CCCCN2)ccn1
1841,c1cn(C2CNC2)cn1
1851,c1cn(C2CCNC2)cn1
1877,c1c[nH]c(C2CCCN2)n1
1883,Cn1cncc1CCC(=O)NCCCCCN1CCNCC1
2016,CNC(=O)C(Cc1c[nH]cn1)NC(=O)c1ccc(C)nc1
2040,c1nc2c(n1C1CCCNC1)CCCC2
2044,c1nc2n(c1C1CCCNC1)CCC2
2060,c1nc(C2CCNCC2)n2c1CCC2
2063,CC(=O)NC(C)C1CCN(S(=O)(=O)c2cnc3n2CCC3)CC1
2073,CCC(C#N)C(=O)NC1CCCN(C(=O)c2cnc3n2CCC3)C1
2081,CCOC(=O)NC1CCCN(C(=O)c2cn3c(n2)CCC3)C1
2086,C1CCC(c2nc3c([nH]2)CCCC3)NC1
2091,C1CC(c2nc3c([nH]2)CCSC3)CCN1
2123,CC(N)C(=O)CN1CCC(c2c[nH]cn2)CC1
2124,CCOC(=O)NC1CCCN(C(=O)CCc2c[nH]cn2)C1
2306,O=C(Cc1ncc[nH]1)NCC[S+]([O-])CC(F)(F)F
2344,COC(=O)CCN(C)C(=O)CCNC(=O)C(O)C1CCCCN1
2365,CC(C)C(O)C(=O)NCC(C)(CO)NC(=O)CN1CCCCC1
2375,C=C(C)C(C)(F)C1CCCCN1
2378,CCC(C)OCC1CCCCN1
2382,CC(C)CC(=O)C(C)(C)N1CCCCC1
2388,CC(C)(C)C(=O)CC1CCCNC1
2390,CCON(CC1CCCNC1)C(C)C
2396,COC(C)C1CCCNC1
2400,COCCCC1CCCNC1
2403,CON(CC1CCCCN1)C(C)C
2404,CC(C)=CCCC(C)CC(=O)N(C(C)C)C1CCNCC1
2407,O=C(CC1CCNCC1)C(F)(F)F
2409,CSCCOC(C)(C)C1CCCCN1
2410,CC(F)(F)CCC(F)C1CCCCN1
2413,C=C(C(F)(F)F)C(C)(F)C1CCCCN1
2416,CCC(C)(C)C(=O)C1CCCCN1
2418,CC(C)C(=O)N(C(C)C)C1CCCNC1
2421,CC(C)(C)C(=O)CCC1CCCNC1
2474,O=C1C(=O)N(C2CCNC2)c2ccccc21
2479,O=C1C(=O)N(C2CCNCC2)c2cc(Cl)ccc21
2487,O=C1C(=O)N(CC2CCNCC2)c2ccc(F)cc21
2503,Cc1ccc2c(c1)N(C1CCNC1)C(=O)C2=O
2514,O=C1Nc2ccc(C3CCCC3)cc2C1=O
2530,CN(Cc1ccccc1N1CCCC1)CN1C(=O)C(=O)c2ccccc21
2531,CCOc1ccc2c(c1)N(CN(C)CC1CCC1)C(=O)C2=O
2536,O=C1C(=O)N(CN2CC=CCC2)c2cccc(Br)c21
2537,C=C1CC2CCC(C1)N2CN1C(=O)C(=O)c2c(Br)cccc21
2541,CC(C)CN(CN1C(=O)C(=O)c2cccc(F)c21)C1CCCC1
2609,C1CNCC(C2CNC2)C1
2616,C1CCN(C23CCCNCC2C3)CC1
2617,C1CCN(C2CCCNCC2)CC1
2619,C1CNCC(C2CCCNC2)C1
2628,C1CCNC(C2CCCNC2)CC1
2631,C1CCN(C2CCCCNC2)CC1
2636,C1CCN(C23CNCC2C3)CC1
2648,COC(=O)N1CCC(C(C)NC(=O)C=CC2CCCNC2)CC1
2652,CC(NC(=O)CC1CCCCN1)C1CCNCC1
2655,CCOC(=O)N1CCC(C(C)NC(=O)CC2=CCNCC2)CC1
2897,O=C1CCCCCC1N1CCCCC1
2911,CC(=O)NC(C)C1CCN(C(=O)NCC23CC(CO2)C3)CC1
3119,O=C1CC(C2CCNCC2)CO1
3260,C1CNCC(c2nc3n(n2)CCCS3)C1
3300,C1CCn2nc(C3CCCNC3)nc2SC1
3419,CC(=O)N(C)CCC(=O)NC1CC1CNC(=O)Cc1cnoc1
3425,CC(=O)N(C)CCC(=O)NC1(CN(C)C(=O)c2cncs2)CC1
3470,O=C(COC1CCCCCC1)NCc1cc(C2CCNCC2)no1
3473,CC(C)c1cc(CNC(=O)COC2CCNC2)on1
3501,Cc1nocc1C(=O)NC(CNC(=O)C1=CSCS1)C(C)(C)C
3504,CC(C)c1oncc1C(=O)NC(CNC(=O)C1CCCC1)C(C)(C)C
3511,Cc1conc1CC(=O)NCC(C)(NC(=O)C(F)F)C1CCC1
3516,CCC(F)C(=O)NC(CNC(=O)c1nocc1C)C1CCC1
3532,CN(Cc1conc1C1CCC1)C(=O)NCC1CCCSC1
3542,CC(C)C(=O)N(C)CC1CCCCN1
3665,c1cc(-c2ncco2)ccn1
3682,CN(CCNC(=O)Cc1cccnc1)C(=O)c1cccnc1
3732,c1ccc(-c2cn[nH]c2)nc1
3735,CN(CCNC(=O)Cc1cn[nH]c1)C(=O)c1cccnc1N
3758,c1cc(C2CCCCN2)[nH]n1
3768,CCCCCCCCCCC(=O)N1CCC(O)(c2ccn[nH]2)CC1
3775,CCC(C)C(=O)N1CCC(C(C)NC(=O)Cc2ccn[nH]2)CC1
3778,CC(NC(=O)Cc1ccn[nH]1)C1CCN(C(=O)C(C)(C)O)CC1
3782,CC(NC(=O)Cc1ccn[nH]1)C1CCN(CC(F)(F)F)CC1
3788,CC(=O)N1CCC(C(C)NC(=O)Cc2n[nH]c3c2CCCC3)CC1
3796,CN(C(=O)CCNC(N)=O)C1CCN(C(=O)c2cc[nH]n2)CC1
3807,CCC(C)C(=O)NCC(=O)N1CCCC(CNC(=O)c2cn[nH]c2)C1
3809,CSCC(=O)N1CCC(C(C)NC(=O)Cc2cn[nH]c2)CC1
3817,CCOCC(=O)N1CCC(C(C)NC(=O)Cc2cn[nH]c2)CC1
3826,CCSCC(=O)N1CCC(C(C)NC(=O)Cc2cn[nH]c2)CC1
3827,COC(C)C(=O)N1CCC(C(C)NC(=O)Cc2cn[nH]c2)CC1
3842,O=C(CNC(=O)C1CCCN1)Nc1cnc2cccnn12
3863,COc1ccc2ncc(C(=O)NCC34CCC(CC3)N4)n2n1
3900,CSCC(=O)NCC(NC(=O)c1ccc2nccn2n1)C1CCC1
3919,Cc1cn2nc(NC3CSC3)ccc2n1
4036,CN(C(=O)CC1CCCCN1)C(CC(N)=O)c1ccccc1
4080,CC(=O)N(C)CCC(=O)NC1CC12CCN(C(=O)C1CSC1)CC2
4093,c1c[nH]c(N2CCCCC2)n1
4095,CCC(C)C(=O)NCC(=O)N1CCCC(CNC(=O)c2ncc[nH]2)C1
4096,CCCC(C)CN(C)C(=O)C(=O)N1CCCC(c2ncc[nH]2)C1
4100,CC(=O)NC(C)C1CCN(C(=O)c2ncc[nH]2)CC1
4102,CC(=O)NC(C)(C(=O)N1CCC(NC(=O)c2ncc[nH]2)CC1)C(C)C
4106,OC(c1ncc[nH]1)C1CCN(c2cncc3ncnn23)CC1
4118,CC1CCCN(CC(=O)N(CCO)Cc2ncc[nH]2)C1
4120,O=C1CC(C(=O)N2CCCCC2c2ncc[nH]2)CC(=O)N1
4175,c1cc2c(c(-c3ncco3)c1)NCC2
4256,CC(NC(=O)C1CCc2ccccc2CC1)C1CC1
4291,CCC(=O)N1CCCCC1CCNC(=O)c1ccc2c(c1)NCC2
4528,COC(C)(C)Cn1ccccc1=O
4545,O=c1cccc(C2CCCCCN2)[nH]1
4546,O=c1cccc(N2CCCNCC2)[nH]1
4560,COCCn1cc(C(=O)N(C)CC2CCNCC2)ccc1=O
4570,O=C(NCCCC1CCCN1)c1cc(Cl)[nH]c(=O)c1
4572,O=C(NCCCC1CCNCC1)c1cc(C2CC2)[nH]c(=O)c1
4586,O=C(NCCCC1CCCN1)c1ccc(=O)[nH]c1
4645,CCC(=O)C12CC1CCCN2
4658,CCC(=O)C12CCCNCC1C2
4665,CCC(=O)C1CC2(CC2)CN1
4666,CC(C=O)N1CCNCC1
4670,CCC(=O)C1NCC2CC21
4684,CCC(=O)N1C2CCC1CC(NC(=O)C13CCCN1CCC3)C2
4693,C=C1CC(CCC=O)C1
4701,CC(C=O)N1C2CCC1CC1(CC1)C2
4708,C=C1CCN(C(=O)CC)C1
4710,O=CCCN1CCCC1
4724,C=C1CCCN(CCC=O)C1
4732,CCC(=O)C1=NCCC1
4746,c1cc(C2CCCN2)[nH]n1
4752,c1n[nH]cc1C12CNCC1C2
4756,c1cc(C2CCCNCC2)n[nH]1
4764,c1cc(C2CCN2)n[nH]1
4766,c1cnn(C2CCCNCC2)c1
4769,CC(C)(C(=O)O)n1ccc(NC(=O)CC2CSCCN2)n1
4774,CC(C)(C(=O)O)n1ccc(NC(=O)C23CNCC2C3)n1
4781,C1=C(c2cc[nH]n2)CCC1
4801,C1=CC(n2cccn2)CCC1
4805,c1n[nH]cc1C1CCCC1
4809,CC(CC1CCC1)(C(=O)O)n1cccn1
4812,C=C1CC(CC(=O)Nc2ccn(C(C)(C)C(=O)O)n2)C1
4820,CC(C)(C(=O)O)n1cc(NC(=O)COC2CCCC2)cn1
4928,CCSC(C(=O)N1CCC(CCNC(=O)c2cnc[nH]2)C1)C(C)C
5151,O=C(Nc1cncc(-c2nc3ccccc3s2)c1)c1cnc[nH]1
5168,C1CNCC(N2CCCC2)C1
5169,C1CC(N2CCNCC2)CCN1
5284,CN1N=CC(CC(=O)NCC2CCCCN2)C1=O
5288,CN1N=CC(CC(=O)OCC23CCCCN2CCCC3)C1=O
5289,O=C1CC(C(=O)NCCC2CCCN2)=NN1
5313,CC1=NNC(=O)C1CCNC(=O)C1CCCN1
5356,CC(C)S(=O)(=O)C1CCN(C(=O)CC2CCCN2)C1
5358,COC(C(=O)N1CCC(S(=O)(=O)C(C)C)C1)C1CCNCC1
5359,CC(C)S(=O)(=O)C1CCN(C(=O)C(=O)N(C)C2CCCCNC2)C1
5363,C1CSCCC(C2CCCN2)C1
5378,C1CNC(C2CCSCC2)C1
5393,C1CNC(C2CCC3CC3CC2)C1
5394,C1CC(N2CC3(CC3)C2)CN1
5396,C=C1CN(C2CCNC2)C1
5397,C1CCC(N2CCCC2)CC1
5401,C1CNC(C2CCC3CC32)C1
5404,C1CNC(C2CC3CC3C2)C1
5407,C1CC(C2CC3CC3C2)CN1
5412,C1CC(C2CCC3CC32)CN1
5444,CC(NC=O)c1cnsc1
5452,O=C(NC(Cc1ccccc1)c1ncco1)N1CCC12CCOC2
5539,C=C1CC2CCC(C1)N2C(=O)NCC
5573,c1cc(-c2ccncc2)c2cn[nH]c2c1
5638,CN(CCCn1nc(C#N)c2ccccc21)C1CCCCC1
5642,O=C(Cc1ccc2[nH]ncc2c1)NCC(CO)NC(=O)C1CCCC1
5645,O=C(OCc1ccc2cn[nH]c2c1)C1=CCCCC1
5648,O=C(OCc1ccc2cn[nH]c2c1)C1CC2(CC2)C1
5654,CC(NC(C(C)C)C1CCC1)c1cccc2cn[nH]c12
5666,CC(NC1CCN(C2CCC2)C1=O)c1ccc2[nH]ncc2c1
5691,CC(=O)NCC12CCC(CC1)N2
5945,CSc1nnc(SC(C)C(=O)N2CCNCC2)s1
5948,CC(SC1CCNCC1)C(=O)N1CCNCC1
5949,CC(Sc1cccnn1)C(=O)N1CCNCC1
5954,CC(Sc1ccccn1)C(=O)N1CCCNCC1
5958,CC(=O)Nc1ccc(SC(C)C(=O)N2CCCNCC2)cc1
5959,CC(=O)Nc1ccc(SC(C)C(=O)N2CCNCC2)cc1
5962,Cc1nnc(SC(C)C(=O)N2CCNCC2)o1
5967,CC(Sc1ccc(Cl)cc1)C(=O)N1CCCNCC1
5996,CC(S)C(=O)N1CC2(CC2)C1
5997,C=C1CCCN(C(=O)C(C)S)C1
6001,CC(S)C(=O)N1CCC1
6003,C=C1CCN(C(=O)C(C)S)CC1
6013,CC(S)C(=O)N1CC=CCC1
6021,CC(S)C(=O)N1CCC2CC21
6027,CC(Sc1nncs1)C(=O)N1CCC1
6034,CC(Sc1nnc(N)s1)C(=O)N1CCC1
6035,CC(Sc1nnc(N)s1)C(=O)N1CCCC1
6036,C=CCNc1nnc(SC(C)C(=O)N2CCCC2)s1
6038,CC(Sc1nnc(N2CCOCC2)s1)C(=O)C1CCCCC1
6044,c1ccc2c(c1)CC(C1CCCN1)N2
6050,c1ccc2c(c1)NCC2C1CCCN1
6051,c1ccc2c(c1)CC(C1CCCCN1)N2
6060,O=C(Nc1ncc(C2CCCCN2)cn1)C1Cc2ccccc2N1
6064,CC(=O)N1c2ccccc2CC1C(=O)NC1CCCCNCC1
6066,CC(=O)N1c2ccccc2CC1C(=O)NC1CCCCNC1
6083,O=C(NCCCCCN1CCNCC1)N1CCc2ccccc21
6091,C1=CCN(c2ccc3c(c2)NCC3)C1
6093,c1ccc2c(c1)CC(C1CCCCC1)N2
6095,C1=C(c2ccc3c(c2)NCC3)CCCCC1
6100,c1cc2c(c(N3CC4(CC4)C3)c1)CCN2
6106,c1cc2c(cc1N1CC3(CC3)C1)CCN2
6108,c1cc2c(c(N3CCCC3)c1)CCN2
6116,c1ccc2c(c1)CC(C1CCCC1)N2
6122,c1ccc2c(c1)NCC2C1CCC1
6123,c1ccc2c(c1)NCC2C1CCCC1
6131,O=C(NC12CCCC1CCC2)C1Cc2ccccc2N1
6132,C=C1CC(NC(=O)C2Cc3ccccc3N2)C1
6170,CCC(C)NC(=O)CN1CCN(C(=O)C2CCNCC2)CC1
6181,CCC(C)NC(=O)CN1CCN(C(=O)NC2CCNCC2)CC1
6187,CC(C)(C)CCN1CCN(CCC(=O)N2CCNCC2)CC1
6248,c1cc(C2NCCCCS2)ccn1
6254,c1cncc(N2CCNC3CC32)c1
6258,c1ccc(C2CCNCC2)nc1
6259,c1cncc(C2CCCCCN2)c1
6268,c1ccc(C2CNCCS2)nc1
6276,C1=CC(c2ccccn2)NC1
6280,c1ccc(C2NCCS2)nc1
6282,C1=C(c2ccccn2)CNCC1
6286,c1cc(C2CNCCS2)ccn1
6296,c1cn(C2CCCNC2)cn1
6343,CCCCC(C)NC(=O)C(CC(C)C)N1CCCCC1=O
6510,C1Cc2nc(C3CCCN3)oc2C1
6528,c1nc(C2CCNC2)co1
6603,CCCCC(=O)NCC1CCN(Cc2ccc3c(c2)OCCO3)CC1
6610,c1cc2c(cc1-c1csc(C3CCNCC3)n1)OCCCO2
6632,CC(C)C(NS(=O)(=O)c1ccc2c(c1)OCCCO2)C(=O)Nc1ccc(N2CCCCC2)cc1
6658,CSCCC(=O)NCC(O)CN(C)C(=O)CN1CCCCC1
6688,CC(C)CC(NC(=O)NCC(=O)N1CCCCC1)C(C)(C)C
6773,c1ncc(C2CSCCN2)cn1
6812,c1cc(N2CCCC2)ncn1
7041,CSC=CC(=O)NCCC1CCNCC1
7045,CCCCCCC(=O)NCC(C)N1CCCCC1
7067,CC(CC1CCNCC1)NC(=O)CC(C)C(C)C
7092,O=C(c1cccc2[nH]ncc12)N1CCC(N2CCCC2)CC1
7104,CC(NC(=O)c1cccc2[nH]ncc12)C1CCCN(C(=O)C(F)F)C1
7115,CC(C#N)C(=O)N1CCCC(CNC(=O)c2cccc3[nH]ncc23)C1
7116,CC(C#N)C(=O)N1CCCC(CNC(=O)c2cccc3cn[nH]c23)C1
7132,CC(CC(=O)NC1CCCCNCC1)C(F)(F)F
7139,CC(CC(=O)Nc1cc(C2CCNCC2)n[nH]1)C(F)(F)F
7140,CC(CC(=O)N(C1CC1)C1CCNC1)C(F)(F)F
7141,CC(CC(=O)NC1CCCC12CC2)C(F)(F)F
7147,CC(CC(=O)NC1(CNC(=O)C(O)C2CCC2)CC1)C(F)(F)F
7149,CC(CC(=O)NC1CCN(CCC2CCCC2)C1)C(F)(F)F
7155,CC(CC(=O)NC1CCN(C(=O)CC2CSC2)C1)C(F)(F)F
7163,CC(CC(=O)NC1CCN(CCCC2CCC2)C1)C(F)(F)F
7166,CC(CC(=O)NC1CCN(C(=O)C2CCCC2)C1)C(F)(F)F
7169,CC(CC(=O)NC1CCN(C(=O)C2=CCCC2)C1)C(F)(F)F
7170,CC(CC(=O)NC1CCN(C(=O)C2=CCCCCC2)C1)C(F)(F)F
7181,CC(CC(=O)Nc1ccn(C2CCCCC2)n1)C(F)(F)F
7182,Cc1cc(NC(=O)CC(C)C(F)(F)F)nn1C1CCCCC1
7185,CC(CC(=O)Nc1cc(Br)ccc1N1CCCC1)C(F)(F)F
7188,CC(CC(=O)Nc1cccc(C(=O)N2CCCC2)c1)C(F)(F)F
7211,O=C(CCc1cncnc1)N1CCCC2(CCN(c3ccsc3)C2=O)C1
7229,CCC(=O)NC1CC2CCC(C1)N2C(=O)CCc1ccncn1
7230,CCC(=O)N1C2CCC1CC(NC(=O)CCc1cnccn1)C2
7393,c1coc(C2CCCCCN2)n1
7417,Cc1oc(C2CNC2)nc1C(=O)NC(C)(C)CCCN(C)C
7419,CC(NC(=O)c1ncoc1C1CCCN1)c1ccncc1
7420,CCN(Cc1ccccn1)C(=O)c1cnc(C2CCNCC2)o1
7443,c1coc(N2CCCC3(CC2)CC3)n1
7455,c1ncc(C23CCC(CC2)CC3)o1
7461,CC(C)C(=O)NCCN(C(=O)c1cocn1)C1CCCC1
7466,COCc1nc(C(=O)NCC(NC(=O)C(C)C)C2CCC2)co1
7467,CC(C)C(=O)NC(CNC(=O)c1ncoc1C(C)C)C1CCC1
7469,CCOc1nc(C(=O)NC(CNC(=O)C(C)C)C2CCC2)co1
7479,CC(C)c1ocnc1CNS(=O)(=O)N=S(C)(=O)C1CCCCC1
7492,CCCC(CNN1CCCCC1)OC
7499,COC(C)CNC1CCNCC1
7512,CCOCC(C)NC1CCNCC1
7520,CCCC(C(=O)NC1CCNCC1)C(C)C
7524,CSC=CC(=O)NN1CCCCC1
7529,O=C(NN1CCCCC1)C(F)(F)Cl
7530,c1cncc(C2CCCNC2)c1
7587,CCCS(=O)(=O)NC1CCNC1
7592,CCCS(=O)(=O)NC1CCCNCC1
7596,CCCS(=O)(=O)NC1CCNCC1
7599,CCCS(=O)(=O)NC1CCC(=O)NC1C1CCNCC1
7605,CCCS(=O)(=O)NC1CCN(C(=O)CCC2CCCN2)CC1
7625,O=S(=O)(CCCC1CC1)N(C1CCNCC1)C1CC1
7634,CCCS(=O)(=O)NC1CC=CC1
7642,NS(=O)(=O)CCCN1CCC2CC2C1
7644,CCCS(=O)(=O)NC1C=CCCC1
7653,CCCS(=O)(=O)NC1CC=CCC1
7655,CCCS(=O)(=O)NC1CC2(C1)N=N2
7660,CCCS(=O)(=O)NC1CCCSC1
7673,CCCS(=O)(=O)NC12CCC(CC1)C2
7674,NS(=O)(=O)CCCN1CCC2CC21
7819,CCCN(CC(C)C)C(=O)Cn1cccn1
7825,C=CCN(C)C(=O)C(C)Cn1cccn1
7839,CC(C)CC(NC(=O)C=Cc1cn[nH]c1)C(F)(F)F
7845,CC(Cn1cccn1)C(=O)NCC=CCl
7891,CCCCC(C(N)=O)N1CCC1CN(C)C(=O)Cn1cccn1
8031,CC(C)(C#N)CNC(=O)c1ccccn1
8035,CCC(C)CCNC(=O)C(C)c1cccnc1
8041,CC(CC(F)(F)F)NC(=O)C(F)(F)c1ccncc1
8052,CC(C)(C)CC(NC(=O)c1ccccn1)C(F)(F)F
8054,CCCC(NC(=O)c1ccncc1)C(C)(C)C
8059,CSCCCCCNC(=O)c1ccncc1
8064,CC(C)C(SCC(C)(C)C)C(=O)NCc1cccnc1
8070,CCN(Cc1ccccn1)C(=O)CCCCC(C)C
8079,CCC(C)NC(=O)CN1CCN(C(=O)CC2CCCNC2)CC1
8131,C#CCC(=O)C(O)C1CCNCC1
8132,O=S(=O)(NCC1CCCCN1)C(F)(F)F
8142,CC(=O)CC(O)C1CCCNC1
8144,COC(OC)C(O)C(=O)C1CCCCN1
8145,CC(C)(C)OC(=O)NC(C)(C#N)C1CCCCN1
8146,CCCN(CC)S(=O)(=O)NC(C)C1CCNCC1
8152,CCOC(=O)C(O)CN1CCCCC1
8155,CC=CC=CCNS(=O)(=O)N1CCCCC1
8159,CC(NS(=O)(=O)C(C)C)C1CCCNC1
8160,CC(C)CNS(=O)(=O)N1CCCCC1
8165,CCCCC(CC)CNC(=O)C(F)C1CCNCC1
8168,CCCCC(C)NC(=O)C(=O)N(CC)C1CCNCC1
8416,CC(CNC(=O)Cc1cnc[nH]1)N(C)C1CCN(C)C1=O
8425,CNCCC1CCCCN1C(=O)c1ccc2c(c1)NS(=O)(=O)C2
8426,O=C(NC1(C2CCCCN2)CC1)c1ccc2c(c1)NS(=O)(=O)C2
8437,N#CC1CCNCC1NC(=O)c1ccc2c(c1)NS(=O)(=O)C2
8445,CN1CCC(N(C)C(=O)c2ccc3c(c2)NS(=O)(=O)C3)CC1
8457,O=C(c1ccc2c(c1)NS(=O)(=O)C2)N1CCCCC1C(F)(F)CO
8468,COCCN1CCC(CNC(=O)c2ccnc3c2CC(=O)N3)CC1
8470,COCCN1CCC(NC(=O)c2ccnc3c2CC(=O)N3)CC1
8484,NC(=O)NCC1CCCCN1C(=O)c1ccnc2c1CC(=O)N2
8485,CCCN1CCC(NC(=O)c2ccnc3c2CC(=O)N3)CC1
8486,CCCN1CCC(CNC(=O)c2ccnc3c2CC(=O)N3)CC1
8502,COC(C)CNC1CCCN(C(=O)c2ccnc3c2CC(=O)N3)C1
8585,O=C1CNC(C2CCCNC2)=N1
8604,CC(NC(=O)CC1CCC(=O)N1)C1CCN(c2ncccn2)CC1
8760,CC(C(=O)NO)n1cccn1
8808,CC(C)C(O)C(=O)NC1CCN(C(=O)c2cn3cccnc3n2)CC1
8841,c1cc2c(s1)CN(C1CCCNC1)CC2
8846,C1=C(N2CCCCC2)Cc2ccccc21
8853,c1ccc2c(c1)CCCN2C1CCCNC1
8857,CC(NC(=O)CN1CCc2sccc2C1)C1CCNCC1
8861,CC(NC(=O)CC1CCCc2ccccc21)C1CCN(C)CC1
8866,CCCCC(=O)NCC1CCN(C(=O)C2Cc3ccccc32)CC1
8874,CC(C)N(C(=O)C1CCc2ccccc2CC1)C1CCNCC1
8876,CC(CC(=O)N1CCCCCc2ccccc21)C1CCNCC1
8878,CC(CC(=O)N1CCc2ccccc2C1)C1CCNCC1
8882,CCCC(OC)C(=O)NCC1CCN(C2CCc3ccccc32)CC1
8889,c1cc2c(cc1C1CCCNC1)SCCN2
8891,CCOC(=O)NC1CCCN(C(=O)c2ccc3c(c2)CCCN3)C1
8903,O=C(CN1CCCCC1)c1ccc2c(c1)CCCN2
8906,CC1CCCCN1C(=O)NCc1ccc2c(c1)CCCN2
8912,CC1(COc2ccc3c(c2)CCCN3)CCCCN1
8920,O=C(NCc1ccc2c(c1)CCCN2)NCC1CCCNC1
8923,CCSCC1CCN(C(=O)c2ccc3c(c2)CCCCN3)CC1
8929,O=C(Nc1ccc2c(c1)CCCN2)c1ncoc1C1CCCCN1
8952,CC(=O)NC(C)C1CCN(C(=O)c2csc3nnsc23)CC1
8973,CC(NC(=O)c1cnnc2ccccc12)C1CCCN(C(=O)C(F)F)C1
9079,CCCC(C)CC(=O)NCc1cccc2c1OCO2
9126,O=C1CCCN1CCOCCCl
9132,CC(CCl)C(=O)N(C)C1CCNC1=O
9170,O=C(NC1CCC(N2CCCC2=O)CC1)C(F)C1CCNCC1
9179,CN1CCC(NS(=O)(=O)C2CNC2)C1=O
9207,O=C1CCC(C2CCCSC2)N1
9219,O=C1CCC(C2CCSC2)N1
9322,CCc1cnc(CC(=O)NC(C)CNC(=O)c2cscn2)[nH]1
9352,CC#CC(=O)C(C)(O)C1CCCN1
9362,CN(CCC(F)F)C(=O)C(=O)N(CC(F)F)C1CCNC1
9376,CC(O)C(=O)C1CCCN1
9393,CCCC(Br)CNS(=O)(=O)N1CCCC1
9522,CC(Sc1nc2ccccc2c(=O)[nH]1)C(=O)N1CCC(c2ncc[nH]2)CC1
9529,CC(NC(=O)Cc1cn[nH]c1)C1CCN(C(=O)CO)CC1
9539,CCC(=O)c1ccccn1
9548,O=CCCc1cnoc1
9551,O=CCCc1nc2c(s1)CCCC2
9559,O=CCCn1cccn1
9566,CCC(COC)C(=O)NC1CN(C(=O)CCc2cncs2)C1
9575,CCC(=O)N1CCCC(C(=O)NNC(=O)c2ccccn2)C1
9590,CON(CCC(C)C)CC1CCc2nncn2C1
9783,N#CCC(=O)NC1CCCC2(CC2)C1
9801,C=CCN(CC(F)(F)F)C(=O)CCC1CCCN1
9817,C=CCNC(=O)CC1CCNC1
9822,CC(C)(C)SCCCNC(=O)N1CCCC1
9825,CC(C)ON=C(N)N1CCCC1
9826,C#CCNC(=O)C(C)N(C)C1CCNC1
9840,CCN(CC1CCCN1)C(=O)C(C)C
9904,CC(CNC(=O)Cl)CN1CCCC1
9910,CC(CC(=O)NC(C)(C)CCN1CCCC1)C(F)(F)C(F)(F)F
9975,CCC(=O)N1C2CCC1CC(NC(=O)CC1CCC(=O)N1)C2
9976,CC(=O)NC1CC2CCC(C1)N2C(=O)CCC1CCCC(=O)N1
9982,O=C1CCC(CCC(=O)N2CCN(C(=O)CCF)CC2)N1
9987,CC(C(=O)N1CCC(OCCCN(C)C)CC1)C1CCC(=O)N1
10158,O=C1NCC(C2CC3CC3C2)N1
10215,CC(CNC(=O)C12CCCCN1CCC2)NC(=O)C1CNC(=O)N1
10284,CN(CCNC(=O)Cn1cccn1)C(=O)c1cccnc1
10320,FC(c1ccc2nncn2c1)C1CCCN1
10333,CC(C)C(NC(=O)CC1CCCCN1)c1nnc2ccccn12
10335,CN(Cc1nnc2ccccn12)C(=O)NCC1CCCCN1
10379,CC(C(=O)Nc1ccc2nnc(C3CCC3)n2c1)n1cccc1
10400,O=C1CCCCC1C1Cc2ccccc2N1
10419,O=C1CSC(N2CCc3ccc(Br)cc32)=N1
10439,O=C(NC12CCCC(C1)OC2)C(=O)N1CCc2c(F)cccc21
10519,CC(C)C(O)CC(=O)NC(CO)C(C)NC(=O)c1cnc[nH]1
10527,CC(Sc1nnc(SCC(N)=O)s1)C(=O)N1CCOCC1
10535,CNC(=O)C1CCCN1C(=O)C(C)Sc1ccccn1
10549,CC(Sc1ncccc1C(=O)NCC(C)(C)C)C(=O)N1CCCC1
10551,CCC(=O)NCC1CCCN1C(=O)C(C)Sc1ccccn1
10567,CC(=O)NCC1CCCN(C(=O)C(C)Sc2ccccn2)C1
10571,CC(=O)NCC1CCN(C(=O)C(C)Sc2ccccn2)CC1
10574,CC(Sc1nc2ncccn2n1)C(=O)N1CCC(C(N)=O)CC1
10575,CC(CNC(=O)CC(C)N1CCc2ccccc21)CC(F)(F)F
10627,CCC(C)C(=O)CSc1ncco1
10634,CC(C)(C)C#CCC(=O)c1cnco1
10650,CC=C(CC)C(=O)c1ncco1
10681,CC(=O)N1CCN(C(=O)NCCc2ccncc2)CC12CCCCC2
10683,CC(=O)N1CCN(C(=O)NCCc2cccs2)CC12CCCCC2
10686,CC(=O)N1CCN(C(=O)NCCc2cscn2)CC12CCCCC2
10690,CCCC(=O)N1CCC(C(C)NC(=O)C23CCC(CC2)OC3)CC1
10704,CC(=O)c1ccc(C(=O)NC(C)C2CC2)s1
10783,CCC(=O)N1C2CCC1CC(CCNC(=O)CCC(CC)CC)C2
10784,CCC(=O)N1C2CCC1CC(CCNC(=O)C(C)(C)SC)C2
10821,CC(C)SC(C)C(=O)NCCC1COCCN1C(=O)CCC1CC1
10829,CSC(C)CC(=O)NCCC1CCCN(C(=O)CCC2CC2)C1
10831,CC(=O)NCCC1CCCN(C(=O)CCC2CC2)C1
10832,CCC(=O)N1C2CCC1CC(CNC(=O)CC(C)CC)C2
10845,CCC(=O)N1C2CCC1CC(CNC(=O)C(C)(C)CC)C2
10847,CCC(=O)N1C2CCC1CC(CNC(=O)CC(CC)C(C)C)C2
10854,CCC(=O)N1C2CCC1CC(CNC(=O)C(F)(F)CC)C2
10869,CCC(=O)NCC1CC2CCC(C1)N2C(=O)CCC1CCCO1
10874,CC(=O)NCC1CC2CCC(C1)N2C(=O)C(C)c1ccccn1
11116,CS(C)(=O)=NCC(=O)N1CC(CNC(=O)CCn2cccn2)C1
11184,C=CCCCCCC(=O)c1ccccn1
11204,CCN(C(=O)C(C)C)c1ccncc1
11207,CC(Cl)C(=O)N(C)c1ccncc1
11209,CON(C)CCc1ccccn1
11213,CC(=O)C(Cc1ccncc1)C(C)C
11216,CC(C)SCC(=O)c1cccnc1
11231,CCC(C)CC(=O)Cc1ccccn1
11248,O=C(NCC1(c2ccccn2)CC1)c1cnnc2ccccc12
11486,C1CC(c2nc3n(n2)CCS3)CN1
11605,CC(C)CCOCC1CCN(C(=O)CCc2ccn[nH]2)CC1
11631,CCC(COC)C(=O)NC1CCN(C(=O)CCc2cn[nH]c2)C1
11833,Cc1cc(C(=O)NC(C)CNC(=O)C2CCNC(=O)CC2)no1
11851,CCC(CNC(=O)c1cc(C)on1)NCC1CCNC(=O)CC1
11982,COc1ccc(-c2ccc3c(c2)NC(=O)COC3)nc1
11987,COCc1ccnc(NC(=O)c2ccc3c(c2)NS(=O)(=O)C3)c1
11989,NC(=O)c1ccc(NC(=O)c2ccc3c(c2)NS(=O)(=O)C3)nc1
12012,CC(OC(=O)c1ccc2c(c1)NS(=O)(=O)C2)c1cccnc1
12016,CC(Cc1ccccn1)NC(=O)c1ccc2c(c1)NS(=O)(=O)C2
12023,CC(C)(C)c1cncc(COC(=O)c2ccnc3c2CC(=O)N3)c1
12140,COC(=O)C(NC(=O)C1CNC(=O)N1C)c1cccnc1
12144,CCN(CCNC(=O)C1CNC(=O)N1)C(=O)CCc1cnoc1
12270,COC1(C(=O)NCCC(C)NC(=O)Cc2cnoc2)CCOC1
12320,CCCS(=O)(=O)Nc1ccsn1
12352,CCCS(=O)(=O)NC1CCN(C(=O)C(F)n2cccn2)CC1
12356,CCCS(=O)(=O)NC1CCN(C(=O)C(C)(C)c2nccs2)CC1
12390,CCCN(C(=O)Nc1cc(C)ccn1)C1CCc2ccccc2C1
12392,Cc1ccnc(NC(=O)NCC(C)N2CCc3ccccc3C2)c1
12403,CC(CNC(=O)Nc1nnc(-c2ccccn2)s1)N1CCc2sccc2C1
12411,c1ccc(-c2nnc(NC3CCc4ccccc4C3)s2)nc1
12436,CC(c1ccncc1)N(C)S(=O)(=O)c1cccc2c1CCN2
12439,CNC(=O)c1cc(NCc2cccc3c2CCCN3)ccn1
12499,O=C(c1cccc2c1CCCN2)N1CCCC(c2ccncc2)C1
12512,CCC(=O)N1CCCC(CN(C)C(=O)c2ccc3c(c2)NCC3)C1
12945,OCCCNc1cc(NCc2ccccn2)ncn1
12946,OC(CCNc1ccnc(-c2ccccn2)n1)c1ccccc1
12979,CC(C)c1nccc(NCC(CO)c2cccnc2)n1
13045,CC(CC(=O)NC1CCN(CC(=O)Nc2ccon2)C1)C(F)(F)F
13067,CC(CC(=O)NC1CCN(Cc2ccns2)C1)C(F)(F)F
13230,CC(=O)N(C)CCC(=O)NC1(CN(C)C(=O)C(C)C(F)F)CC1
13262,CC(NC(=O)CC1CCNC1=O)C1CCN(c2ncccn2)CC1
13570,CC(C)(C)CCC(=O)c1cncnc1
13612,CC(Sc1ccccn1)C(=O)N1CCOCC2(CC2)C1
13618,CC(Sc1ccccn1)C(=O)N1c2ccncc2CC1C
13624,CCC1C(=O)NCCN1C(=O)C(C)Sc1ccccn1
13629,CC(Sc1ccccn1)C(=O)N1CCCCc2c(O)cccc21
13635,COCC1CCCN1C(=O)C(C)Sc1ccccn1
13636,COCC1CN(C(=O)C(C)Sc2ccccn2)CCO1
13648,CC(Sc1nnc(-c2ccncc2)[nH]1)C(=O)c1ccco1
13655,CC(Sc1ccccn1)C(=O)N1CC2(CC2)CO1
13661,CC(Sc1ccccn1)C(=O)N1CCCC1c1nccs1
13681,CCN1CCN(C(=O)C(C)Sc2nccs2)CC1
13816,CCC(=O)N1CCC(C(=O)NC2CNCCc3ccccc32)C1
13838,CC(NC(=O)CC1NCc2ccccc21)C1CCNCC1
13863,O=C(NC(CO)CN1CCCCC1)C1CNCc2ccccc21
13878,COCCN1CCCC(NC(=O)CC2NCc3ccccc32)C1
13918,CN1C(=O)CCC1C(=O)OCC(C)(C)n1cccn1
14060,CN(CCNC(=O)CC1CCC(=O)N1)C(=O)c1cccnc1
14073,CN(C)c1ccc(NC(=O)NCCCC2C=NNC2=O)nc1
14078,COc1ccc(CCN(C)C(=O)C2CCCC(=O)N2)cn1
14093,O=C1CCCCC(c2ccncc2)C1
14131,CC(CC(=O)NC1CCN(C(=O)c2cocn2)C1)C(F)(F)F
14132,CC(CC(=O)NC1CC2CCC1N2C(=O)c1ccccn1)C(F)(F)F
14136,CC(CC(=O)NC1CC2CCC1N2C(=O)c1cccnc1)C(F)(F)F
14499,c1ccc2c(c1)CC(c1cnsc1)N2
14594,CC(CO)(CO)NC(=O)Nc1ccnc(OC2CCCCC2)c1
14605,CC(CO)(CO)NC(=O)Nc1ccccc1OC1CCCC1
14701,CCC(C)(O)C(=O)N(C)CC1CCCN1C(=O)CN1CSCC1=O
14773,O=C1CCOC1c1ccncc1
14910,O=C1CSC(C(=O)N2CCN(CCOCCO)CC2)C1
14936,CCC(=O)N1C2CCC1CC(NC(=O)CC(C)C(C)C)C2
14951,CC(=O)NC1CC2CCC(C1)N2C(=O)CCc1ccc(=O)[nH]c1
15029,CC(CC(=O)NS(=O)(=O)c1ccccn1)C(F)(F)C(F)(F)F
15036,N#CCCNS(=O)(=O)c1cccnc1
15051,CC(O)(C(=O)C(F)F)c1ccccn1
15052,CC(O)(C=O)C(=O)c1cccnc1
15053,CCC(NS(=O)(=O)CCCCCC(=O)OC)c1ccncc1
15058,CN(CC#N)C(=O)OCc1ccccn1
15060,CCOC(=O)N(C)Cc1ccncc1
15069,CCCN(O)C(=O)c1ccccn1
15184,c1cnn(-c2ccc3c(n2)CCC3)c1
15324,c1ccc(N2CCC(NCc3cccc4[nH]ncc34)C2)nc1
15351,CSCC(=O)N1CC(NC(=O)CC(C)C(F)(F)F)CC12CCC2
15352,CC(CC(=O)NC1CC2(C1)CN(C(=O)C(C)(F)F)C2)C(F)(F)F
15369,COCCN1CCC(NC(=O)CC(C)C(F)(F)F)C1
15402,CC1CN(C(=O)CC(C)(C)C#N)CC1NC(=O)CC(C)C(F)(F)F
15471,O=C(c1ccc2c(c1)NS(=O)(=O)C2)N1CCCC1CCCO
15476,CC(=O)NC1CCN(C(=O)c2ccc3c(c2)NS(=O)(=O)C3)C1
15494,CC(F)(F)C1CCCN1C(=O)c1ccc2c(c1)NS(=O)(=O)C2
15654,CC(O)Cc1cn(CCNC(=O)c2cccc3cn[nH]c23)nn1
15735,O=C(COc1ccc(F)cn1)Nc1cn2cccnc2n1
15823,O=C1NCCCC1C1CCCC1
15985,CC(C)CCC(=O)NC(CO)CNC(=O)C(C)n1ccnc1
15998,CCCC(=CC(=O)Nc1cccnc1)CCC
16329,CCC(C(=O)N1CC(C(C)NC(=O)c2cc[nH]n2)C1)N(CC)CC
16352,CCN(C(=O)c1cc[nH]n1)C1CCN(C(=O)C(C)COC)C1
16361,O=C(NCCc1cc[nH]n1)c1ccnc(-n2ccnc2)c1
16370,CCC(C(=O)N1CCC(CCNC(=O)c2cn[nH]c2)C1)N(CC)CC
16455,CCC(Br)C(=O)N(C)CCn1cccn1
16512,CN(C(=O)c1cccnc1)C(CNC(=O)Cc1cncnc1)C1CC1
16607,CN(C(=O)c1cc(-c2ccncc2)on1)C1CCCSC1
16616,Cc1cc(COCC(=O)NCC(C)CNC(=O)c2ccncc2)on1
16768,CN(CC1CCN(C(=O)CCCF)C1)C(=O)C(C)(C)c1ccns1
16798,CC[S+]([O-])CC(=O)NCc1ccc(CN(C)C(=O)C(C)C)cc1
16846,COCc1nc(C(=O)NCC(C)CNC(=O)c2cnc[nH]2)co1
16890,CN(Cc1nnc2ccccn12)C(=O)NCc1cncs1
16894,CCC(NC(=O)c1nnc2ccc(Br)cn12)c1ccccn1
17086,CC(CNC(=O)c1cn[nH]c1)NC(=O)C1CCCN1c1ncccn1
17161,Cc1cn2nc(N3CCC(c4cccnc4)CC3)ccc2n1
17612,CC(C=O)n1cnc2c1CCCC2
17664,CC(=O)N(C)C1CC2CCC(C1)N2C(=O)CCc1c[nH]cn1
17682,CCC(C)CC(=O)N1CCCN(C(=O)CCc2c[nH]cn2)CC1
17883,CC(=O)N1c2ccccc2CC1C(=O)NC1CCCNC1
17988,O=C(NCCc1ccc2cn[nH]c2c1)c1cn2c(n1)CCC2
18032,O=C(NCc1cnc[nH]1)c1ccc2[nH]ncc2c1
18114,Cn1ccnc1-c1noc(-c2cnc3ccoc3c2)n1
18151,CCCS(=O)(=O)Nc1cccc(NC(=O)c2cn[nH]c2)c1
18173,CC(C)CCCC(=O)c1cn[nH]c1
18178,CCC(C)(C)CCC(=O)c1cn[nH]c1
18185,COCCC(C)n1cccn1
18433,CCC(=O)N1CCC2(CC1)CC2NC(=O)c1cccc2cn[nH]c12
18489,O=C(CSc1nc2ccccc2s1)N1CCN(c2ccccn2)CC1
18492,O=C(CCNc1nc2ccccc2s1)N1CCN(c2ccccn2)CC1
18925,O=Cc1ccc2c(c1)NC(=O)C2=O
18941,COCc1cccc2c1NC(=O)C2=O
18943,O=CCCN1C(=O)C(=O)c2ccccc21
19827,CC(CCC(C)(C)C)C(=O)NCC1CN(CC(=O)N(C)C)CCO1
19998,CC(C)(C#N)CN1C(=O)CN(CC(C)(C)c2ccccn2)C1=O
20058,CCCNC(=O)c1ccc2c(c1)S(=O)(=O)N=C(C)N2CC(C)C
20070,CCCC(NC(=O)OC(C)(C)C)C1CCNC(=O)C1
20105,C=CCCCCC(C)NC(=O)C(=O)N(C)C1CCC(=O)NC1
20140,CC(C)S(=O)(=O)C1CCN(C(=O)CC2=Cc3ccccc3C2)C1
20144,O=C(COC1CCCc2ccccc21)N1CCCC1
20145,O=C(COC1CCCc2ccccc21)N1CCC(C(F)(F)F)C1
20148,O=C(CN1CCc2sccc2C1)NCCC1CCCN1C(=O)CO
20158,O=C(NCC1CCN(C(=O)CO)C1)C1CCc2ccccc21
20308,CC(OC(=O)c1cc(C2CC2)[nH]c(=O)c1)c1cnccn1
20634,O=C(COC(=O)Cn1cc(C(F)(F)F)ccc1=O)NCCC1=CCCCC1
20648,CCNC(=O)C1CCC(n2cc(CCNC(C)=O)nn2)CC1
20719,c1ccc(-c2nnc(NCc3ccc4cccnc4c3)s2)nc1
20907,CN(CCNC(=O)Cc1cnns1)C(=O)c1cnccc1N
20940,CC#CCCNC(=O)C1CCC(=O)N1
20946,CC=CC(C)NC(=O)C1CNC(=O)C1
20947,CCC(Cl)C(=O)NCC1CCC(=O)N1
20970,CC(C)CC(NC(=O)C1CNC(=O)C1)C(F)(F)F
21032,COC(=O)NCC(=O)NCC(C)NC(=O)C1CCCC(=O)N1
21077,O=C(C(O)C1CCOCC1)N1CCCC1c1ccn[nH]1
21083,O=C(NCC1CCN(C(=O)CO)C1)c1n[nH]c2c1CCCCC2
21087,O=C(COC1CCCC1)N1CCC(c2ccn[nH]2)C1
21091,O=C(C1CCC(=C(F)F)CC1)N1CCCC1c1cn[nH]c1
21158,CCN(C(=O)c1ccn(C)c(=O)c1)C(C)CNC(=O)c1ccccn1
21167,CC(CNC(=O)c1ccncc1)NC(=O)CCn1ccccc1=O
21168,CC(CNC(=O)c1cccnc1)NC(=O)CCn1ccccc1=O
21294,O=C(NCc1nnc2ccc(Cl)cn12)c1nsc2ccccc12
21569,C#CC(C)C(=O)C(O)c1ccncn1
21624,CC(C)C(=O)N(C)C1CC2CCC(C1)N2C(=O)CCC1CC1
21631,O=C(CCn1ccnc1)N1C2CCC1CC(CCF)C2
21997,CCC(=O)N1C2CCC1CC(NC(=O)CSCc1ncc[nH]1)C2
22011,CC(CF)C(=O)NCC1CCCN1C(=O)CCc1ncc[nH]1
22036,CCCC(C)CC(=O)N1CCCN(C(=O)CCc2ncc[nH]2)CC1
22039,O=C(CC(F)F)NCC1CCCN1C(=O)CCc1ncc[nH]1
22202,CC(NC(=O)N1CC2CCC2C1)c1cnccn1
22220,CC(C1CC1)N(C(=O)c1cnccn1)c1ccccc1
22223,CC(NC(=O)c1cnccn1)C1(S(C)(=O)=O)CC1
22252,CCC(=O)NC(C)C(=O)N1CCCC1CNC(=O)Cc1ncc[nH]1
22516,CC(C)CC(C(=O)NC1CNC(=O)C1)n1ccnc1
22809,CCCC(=O)Nc1cnn(CCN2CCCC2=O)c1
22847,O=C1CSCC(C(=O)Nc2cnn(C3CCCC3)c2)N1
23130,CCC(=O)Nc1ccc(NC(=O)CC(C)C(F)(F)F)cc1C
23295,CC(CC(F)(F)F)NC(=O)c1cnc2cccnn12
23517,O=C(NC1CC(n2ccnc2)C1)c1cnc2ncccn12
23812,CCC(CCCl)CNC(=O)C1CCCOC1
24158,COC(CN(C)c1cccc2nncn12)C(C)C
24648,NCc1nc[nH]c1C(=O)Nc1cccc2cn[nH]c12
24830,CC(C)N(CCNC(=O)CNS(N)(=O)=O)C(=O)c1cccnc1
25127,CC(C)C(CNC(=O)c1cn(C(C)C)cn1)NC(=O)c1cc[nH]n1
25347,CC(=O)Nc1ccc(C(=O)NC(C)C2CC2)nc1
25407,CCCS(=O)(=O)Nc1cccc(C(=O)N(C)Cc2ncon2)c1
25702,CCC(CNC(=O)C1CC1C1CCOCC1)NC(=O)c1cnccn1
25770,C=C(CC)CC(=O)CC1CCCN1
25792,CC(CC(C)(F)C1CCNC1)C(C)(C)C
26238,CCCC(C(=O)NC1CCNC1)C(C)C
26549,CN(C(=O)COC1CCNCC1)C1CCCNC1=O
26592,CC(COCc1ccccc1)NC(=O)c1ccccn1
26601,COCC(C)NC(=O)c1c(-c2ccncc2)noc1C
27042,O=C1NCC(COC(=O)c2ccccc2N2CCCCC2=O)N1
27143,c1cc(NCCCOC2CCOC2)nc(N2CCCCC2)n1
27189,O=C(OC(c1nc2ccccc2o1)C(F)(F)F)C1CCCS1(=O)=O
27254,CC(CNC(=O)CC1CCC(=O)N1)CNC(=O)c1nocc1Cl
27676,COCc1nccc(NC(=O)c2cc3cccn3cn2)n1
27712,O=C(C=C1CCSCC1)N(Cc1ncc[nH]1)c1cncc(Br)c1
27720,c1ccc(-c2nnc(N3CCCC3c3ncc[nH]3)s2)nc1
27893,CC(=O)C1CCN(C(=O)COC2CCCc3ccccc32)C1
27906,c1cc2c(cc1-c1nc(C3CCCN3)no1)CCCN2
27907,C#CC1CCCN1C(=O)c1ccc2c(c1)CCCCN2
27918,O=C(c1ccc2c(c1)CCCCN2)N1CCC(O)C1
28016,Cc1nccc(NCC(O)CNC(=O)c2cn3c(n2)CCCC3)n1
28111,COC(C)C(O)C(=O)N(C)C1CN(C(=O)CCc2cn[nH]c2)C1
28114,CC(C)CCCC(=O)NC1CCN(C(=O)CCc2cn[nH]c2)C1
28323,C#CC(CNC(=O)Cc1cncs1)CC(C)(C)C
28383,CC(=O)N(C)CCC(=O)NC1CCCCN(C(=O)C2COC2)C1
28490,CCC(CNC(=O)C(=O)N1CCN(CC(=O)N(C)C)CC1)C(C)C
28573,O=C(CCc1[nH]nc2c1CCCC2)NCCCC1C=NNC1=O
28778,CC(=O)NC(C)(C(=O)N1CCC(c2c[nH]c3ccccc23)CC1)C(C)C
29031,CN(C)Cc1nc(CNS(=O)(=O)c2cnc3sccc3c2)co1
29152,COCC(NC(=O)CC1C=NN(C)C1=O)c1ccccn1
29365,O=C(NCC1CC(n2cncn2)C1)C(F)=Cc1cnc[nH]1
29374,O=C(OCc1cnccn1)c1cncc(-n2ccnc2)n1
29426,CC(C(=O)NO)N1CCCCC1=O
29440,COCC(C)(NC(=O)c1ccc(S(N)(=O)=O)s1)C1CC1
29655,N#CCC(=O)NC1CNCC2(CC2)C1
29667,N#CC(C(=O)NC1CC=CC1)C1CCNCC1
29671,Cc1cccc2sc(NC(=O)C(C#N)C3CCNCC3)nc12
29673,Cc1cc2c(cc1NC(=O)C(C#N)C1CCNCC1)OCO2
29675,Cc1cccc2c1C(NC(=O)C(C#N)C1CCNCC1)CCC2
29678,Cc1n[nH]c2ncc(NC(=O)C(C#N)C3CCNCC3)cc12
29686,Cc1cc(NC(=O)C(C#N)C2CCNCC2)c2[nH]cnc2c1
29694,Cc1ccc(NC(=O)C(C#N)C2CCNCC2)cn1
29720,CCC(C)CCCCC(=O)NS(=O)(=O)c1ncc[nH]1
29842,O=C1SCCN1CCC(=O)N1CCCC1c1nnc2ccccn12
29898,O=C1CC(c2noc(-c3ccc4nnc(C(F)F)n4c3)n2)CN1
30433,CCN(CCNC(=O)C(C)COC)C(=O)CNc1ncccn1
30751,O=C(CCc1cncnc1)N1CCN(c2ccncn2)CC1
31046,CC(CNC(=O)c1cncnc1)NC(=O)C1CNC(=O)N1C
31470,O=CCCN1CCCC1=O
31471,O=C1CCCN1CCC(=O)N1C2CCC1CC(F)C2
31645,Cc1cnoc1C(=O)NCCC(C)NC(=O)c1cnsn1
31798,CC(C)CC(=O)NCC(C)NC(=O)c1ccc2nncn2c1
31867,O=C1CCCC(OC(=O)CC(C(F)F)n2ccnc2)CN1
31893,COCc1nnc(SC(C)C(=O)N2CCCCC2)s1
31899,CC(=O)N1CCN(C(=O)C(C)Sc2ncc3ccccn23)CC1
31914,CC(Sc1ccccn1)C(=O)N1CCCC1COC(F)F
31916,CSC(C)C(=O)N(C)C1CN(C(=O)C(C)Sc2ccccn2)C1
31930,COCCCn1c(SC(C)C(=O)c2c[nH]c3ccccc23)n[nH]c1=O
31957,COCC=Cc1cccc2c1NCC2
31965,CC(Cl)C(=O)c1ccc2c(c1)NCC2
31998,CC(CNC(=O)c1ccon1)N(C)C(=O)C1CCCC(=O)N1C
32012,CCCN(CCNC(=O)c1ccccn1)C1CCCN(C)C1=O
32018,CCN(CCNC(=O)c1ccncc1)C(=O)C1CCNC(=O)C1
32214,NC(=O)CC(O)C(=O)NC1CC(CCNC(=O)c2cscn2)C1
32227,CN(CC(=O)NC1CC(CCNC(=O)C2CCC(=O)N2)C1)C(N)=O
32383,CC(NC(=O)C1CNC(=O)N1)C(C)(C)NC(=O)c1cc[nH]n1
32415,CCCc1n[nH]c2ccc(C(=O)NCc3ccncn3)cc12
32616,O=C(Nc1cnn(C2CCCC2)c1)C1CCc2ccccc21
32955,O=C(CCC1CCCNC1)NOC1CCCC1
33243,COCCN1CC(CNC(=O)NCC23CC(CCO2)C3)CC1=O
33363,O=C1CC(NC(=O)c2ccc(-c3cn[nH]c3)cc2)CCN1
33613,CC(C)C(NC(=O)c1ccnn1C1CCCC1)c1ncc[nH]1
33638,CCN(C(=O)c1ccn(C)n1)C(C)CNC(=O)Cc1cnc[nH]1
33915,N#Cc1cncc(CC(=O)NCc2ccc3c(c2)CCCN3)c1
33929,O=C(Nc1ccc2c(c1)CCCN2)C(F)(F)c1ccncc1
34336,O=C(CCN1CCC2C(C1)OCc1cnnn12)N1CCCc2ccccc21
34425,CC1CCc2ccccc2N1CCNC(=O)COC1CCOCC1
34673,CCC(NC(=O)OC(C)(C)C)C1CCC(=O)N1
34794,CC(NC(=O)c1ccncc1)C1CCN(C(=O)CCNC(N)=O)C1
34811,CCC(NC(C)=O)C(=O)NCC1(CCNC(=O)c2ccncc2)CC1
35059,O=S(=O)(c1ccc2scnc2c1)N1CCN(c2cn[nH]c2)CC1
35439,CC(CNC(=O)c1ccc(-c2cc[nH]n2)s1)Nc1ncccn1
35473,O=C(OCc1cn[nH]c1)C1CC(=O)N(c2cn[nH]c2)C1
35516,CC(C)CC(CNC(=O)C1CCC(=O)N1C)NC(=O)c1cn[nH]c1
35612,O=C(Nc1ccc(-c2cc[nH]n2)cc1)c1cnc2cccnn12
35792,C=C(Cl)C(C)(C)C(=O)NC(CCOC)CNC(=O)C1CCC(=O)N1
35844,O=C(Cc1ccn(C2CCCC2)n1)NN1CCCC1=O
35886,CC(C)CCOCCNc1ncco1
36659,CC(CNC(=O)C(C)(C)C(F)(F)F)N(C)c1ncccn1
36705,CC(CNc1ncncc1Cl)NC(=O)c1cccc2cn[nH]c12
36823,CC(C)C(C)CC(=O)N1CCCC(NC(=O)CC#N)CC1
37776,O=C1CC(C(=O)Nc2cccc(-c3c[nH]cn3)c2)CCN1
38131,O=C(CCc1nccs1)NCC1CCn2cnnc2C1
38436,COCC1(C(=O)NCCN(C)C(=O)c2cnc[nH]2)CCOCC1
38598,COC(C)C=NN1CCCCC1=O
38623,CN(C(=O)C(C)(C)CC(C)(C)C)C1CCC(=O)NC1
38721,N#CCC(=O)NC1(CCNC(=O)C(O)Cc2c[nH]cn2)CCC1
39011,Cc1cccc(=O)n1CCCCNCc1cnc[nH]1
39108,c1n[nH]cc1Cc1nc(-c2ccn3cnnc3c2)no1
39173,Cc1ccc2nnc(C(=O)NCCCc3cnccn3)n2c1
39794,CN(C)C(=O)CN1CCCC(NC(=O)C2CCOCC2)C1=O
39872,O=C(CC1CCc2ccccc21)NCCCc1nnc2ccccn12
39918,CN1CC(C(=O)NCC(O)CNC(=O)CCc2cn[nH]c2)NC1=O
40316,Cn1cncc1CNC(=O)Nc1ccc2c(c1)NCC2
40319,O=C(NCCc1nc[nH]c1Br)c1ccc2c(c1)NCC2
40498,O=C(Cc1ccc2[nH]ncc2c1)NCC(CO)NC(=O)c1cc[nH]n1
40538,Cc1n[nH]c2ccc(C(=O)NCC(C)NC(=O)c3cc[nH]n3)cc12
40659,CCCC(NC(N)=O)C(=O)N1CCCC1CN(C)C(=O)C(C)C
40856,CCCCOCC(O)Cc1ncco1
40896,C=C(Br)CS(=O)(=O)NCc1cnco1
41168,CC(CCNC(=O)c1cc(C(C)(C)C)on1)NC(=O)c1cc[nH]n1
41201,CCCN(CCNC(=O)Cc1cn[nH]c1)C(=O)c1nocc1Cl
41442,O=C1CCC(C(=O)NCc2ccc(N3CCCC3)nc2)=NN1
41445,CNC(C)c1ccnc(N2CCNC(=O)CC2)c1
42149,Cn1ccc2ccc(OC(=O)c3cn4c(n3)CCCC4)cc21
42918,COC(=O)c1cccc2c1CN(CC1CCCNC1)CC2
43009,CC(S)C(=O)N1CC(S(N)(=O)=O)C1
43016,COc1ccc2c(c1)CCCN2C(=O)COC(C)Cc1ncc[nH]1
43172,O=C(CC1CCCC(C(F)(F)F)O1)NCc1c[nH]cn1
43497,O=C1CCC(c2ccc(-c3ccc4c(c3)CCCN4)cc2)N1
43550,Cc1ccc2c(c1)CCCN2C(=O)CNC12CCCCCC1OCC2
43738,Cc1cn2nc(NC(=O)NC3CCc4ccccc43)ccc2n1
44440,Cn1ccc2ccc(CNC(=O)NCC3CCNC(=O)C3)cc21
45401,CC(CNC(=O)c1nnc2ccc(Br)cn12)N1CCCC1
45621,CCOC(=O)NC1CCCN(C(=O)CC2CCCNC2)C1
45663,O=C(CC1CCCNC1)Nc1ccnn1C1CCCC1
45675,O=C(Cc1ccn(C2CCCC2)n1)NCCC1CCCNC1
45686,CC(C)(C)C(CN)NC(=O)c1cnn(C2CCCNC2)c1
45694,N=C(N)c1cn[nH]c1NC(=O)N1CCCCC1
45698,O=C(CCCN1CCCCC1)Nc1cnn(CC(F)F)c1
45718,O=C(OCCNC(=O)N1CCCCC1)c1ccnn1C1CCCC1
45737,CC(Sc1nnc(N(C)C)s1)C(=O)N1CCCCC1
45746,CC(Sc1nc2ccccc2c(=O)n1-c1ccccc1)C(=O)N1CCCCC1
45749,CC(Sc1nnnn1C)C(=O)N1CCCCC1
45756,CC(Sc1ccc(Cl)cn1)C(=O)N1CCCCC1
45760,COc1ccc2nc(SC(C)C(=O)N3CCCCC3)[nH]c2n1
45769,O=C(NC1CCCNC1)N1CCc2ccc(Br)cc21
45801,CC(NC(=O)N1CCc2ccccc21)C1CCCNC1
45810,O=C(CC1Cc2ccccc2N1)NCCCN1CCCCC1
45845,CC(C)NS(=O)(=O)c1ccc2c(c1)CCN2C(=O)CCC(=O)N1CCCCC1
45868,CC(NC(=O)COC1CCCNC1)c1ncc(Br)cn1
45878,CCN(Cc1ncccn1)C1CCCNC1
45903,OC(CCNc1ccnc(N2CCCCC2)n1)C1CCC1
45909,OC(CCNc1ccnc(N2CCCCC2)n1)C1CCCC1
45922,O=C(CCCN1CCCCC1)NCC(O)CNc1ncccn1
45943,c1ccc(Sc2ccnc(N3CCCCC3)n2)nc1
45947,O=C(c1csc(C2CCNCC2)n1)N1CCc2ccccc21
45975,CC(C)(C#N)C(=O)N1CCCC(S(=O)(=O)N2CCc3ccccc32)C1
45979,CC(F)(F)CN1CCCC(S(=O)(=O)N2CCc3ccccc32)C1
45987,CN(C)S(=O)(=O)N1CCCC(S(=O)(=O)N2CCc3ccccc32)C1
45999,O=C(NCC1CCN(C2CCOCC2)CC1)c1ccc2c(c1)CCN2
46014,c1cc2c(cc1CN1CCC(N3CCCCC3)CC1)CCN2
46019,CCOC(=O)C1CCCN(C(=O)c2ccc3c(c2)CCN3)C1
46024,CC1CCCN(CC(=O)c2ccc3c(c2)CCN3)C1
46025,CC1CCCCN1CC(=O)c1ccc2c(c1)CCN2
46065,CC(S)C(=O)N1CCCC(CO)C1CO
46081,CC(Cc1cnn(C)c1)C(=O)NCCOC1CCNC1
46327,c1cc(CNCC2CCCNC2)c2[nH]ncc2c1
46353,c1cc(CNC2CCCNC2)c2[nH]ncc2c1
46399,CC(CNC(=O)NCc1ccc2cn[nH]c2c1)N1CCCCC1
46417,O=C1NCC(C(=O)NCCN(c2ncccn2)C2CC2)N1
46470,c1cc(NC2CCCNC2)nc(C2CC2)c1
46480,O=C(NS(=O)(=O)C1CCCNC1)c1cccnc1C1CC1
46489,OC(c1ccnc(-c2nc(C3CCCNC3)no2)c1)C(F)(F)F
46492,O=C(CCc1nc(-c2ccccn2)no1)NCC1CCCNC1
46497,CN(c1ccncc1)C1CCCNC1
46503,Cc1cc(NCC2CCCNC2)ccn1
46510,CCN(CCNC(=O)c1ccncc1)C(=O)CCCN1CCCCC1
46519,Cc1cccc(NC(=O)NCC(C)N2CCCCC2)n1
46525,CC(CNC(=O)Nc1cc(C(F)F)ccn1)N1CCCCC1
46544,OCC(CN1CCCCC1)Nc1nnc(-c2ccccn2)s1
46545,OC(CNc1nnc(-c2ccccn2)s1)CN1CCCCC1
46563,O=C(CCC1CCCC1)N1CCCC(C2CCCNC2)C1
46587,CC1COCCN1C(=O)CCC1CCCNC1
46596,CNC(=O)NCC1CCCCN1C(=O)CCC1CCCNC1
46618,CC(C)CCCC(=O)NC1CCN(C(C)C(=O)N2CCCCC2)C1
46630,COC(=O)c1ccc2c(c1)CCN(C(C)C(=O)N1CCCCC1)C2
46631,CC(C(=O)N1CCCCC1)N1CCc2cccc(F)c2C1
46644,CNC(=O)NCC1CN(CCC(=O)N2CCCCC2)CCO1
46656,COC(=O)Cc1nccn1C1CCCNC1
46686,CN(CCn1ccnc1)C(=O)c1ccn(C2CCCNC2)n1
46715,CCCN(CCN1CCCCC1)C(=O)NCc1cn(C(C)C)cn1
46719,CCN(Cc1nccn1C)C(=O)N1CCCCC1
46745,CC1CCN(C(CNC(=O)CCc2ccc(=O)[nH]c2)C(C)C)CC1
46779,COC(C)CCC(=O)N1CCC(NC(=O)Cc2ccc(=O)[nH]c2)CC1
46913,Cc1ccc(NC(=O)NCC(C)c2ccccn2)nc1
46917,CN(C(=O)c1ccc(-c2ccccn2)nc1)C(CNC(=O)CC#N)C1CC1
46960,Cc1ccc(NC(=O)NCC(C)c2ccncc2)nc1
46989,CC(CO)C(=O)N1CCC(C(C)NC(=O)CN2CCCCC2)CC1
47002,CCCCC(=O)NCC1CCN(C(C)C(=O)N2CCCCC2)CC1
47013,O=C(COCCC1CCCNC1)N1CCCCC1
47019,CCCN1CCCC(C(=O)NCC(O)CN2CCCCC2)C1
47020,CC(NC(=O)NCc1ccnc(N2CCCCC2)c1)C(=O)N1CCCCC1
47021,COCC(C)OC(=O)C1CCN(S(=O)(=O)N2CCCCC2)CC1
47038,CN(CC1CCCNC1)C(=O)CN(C)c1nc2ccccc2s1
47045,CC(NC(=O)NCC1CCCNC1)c1ccc2ncsc2c1
47050,CC(C)c1nc2ccc(CC3CCCNC3)cc2s1
47059,O=C(CCc1nc2ccccc2s1)NC1CCCNC1
47082,CC(CCNCc1nc2ccc(Br)cc2s1)N1CCCCC1
47091,CC(NC(=O)c1ccc2nc(N3CCCCC3)sc2c1)c1ccccc1
47143,CCOC(=O)NC1CCCN(CCC2CCNC2=O)C1
47226,CN1CCC(C2CN(C3CCCNC3)C(=O)N2)CC1
47239,O=C1NC(c2ccccc2F)CN1C1CCCNC1
47320,CC(C)C(NCc1cccc2c1cnn2C)C1CCNC1
47371,CN(Cc1ncccn1)c1nnc(-c2ccccn2)s1
47396,CCOc1ncccc1C(=O)NC(CNc1ncccn1)CC(C)C
47450,CCC(C)NC(=O)CN1CCN(CC(=O)N2CCCCC2)CC1
47453,CCC(C)NC(=O)CN1CCN(CCCN2CCCCC2)CC1
47626,CC(=O)NC(C)C1CCN(C(=O)C(C#N)C2CCNCC2)CC1
47627,CC(NC(=O)CC1CCNCC1)C1CCN(CC(F)(F)F)CC1
47635,CC(C)N(C(=O)c1nnc(C2CCNCC2)s1)C1CCNCC1
47934,CC(=O)NC(C)C1CCN(CC(=O)NC2CCOCC2)CC1
47965,CSC(C)C(=O)NCC1CCCN(CCC2CCOCC2)C1
48047,c1cncc(C2CCNCC2)c1
48055,CC(=O)NC(C)C1CCN(C(=O)NCCc2cccnc2)CC1
48056,CC(C)C(=O)N1CCC(C(C)NC(=O)Cc2cccnc2)CC1
48060,CC(=O)NC(C)C1CCN(c2nc(-c3cccnc3)cs2)CC1
48061,COC(C)C(=O)N1CCC(C(C)NC(=O)Cc2cccnc2)CC1
48069,CC(=CC(=O)NCCC1CCN(C)CC1)c1cccnc1
48074,CN(C(=O)CCNC(N)=O)C1CCN(C(=O)c2cccnc2)CC1
48075,CON=CC(=O)N1CCC(Cc2cccnc2)CC1
48099,O=C(NCC1CCCNC1)c1cnc2cccnn12
48106,Cc1cn2nc(NCCCCCN3CCCCC3)ccc2n1
48114,COc1ccc2ncc(C(=O)NCCC(C)N3CCCCC3)n2n1
48173,CC(C=O)n1cc(-c2ccccc2)cn1
48415,O=C(CN1CCCc2ccccc21)NNC(=O)c1cncn1-c1ccccc1
48493,CC(NC(=O)Cn1cccn1)C1CCN(C(=O)CCC(F)F)CC1
48513,CC(NC(=O)Cn1cccn1)C1CCN(CCC(C)(C)C)CC1
48528,COC(C)C(=O)NC(C)(C)C1CCN(C(=O)Cc2cn[nH]c2)CC1
48529,CCC(C)OCC(=O)NCCC1CCCN(C(=O)c2cn[nH]c2)C1
48539,CC(C(=O)NC(N)=O)N(C)CC1CCN(C(=O)c2cn[nH]c2)CC1
48546,CCCCC(=O)NCC1CCN(C(=O)c2cc[nH]n2)CC1
48630,CCC(NC(=O)Nc1cccc(CC(=O)OC)n1)c1cccnc1
48641,CCC(NC(=O)Nc1cc(CCOC)ccn1)c1cccnc1
48646,COc1ccnc(CN(C)CCNC(=O)c2cccnc2)c1
48652,CCN(C(=O)c1ccncc1)C(C)CNC(=O)Cc1cccnc1
48665,O=C(CCc1ccncc1)N1CC2(CCC2)C1c1cccnc1
48684,CCC1(CNC(=O)C(=O)N(C)C2CCCNC2)CCC(=O)N1
48752,COCCN1CC(C(=O)OC(C)C(=O)N2CCCCC2)CC1=O
49166,CNC(=O)CC1CCN(C(=O)N(C)Cc2ccoc2)CC1
49171,CNC(=O)CN1CCC(CNC(=O)C(C)C(C)(F)F)CC1
49222,COCC(C)CNC(=O)NC1CCN(CC2CCCO2)CC1
49327,CCN1CC(C(=O)NCC(C)NC(=O)CN2CCCC2)CC1=O
49548,CC(CCNC(=O)c1cc(-c2ccccn2)no1)NC(=O)C1CC1
49748,CN(Cc1ccc2c(c1)CCO2)C(=O)C(C)(C)N1CCCCC1
49767,CC(C)c1ccc(CN(C)C(=O)C(C)(C)N2CCCCC2)cc1
49818,O=C(O)C1CCCN(C(=O)CCN2CCCc3ccccc32)C1
49901,CC(CO)C(=O)N1CCC(C(C)NC(=O)Cc2ccon2)CC1
49904,COC(C)C(=O)N1CCC(C(C)NC(=O)Cc2ccon2)CC1
49927,COCC(C)(C)CC(=O)NC(C)C1CCN(Cc2ccon2)CC1
49991,CC(NC(=O)Cc1ccno1)C1CCN(C(=O)CN(C)C)CC1
50179,CNC(=O)NCCC(=O)NCC1CCN(C(=O)c2cocn2)CC1
50199,O=CNCCN1CCCCC1
50224,CCNC(=O)C1CCN(C2CC=CC2)CC1
50246,CCNC(=O)C1CCN(C(=O)N(C)Cc2cn[nH]c2)CC1
50277,O=C(COC1CCCNC1)Nc1cnn(C2CCS(=O)(=O)C2)c1
50543,N#CC1CCN(C(=O)NCCCNc2ncccn2)CC1
50555,CC(=O)NC(C)C1CCN(C(=O)C(F)(F)c2ncccn2)CC1
50560,CC(NC(=O)Cc1ccc[nH]1)C1CCN(c2ncccn2)CC1
50569,CC(NC(=O)Cc1cncs1)C1CCN(c2ncccn2)CC1
50577,CC(=O)NC(C)C1CCN(C(=O)Cc2cncnc2)CC1
50711,c1ccc2sc(C3CCCN(c4cncc5ncnn45)C3)nc2c1
50761,CCC(C(N)=O)N1CCC(C(C)NC(=O)CN2CCCC2)CC1
50762,CC(=O)NC(C)C1CCN(c2nccc(N3CCCC3)n2)CC1
50765,CCCC(C)C(=O)N1CCC(C(C)NC(=O)CN2CCCC2)CC1
50771,CCC(C)C(=O)N1CCC(C(C)NC(=O)CN2CCCC2)CC1
50784,CSC(C)C(=O)N1CCC(C(C)NC(=O)CN2CCCC2)CC1
50844,COCCCN1CCC(NC(C)c2n[nH]c3ccccc23)CC1
50851,CC(C)(C)OC1CCCN(C(=O)CCc2n[nH]c3ccccc23)C1
50865,COC(=O)C1CC(NC(=O)Cc2n[nH]c3ccccc23)CCN1
50895,CC(C=O)C1CCN(C)C(C)C1
50927,CCC(=O)N1CCC(C(C)NC(=O)CC2CCCNC(=O)C2)CC1
50934,CCC(=O)N1CCC(C(C)NC(=O)CN2CCSCC2)CC1
50940,CCC(=O)N1CCC(C(C)NC(=O)Cc2csc3nccn23)CC1
50954,CCC(=O)N1CCC(C(C)NC(=O)Cc2ccoc2)CC1
50959,CCCCOCCCNC(=O)C1CCCCN1C(=O)CC
50994,O=C(Cn1ccc(C2CCCNC2)n1)NCCN1CCCC1
50998,O=C(NCc1cn(C2CCNC2)nn1)NC1CCCNC1
51171,CC(NS(=O)(=O)CC1CCCNC1)c1nnc2ccccn12
51172,O=S(=O)(CC1CCCNC1)NCc1ccn2cnnc2c1
51256,O=c1cccc(Br)n1CC1CCCNC1
51268,O=c1[nH]cccc1CNS(=O)(=O)C1CCCNC1
51269,CN(CC1CCCNC1)C(=O)C(=O)Nc1cccn(C)c1=O
51448,CC(NC(=O)c1cnc(N2CCNCC2)o1)C1CCCNC1
51476,CC(NC(=O)Nc1cccnc1N1CCCCC1)c1ncco1
51490,CCCc1nc(C(=O)NCCC(C)N2CCCCC2)co1
51493,CCCc1nc(C(=O)NCCN2CCCCC2)co1
51495,c1ccc2nc(N3CCCCC3)c(NCc3cnco3)nc2c1
51536,CCON1CCC(CC(=O)NCCNC(=O)c2ccn[nH]2)CC1
51543,O=C(CC1=CCCC1)N1CCC(c2ccn[nH]2)CC1
51690,CC1CC1C(C)NC(=O)C1CCCNC1
51842,COc1nccc(C(C)C=O)c1F
51875,COc1ncc(C(C)C=O)cc1Cl
51887,CCC(=O)N1CC2(CC(NC(=O)CC(C)c3ccncc3)C2)C1
51896,CCC(=O)N1CC2CCC(C1)N2C(=O)CSCc1cccnc1
51900,CCC(=O)N1CC2CCC(C1)N2C(=O)CSc1ccncc1
52055,CC1CC2CCC(C1)N2C(=O)CCc1cccnc1
52108,O=C(CCn1cncn1)N1CCNCC1c1ccccn1
52296,CC(C)SC(C)C(=O)N1CCC(NC(=O)C(C)(C)N2CCCC2)C1
52315,O=C(C(O)C1CCCCC1)N1CCC(N2CCCC2)C1
52333,CC(=O)NC(C)C1CCN(CCCN2CCNCC2)CC1
52375,C1CCC(COCCCN2CCC(N3CCNCC3)CC2)OC1
52406,CCCS(=O)(=O)Nc1cc(-c2cccnc2)n[nH]1
52408,CC(CS(=O)(=O)Nc1cc(-c2cccnc2)n[nH]1)c1ccccc1
52416,O=S(=O)(CCCC1CCCCC1)NC1(c2ccccn2)CC1
52583,C#Cc1cccc(NC(=O)NC(CC)C2CCCO2)n1
53040,CCC(=O)N1CCC(NC(=O)COCC(C)N2CCCC2)CC1
53105,Cc1cnccc1NCc1ccc2cc[nH]c2c1
53411,CN1CCC(OCC(=O)OCC(=O)NC2CCS(=O)(=O)C2)CC1
53625,CCN(CC)C(=O)c1ccc(NC(=O)NC2CCCNC2)cc1
53636,CCN(CC)C(=O)c1ccc(CNC(C)C2CCCNC2)cc1
53709,CCC(=O)N1CCCN(C(C)C(=O)N2CCc3sccc3C2)CC1
53713,CCC(=O)N1CCCN(C(=O)CCN2CCOCC2)CC1
53746,CCS(=O)(=O)CCCNC(=O)N1CCC(N2CCCCC2)C1
53748,CC(C)Oc1cccc(N2CCC(N3CCCCC3)C2)n1
53750,O=C(C(O)c1ccccc1)N1CCC(N2CCCCC2)C1
53753,O=C(COc1ccccc1)N1CCC(N2CCCCC2)C1
53759,CC(C)(C(=O)NCC1CCCN1C(=O)CO)N1CCCCC1
53762,CC(C)OC(=O)N1CCCC1C(=O)NCCN1CCCCC1
53771,COCC(OC)C(=O)N1CCC(NCC(=O)N2CCCCC2)C1
53777,CC(CN1CCCCC1)N(C)C(=O)C(=O)N1CCC(CC#N)C1
53845,CCS(=O)(=O)NCCC(=O)N1CCCC(NC(=O)CC#N)C1
53866,N#CCC(=O)NC1CCN(C(=O)CCc2cnoc2)CC1
53933,Cc1cn(C(C)C=O)c(C)n1
53958,CCC(=O)N1CCCC(c2nc(-c3ncc[nH]3)no2)C1
54009,CCN(CC)C(=O)N1CCC(c2nc(-c3ccncc3)cs2)CC1
54290,COCC(C)C(=O)N1CCN(CCNC(=O)c2cccnc2)CC1
54393,CCN(CCNC(=O)C(O)c1cccnc1)C(=O)c1cc[nH]n1
54511,CNC(=O)NCC(=O)NCC1CC1CNC(=O)CN1CCCCC1
54541,CN(CC1CCOC1)C1CCCNC1
54609,CC(CN1CCCCC1)N(C)C(=O)c1cnc(C2CCOC2)s1
54984,CCN1N=C(C(=O)N(CCCO)Cc2ccccn2)CC1=O
55076,CN(C)C(=O)CN1CCCN(CCCN2CCCCC2)CC1
55108,CN(C)C(=O)Cc1cccc(NC(=O)CCCN2CCCCC2)c1
55269,NC(c1ccc2nncn2c1)c1ncc[nH]1
55396,CCNC(=O)c1cc(O)n(C)n1
55545,c1cc(-c2nccc(NC3CCNC3)n2)c2nonc2c1
55674,O=C(CC1C=CCC1)N1CCCC(n2ccnc2)C1
55679,CCOC(=O)NC1CCCN(C(=O)CC(C(F)F)n2ccnc2)C1
55684,CCCC(OC)C(=O)NCC1CCN(C(=O)c2ncc[nH]2)CC1
55754,O=C(COC1CCCNC1)NCC1CCCOC1
55819,C1CCN(CCSCc2nnc(C3CCOCC3)o2)CC1
55828,CCC(NC(C)C)C(=O)NCC1(N2CCCCC2)CCOCC1
55892,C#CCNC(=O)C1CCN(C(=O)N(C)Cc2c[nH]cn2)CC1
55900,CN(C)C(=O)N1CCC(C(=O)NCCc2c[nH]cn2)CC1
56036,CN(CCNC(=O)Cc1n[nH]c2ccccc12)c1ncncc1Cl
56319,c1cc(NCC2CCNC2)nc(C2CC2)c1
56328,c1cc(NCC2CCNC2)cc(C2CC2)n1
56901,CC(CC(=O)NC1CCCN(C(=O)C2CCCC2)C1)C(F)(F)F
56915,CC(C)CCC(=O)N1CCC(NC(=O)CC(C)C(F)(F)F)CC1
57140,CCc1nnc2n1CC(NC(=O)CCC1CCCNC1)CC2
57322,NC(=O)Nc1ccc(CNC(=O)CCC2CCCNC2)cc1
57585,CCC(=O)N1CC(C)(NC(=O)CC(C)C(F)(F)F)C1
58344,O=C(NS(=O)(=O)C1CCOCC1)c1ccnn1-c1cccnc1
58912,NC(Cc1c[nH]cn1)c1nnc(-c2ncccn2)o1
58943,CC(C)N(C)C(=O)CNCC1CCN(C(=O)c2cnco2)CC1
58974,CCN(CC)C(=O)C(C)N1CCC(NC(=O)c2cnco2)CC1
59001,O=[N+]([O-])c1c(N2CCC(c3ncco3)CC2)ccc2ncccc12
59004,O=C(N1CCC(c2ncco2)CC1)C(F)(F)C1CC1
59009,N#CCCC1CCCCN1CCc1ncco1
59022,O=C(NC1CCCN(C2CCOCC2)C1)c1ncco1
59983,CCC(C)(NC(=O)C1CCCN(C)C1=O)c1ncccn1
60642,CC(CCc1ccccn1)NC(=O)c1ccncn1
60696,CCNS(=O)(=O)c1ccc2c(c1)N(S(=O)(=O)c1cn[nH]c1)CC2
60938,CCC(=O)N1C2CCC1CC(CNC(=O)COc1ccon1)C2
61947,Cc1nnc2n1CC(NC(=O)CCc1n[nH]c3ccccc13)CC2
62780,O=C(CC1CCNC1=O)NC1CCN(c2nc3ccccc3s2)C1
62872,O=C(C1CCc2nncn2C1)N1CCCN(c2ncccn2)CC1
62954,Cc1ccc(CN(C)C(=O)C(C)(C)C2CCNCC2)cc1
63643,O=C(NCCCn1cccn1)Nc1ncccc1C(F)(F)F
63712,O=C(NCc1ccc(F)cn1)Nc1ccc2c(c1)NCCC2
63895,Fc1cnccc1NCc1cnco1
64592,CC(NC(=O)c1ccnc(N2CCNCC2)c1)c1cnccn1
64717,CCOc1ncccc1S(=O)(=O)NC(=O)C(C)Cn1ncc2ccccc21
64811,O=C(Nc1ccc(N2CCCCC2)cn1)c1ccc2c(c1)CCN2
65008,CC(CO)NC(=O)c1cccnc1SC(C)C(=O)N1CCCC1
65117,CN(CC1CCCS1(=O)=O)C(=O)N(C)c1ccncc1
65365,COC(=O)c1coc(CN(C)Cc2cc[nH]n2)n1
65382,O=C(NCCN1CCOCC1=O)c1cccnc1-n1cccn1
65392,O=C(NCCC1CC=CC1)c1ccnc(-n2cccn2)c1
65430,CC(C)CCCC(=O)N1CC(C(C)NC(=O)c2cc[nH]n2)C1
65555,CCC(=O)N1CCC(CNC(=O)C(C)(CC)CO)(C(C)(C)C)C1
66135,CCCc1ncc(CNC(=O)Nc2cccnc2)o1
66331,CC(NC(=O)c1cccnc1C1CC1)C1CCNCC1
66538,CCNC(=O)N1CCC(C(=O)NC(C)c2cn[nH]c2)CC1
66949,Fc1nccc(Sc2ncc[nH]2)n1
66955,O=C(O)c1nccc(Sc2ncc[nH]2)n1
67126,CC(CC(=O)NCC1CCN(CC(=O)N(C)C)C1)c1ccncc1
67150,N#CCC(=O)NC1C2CN(C(=O)CCn3cncn3)CC21
67457,CC(C)(C(=O)N1CC2C(C1)C2NC(=O)CC#N)N1CCCCC1
68683,CCC(C)C(NC(=O)c1ccc2c(c1)OCO2)C(=O)Nc1cccc(N2CCCC2)c1
68883,CC(C)N(Cc1cccnc1)Cc1n[nH]c2ccccc12
69028,CC(C(=O)NCCN1CCCC1)N1CCc2ccccc21
69067,CC(NC(=O)c1ccc2c(c1)CCN2)C1(O)CCNC1
69074,O=C(CN1CCCC1)c1ccc2c(c1)CCN2
69262,O=C(NCC(=O)N1CCc2ccccc21)c1cnc(-c2ncccn2)s1
69436,CC(=O)NC(C)C1CCN(C(=O)NCCc2ccccn2)CC1
70091,CCC(=O)N1CCC1CNC(=O)Cc1ccc(=O)[nH]c1
70596,CCC(F)C(=O)N(C)CC1CCN(C(=O)C(C)(C)c2cnco2)C1
70623,CC(NC(=O)NCc1ccccc1N1CCCC1)c1ncco1
71025,CCn1ncc2ccc(NC(=O)N(C)C(C)c3ccncc3)cc21
72020,CC(C(=O)N1CC2CCCN(C(=O)CCF)C2C1)n1ccnc1
72495,O=C(NCCc1cocn1)c1ccnc(OCC(F)(F)F)c1
72578,CCC(=O)c1cccc(S(=O)(=O)Nc2ccc3c(c2)CCN3)c1
72721,O=S(=O)(N1CCCC1)N1CCc2ccc(Br)cc21
72837,FC(F)C(F)(F)COc1cc(NCc2cncnc2)ccn1
73035,O=C(NCc1nnc2n1CCCC2)c1cncc(N2CCCC2)n1
73290,Nc1ccncc1C(=O)CCC1CCNCC1
74188,O=C(c1ccc2cn[nH]c2c1)N1CCC(c2ccno2)C1
74411,Cc1nccn1CC(=O)NCCC(NC(=O)CN1CCCC1)C(C)C
74534,CCC(F)(F)CC(=O)N(C)CC1CCN(C(=O)Cc2cccnc2)C1
75041,O=C(c1cccc2[nH]ncc12)N1C2CCC1CN(c1ncccn1)CC2
75046,CN(CCc1ncccn1)C(=O)c1cc(Br)c2[nH]ncc2c1
75048,O=C(Cc1ccc2cn[nH]c2c1)NCC(O)CNc1ncccn1
75326,O=C(NCCN1CCc2ccccc21)C1CNC2(CC2)CO1
75387,CC(NC(=O)c1ccc2c(c1)CCN2)c1ncccc1Cl
76291,CCS(=O)(=O)N1CC(CNC(=O)CC(C(F)F)n2ccnc2)C1
76407,O=C1NCCC1N1CCCN(C(=O)CC2CCS(=O)(=O)C2)CC1
76428,CC1(C(=O)NCCN2CCCC2=O)CCCS1(=O)=O
76437,O=C(NCC1CCCS1(=O)=O)c1ccccc1N1CCCC1=O
76574,COc1cnccc1CNS(=O)(=O)c1cnc2cccnn12
77581,CC(NC(=O)c1ccon1)C1CN(C(=O)CC(O)CN(C)C)C1
77791,CCC(=O)c1ccccc1Sc1ccncn1
78261,O=C(NCc1ccc(N2CCCC2=O)cc1)NCc1ccc2c(c1)OCO2
78532,CC(C)COC1CN(C(=O)CC(C)N2CCc3ccccc32)C1
78609,CC(S)C(=O)N1CC(OCc2ccccc2)C1
79153,CC(CC(=O)Nc1cnn(C2CCNCC2)c1)n1ccnc1
79400,CC(NC(=O)c1c[nH]c2ccccc12)C1(C)CC1
79657,CCc1cccc2sc(NC(=O)C(O)c3c[nH]cn3)nc12
80825,CCC1CCC(C(=O)NCCN(CC)C(=O)c2cc[nH]n2)O1
81434,CC(CNC(=O)c1ccn(C2CCCC2)n1)N(C)c1ncccn1
82401,CC(CNC(=O)Cc1cnns1)N(C)C(=O)CCc1ncccn1
82412,CN(C(=O)Cn1cccn1)C(CNCc1cncs1)C1CC1
82527,CC(C)(C)c1nnc2n1CC(C(=O)Nc1ccncn1)CC2
82633,N#CCS(=O)(=O)NCc1cncs1
82666,c1ccc2c(c1)C(NCc1ccc(-c3cnco3)cc1)CCC21CC1
82705,CN(CC(O)CNCc1cn(C(C)(C)C)nn1)C(=O)c1cc[nH]n1
82790,O=S1(=O)Cc2c(cccc2-c2cnc(-c3ccccc3)o2)N1
83456,CCC(CC)C(CCNC(=O)c1cn[nH]c1)OC
83786,CC(NC(=O)c1cccc2[nH]ncc12)C(C)(C)NC(=O)CO
84541,CC(C)(C)N1CCC(NC(=O)NNC(=O)c2cn[nH]c2)CC1
84544,CC(C)(C)N1CCC(NC(=O)NNC(=O)c2cn[nH]c2)C1
84716,O=C(Cc1cnc2ccccc2c1)N1CCCC(N2CCNC2=O)C1
85352,O=C(CCCF)NCC(CO)NC(=O)c1ncccn1
85390,CCC(SC)C(=O)NCC(NC(=O)c1ncccn1)C(C)C
86181,CC(C)(CNS(=O)(=O)c1cnc2cccnn12)C(F)(F)F
86222,Cc1cn2nc(C(=O)NS(=O)(=O)CCC(C)(C)C)cc(C)c2n1
86322,CC(CNC(=O)CC1CCCC(=O)N1)Nc1nc2ccccc2s1
87026,CN(CC1CCC(=O)N1)C(=O)c1cnc2cccnn12
87625,CC(CCNC(=O)Cc1cn[nH]c1)NC(=O)C1(O)CCOCC1
87747,O=C(CC1NCc2ccccc21)Nc1cccc2cn[nH]c12
88601,CC(NCc1ncccn1)c1cnc2ccsc2c1
89709,O=C(Nc1n[nH]c2cc(F)ccc12)c1cccn2cnnc12
91081,CC(C)(C(=O)O)n1ccc(NC(=O)c2ccc3cccnc3c2)n1
91439,CCc1cc(COC(=O)c2ccc3c(c2)NS(=O)(=O)C3)no1
91922,Cc1cc(N2N=C(C(C)NC(=O)OC(C)(C)C)CC2=O)ccn1
92303,CCNC(=O)C(C)NC(=O)c1ccc(C(=O)N(CC)CC)cc1
92775,CC(CO)C(=O)N1CCCC1CNC(=O)Cc1n[nH]c(=O)s1
92873,CNS(=O)(=O)CC(=O)N1CCC(NCCN2CCNC2=O)C1
92920,O=C(CCCc1nc2ccccc2s1)NC1CCCOC1
92925,CC1CCOCC1NCCNc1ccc2ccccc2n1
93118,CC(C1CC1)N(C(=O)c1cccc2cc[nH]c12)C1CC1
94229,CCOC(=O)N1CCN(C(=O)CNC(=O)c2cc3ccccc3[nH]2)CC1
94391,CC(NC(=O)CSC(F)(F)F)C(CO)NC(=O)C1CNC(=O)N1
94714,CCC(=O)NC12CCC(CNC(=O)C3CNC(=O)N3)(CC1)OC2
94799,N#CCC(=O)NC1(CNC(=O)CCC2CCC(=O)N2)CC1
95588,C=CCN1CC(NCC(c2cccnc2)N(C)C)CCC1=O
96113,COCC(OC)C(=O)N1CCCC1CNC(=O)CN1CCCC1=O
96278,O=C(C1Cc2ccccc2CN1)N1CCN(c2ccc3[nH]ncc3c2)C(=O)C1
96564,CCN1CCCC(NC(=O)c2ccc3c(c2)CCN3)C1=O
97204,O=C(NCc1ccno1)c1cn(-c2ccccc2)cn1
97238,O=CCCc1c(Br)n[nH]c1Br
97354,C=C(Cn1ccnc1)C(=O)Nc1cnn(CC(=O)N(C)C)c1
97404,CC(NCCn1ncc2ccccc21)c1c[nH]cn1
98152,CC(c1nc2ccccc2o1)N1CCN(C2CCS(=O)(=O)C2)CC1
98884,CC(C)(C(=O)Nc1ccc2c(c1)OCO2)N(Cc1cccnc1)C(=O)Cc1ccccc1
99297,O=C(c1cnc(C2CCNCC2)o1)N1CCCc2ccccc21
99664,CC(C)SC(C)C(=O)N1CCCC1CNC(=O)Cc1cocn1
99744,CC1CCNC(=O)C1NC(=O)CSc1nnc2ccccn12
101781,CN(CCNC(=O)C1CNC(=O)N1)C(=O)C1(C2CCOCC2)CC1
102808,c1cc(-c2ccc(CNCc3ccc4cn[nH]c4c3)cc2)[nH]n1
102839,O=C(Cc1ccc2[nH]ncc2c1)NCC(O)CNC(=O)c1cc[nH]n1
102932,CC(C)OCCCn1c(SC(C)C(=O)N2CCCc3ccccc32)nc2ccccc2c1=O
104497,CC(C)Cc1nnc2c(C(=O)OC(C)c3ccncc3)cccn12
104894,O=C(COC1CCC1)N1CCC(c2ccno2)C1
105126,COc1ccc(CCN(C)C(=O)C2CCC(=O)NC2)cn1
106545,CN(Cc1nccn1C)C(=O)NCCN1CCc2ccccc21
106576,CC(Cc1nccn1C)NC(=O)Nc1ccc2c(c1)CCN2
107313,O=C(NC(CO)c1nc[nH]n1)c1cnc(C2CCNCC2)nc1
111024,Cc1cccc2c1CCCN2CC(=O)NCC1CCCO1
114736,CC(C(=O)NCC1CCCN1CCCO)N1CCCCC1=O
116664,Cn1nc(C(=O)NCCCN2CCNCC2)c2ccccc21
118923,CCC(C(=O)NC1CC(NC(=O)CC#N)C1)n1ccnc1
118932,CC(Cn1ccnc1)C(=O)N1CC2C(C1)C2NC(=O)CC#N
119126,CC(C)Cc1nsc(NC(C)CCN2CCCC2)n1
119620,CC(C)C(=O)NC(Cc1c[nH]c2ccccc12)C(=O)N1CCCC1
119723,O=C(CNc1cccc2c1CCN2C(=O)C(F)(F)F)N1CCC1
120944,CCOC(=O)C1(C2=NNC(=O)C2)CCOCC1
122137,CC(C(=O)N(C)C1CCCNC1=O)N1CCNCC1
124015,CC(C)(NC(=O)C1CCNc2ccccc21)C1CCNCC1
124499,CCSc1cc(C(=O)NC(C)COC)ccn1
124652,CCN(CC)C(=O)c1cccc(NC(=O)C(C)N2CCc3ccccc32)c1
124666,CC(CNC(=O)C1CNC(=O)N1C)NC(=O)Cc1ccn[nH]1
124674,O=C(NCCN1CCNC1=O)NCc1ccc(-c2ccn[nH]2)cc1
124752,O=C(CCCN1CCCCC1)N1CCC1c1ccccc1
125028,CC(CNS(=O)(=O)CCc1cnoc1)Cn1cc(C(F)(F)F)cn1
125044,CC(CCNC(=O)CCc1cnoc1)N(C)C(=O)c1[nH]ncc1Cl
128372,O=C1NCCN1CCN1Cc2ccccc2C(n2cccn2)C1
129526,CC(=O)NCC1CC(NC(=O)Cc2nnc3n2CCCC3)C1
129593,O=C(CCC1CCCO1)NCC1(O)CCCc2ccccc21
129989,CCn1cccc(CNC(=O)Nc2cn3cccnc3n2)c1=O
130294,CCCC(=O)Nc1ccc(C(=O)NC(C)COC)cc1
131861,c1cc(-c2cnn(C3CCCCO3)c2)c2cn[nH]c2c1
132547,CC(C)(C)c1cnc(C(=O)NC(CO)Cc2c[nH]c3ccccc23)o1
134972,CC(CNC(=O)C1(C#N)CCCOC1)NC(=O)c1ccon1
135020,CN(CC(C)(C)NC(=O)C1CCCOC1)C(=O)Cc1cnoc1
137292,O=C(NCc1ccc2c(c1)OCO2)c1ccc(N2CCOC2=O)cc1
137405,CC(C)=CCOC1CCOCC1NC(=O)c1cn2cccnc2n1
137590,O=C(Cc1nsc2ccccc12)N1CCOCC1c1nc2ccccc2s1
137594,CCOc1ccc2nc(NC(=O)Cc3noc4ccccc34)sc2c1
138541,NC(=O)C1CCCN(C(N)=O)C1
139485,O=C(Cc1cocn1)Nc1ccc2c(c1)C(F)CC2
140626,CC1=NC(C#Cc2[nH]nc3ccccc23)(c2ccccc2)C(=O)C1
140978,COc1ccc(C(C)=O)cc1-c1n[nH]cc1CN
140988,CNNc1ccccc1-c1n[nH]c(C)c1CO
141599,COC(=O)c1cc(C)ncc1N(C)N
141610,CCNCc1ccc(OC=O)cn1
142584,CN1CCc2cc(F)c(OC(=O)N3CCCC(C(N)=O)C3)cc2C1CCOc1ccc(CNCc2ccc(C#N)cc2)cc1
142646,CCC(=O)c1ccc2c(c1NC(C)=O)[NH+]([O-])C=C2
143244,NC(=O)C1CCCN(C(=O)NC2CN(CS)NC23CCCC2(CCC2)N3)C1
143262,CC1CCC(C(N)=O)CN1C(=O)Nc1cn(CS)nc1C(=O)NC1CCC1
143369,Cc1ccc(C(O)(C=O)NCc2cocn2)c2[nH]ccc12
145049,CN1NCC(O)(N2CCCC2c2c[nH]cn2)Cc2ccccc21
145578,CC1Sc2ccccc2C(C=O)C1C
145634,CC1CC(C(O)(O)N2CC(C(N)(O)O)CCC2N)c2ccccc2S1
145809,CN1NCC(O)(N2CCCC(S(N)(=O)=O)C2)Cc2cc(F)ccc21
145866,CN(C)Nc1ccccc1CC(O)(O)N1CCCC(S(N)(=O)=O)C1
145902,CSc1ccccc1C1CC2C(=O)CC(S(N)(=O)=O)CN2C1=O
145928,CSc1ccccc1C(=O)C(=NC(C)=O)N1CCCC(S(N)(=O)=O)C1
145997,CSc1ccccc1CC(O)(N1CCc2nccc(O)c2C1)N1CCCC(S(N)(=O)=O)C1
146040,Cc1cc(C(O)(c2nccn2C)N2CCCC(S(N)(=O)=O)C2)c2ccccc2c1
146049,CSC1CCC2CCCC(O)(N3CCCC(C)(S(N)(=O)=O)C3)CC21
146186,CSc1ccccc1C1C(=O)C2CC(C)C(C(F)F)CN2C1=O
146205,CSc1ccc(C(F)(F)F)cc1CC(O)(O)N1CCCC(C(F)F)C1
146309,CSc1ccccc1CC(O)(N1CCc2nccc(O)c2C1)N1CCCC(C(F)F)C1
146731,CSc1cc(C)cc2c1CC(O)(N1CCCC(CF)C1Cl)NCC(c1ccc3ccccc3c1)NC(=O)C2
146746,CN1NCC(O)(N2CCCC(CF)C2)Cc2ccccc21
146754,CSc1ccccc1CC(N=O)N1CCCC(C(N)F)C1
146932,CSc1ccccc1CC(O)(N1CCc2nccc(O)c2C1)N1CCCC(CF)C1
146975,CSc1ccccc1CC(O)(c1nccn1C)N1CC(C(N)F)CCC1=O
146980,CSc1ccc(Br)cc1CC(O)(O)N1CCCC(C(N)F)C1
146994,CNC=NC(Cc1ccccc1SC)N1CC(C(N)F)CCC1=O
147247,CSc1ccccc1CC(O)(N1CCc2nccc(O)c2C1)N1CC(O)C1
147248,CSc1ccccc1CC(O)(O)N1CCc2nccc(O)c2C1=O
147255,CSc1ccccc1CC(O)(N1CCc2nccc(O)c2C1)N1CCCC(O)C1
148261,CCOCCCC(C)C(F)(F)F
151234,CS(F)(F)c1ccc(N2CCOCC2)c(C(F)(F)F)c1NC(=O)N1CCCC(C(N)=O)C1
151519,Cc1ccc2c(c1OC(O)(O)N1CC(O)CC3(CNNN3)C1)CCC2
151891,Cc1cc([SH](C)F)c(C(C)C(=O)N2CCCC(C(N)=O)C2)cc1-n1cccn1
152685,NC(O)(O)C1CCCN(C(Cc2ncc3ccc(OS)cn23)N=O)C1
154866,Cc1ccc2onc(C(C)(O)N3CC(C(N)=O)CCC3=O)c2c1
155423,CC1C23C=C(CCCC(=C2)C1(N=O)N1CCCC(C(N)=O)C1)C(F)CC3
155426,COc1c(CC(=O)N2CC(=O)CC(C(N)=O)C2)ccc(F)c1F
155615,COC1C(CC(=O)N2CCCC(C(N)=O)C2)CC2(CCNN2)C(F)C1F
155988,NC(=O)C1CCCN(C(=O)CC2CC3(CCNCC3)CCC2C(F)(F)F)C1
157476,C=CC1CC(C)NC2(CCC(C(=O)C(C)S)CC2)C1CC(=O)N1CCCC(C(N)=O)C1
159094,COc1ccc(NS(C)(=O)=O)cc1C(=O)C(=O)N1CCC(O)C(C(N)=O)C1
160224,CCC(CC1CCC(C)NC1C(=O)N1CCCC(C(N)=O)C1)S(=O)(=O)CC
160667,CN(c1ccc(F)cc1)C1C2C(CCCCC2C(=O)N2CCCC(C(N)=O)C2)CC1C(F)(F)F
160793,CSc1ccc2c3c(n(C)c2c1NC(=O)N1CCCC(C(N)=O)C1)COC3
161860,CCC1CC(C(N)=O)CN1C(=O)C(C)c1ccccc1OC
162058,CC(=O)NC1N2COc3cc(C)cc(c32)C1(O)N1CC(C(N)=O)CCC1=O
164254,NC(=O)C1CCC(=O)N(CC2CCCC3=C2CCCC3)C1
166112,Cc1cc(C(C)(O)N2CC(C(N)(O)O)CCC2=O)c2ccccc2c1
166354,Cc1cc(C(C)N2C(=O)CCC3(CNNN3)C2O)c2ccccc2c1
166559,NC(=O)C1CCCN(C(=O)C2(Cc3ccc(F)cc3)Cc3[nH]cc4cccc2c34)C1
168335,COc1ccncc1C(CCN(C)c1ccncc1CC(=O)N1CC(C(N)=O)CC2CCCCC21)C(=O)N1CCC(C(N)=O)C1
169562,NC(=O)C1CCC(O)N(C(=O)c2[nH]nc3cncnc23)C1
170684,CN1NCC(O)(N2CC(O)(C(N)(O)O)CCC2N)Cc2ccccc21
171574,Cc1[nH]c(C(=O)N2CCCC(C(N)=O)C2)c2c(O)c3c(cc12)NC(=O)CC3
171861,Cc1cc2c3c(c1)C(O)(N1CC(C(N)(O)O)CCC1=O)CN3CO2
176894,COc1ccc(Br)cc1C(=O)C(=O)N1CCCC(C(N)=O)C1
177719,CCCC(O)c1cc(C(C)O)c[nH]1
178840,Cc1cc(CN2CC(C(N)=O)CCC2=O)c2c(c1)NC(c1ccccc1)O2
179389,CN1NCC2(NCCCCN(CC3C[SH](O)C(N)N3)C2=O)c2cccnc21
179963,CCCCCOC
180463,CC1CN(C2CNNc3cccc4c3C2CC4)CC2(C1)NCOC2N
181196,CSc1ccccc1C1=CC2N(CCC2(O)c2cnn[nH]2)C1=O
181214,CSc1ccccc1C1=CC2N(CCC2(O)c2cn(O)nn2)C1=O
181219,CSc1ccccc1C12CC(N3CCCCC3)N=C1N1CCC(O)(c3cnn[nH]3)C1C2=O
181232,CSc1ccccc1CC(O)(O)N1CC(F)(OCF)C(O)(c2cn(O)nn2)C1
181248,CSC1CCC2(COCO2)CC1CC(O)(O)N1CCC(O)(c2cnn[nH]2)C1
181267,O=C1c2cccc3nccc(c23)C1(O)N1CCC(O)(c2cn(O)nn2)C1
181280,ONC1N(C2(O)CCc3ccccc32)CCC1(O)c1cn[nH]n1
181298,O=C1C2CCCC3CCCC(C32)C1(N1CCC(O)(c2cnn[nH]2)C1)n1cccn1
181304,CSc1cccc2c1C(=O)C(C(O)N1CCC(O)(c3cnn[nH]3)C1)C2
181314,CSC1CCC2CCNC3(O)C(=CC4N3CCC4(O)c3cnn[nH]3)C21
181316,CSc1ccccc1C(=O)C(O)(F)N1CCC(O)(c2cn(O)nn2)C1
181317,CSc1ccccc1C1C(=O)C2N(CCC2(O)c2cnn[nH]2)C1=O
181318,CSc1ccccc1C(=O)C(O)(F)N1CCC(O)(c2[nH]nnc2O)C1
181320,CN1NCC(O)(N2CCC(O)(c3cnn[nH]3)C2)Cc2ccccc21
181344,Cc1ccc(CC(O)(O)N2CCC(O)(c3cnn[nH]3)C2)c([SH](C)C)c1
181372,CC1CCC(O)(N2CCC(O)(c3cnn[nH]3)C2)Cc2ccccc21
181421,CSc1cccc2c1CC(O)(N1CCC(O)(c3cnn[nH]3)C1)N(C)CS2
181426,CSc1ccc(Br)cc1CC(O)(O)N1CC(O)(c2cn(O)nn2)CC1C
181432,OC1(c2cnn[nH]2)CCN(C(O)(O)CC2CCCC3CSCCC32)C1
181440,CSc1ccc(C(=O)Nc2ccncc2)cc1C(=O)C(=O)N1CCC(O)(c2cn(O)nn2)C1
181441,CSC1CCC2(CCNN2)CC1CC(O)(O)N1CCC(O)(c2cnn[nH]2)C1
181443,CCSc1ccccc1CC(O)(O)N1CCC(O)(c2cnn[nH]2)C1
181448,Cc1ccc2cc[nH]c2c1CC(O)(O)N1CCC(O)(c2cnn[nH]2)C1
181450,CSC1CCC2(CCCN2)CC1CC(O)(O)N1CCC(O)(c2cnn[nH]2)C1
181906,CSc1ccccc1CC(N=O)N1CCCC(CCO)C1
181935,CSc1ccccc1CC(N=O)N1CCCC(C(=O)CO)C1
181958,CSc1ccc(CC#N)cc1CC(N=O)N1CCCC(CCO)C1
181990,CC1COC(C(N=O)N2CCCC(CCO)C2)c2ccccc21
182001,CSc1cccc(Cl)c1C1=CC2CCC(CCO)CN2C1=O
182105,CCSCc1ccccc1CC(N=O)N1CCCC(C(=O)CO)C1
182109,CSc1cccc(C)c1CC(N=O)N1CCCC(CCO)C1
182121,CSc1ccc(Cl)cc1CC(N=O)N1CCCC(CCO)C1
182125,COc1cc(CC(N=O)N2CCCC(CCO)C2)c(SC)cc1OC
182134,CSc1ccccc1CC(N=O)N1CC(C)CC(CCO)C1
182163,CNNc1ccccc1CC(N=O)N1CCCC(C(=O)CO)C1
182169,CC(CCC=O)C(=O)CO
182181,CSc1ccc2scnc2c1CC(N=O)N1CCCC(CCO)C1
182188,CSc1ccc(Br)cc1CC(N=O)N1CC(C)CC(CCO)C1
182197,C#Cc1ccc(SC)c(CC(N=O)N2CCCC(CCO)C2)c1
182207,C#[SH](C)c1ccccc1CC(N=O)N1CCCC(CCO)C1
189983,COC1CC2CCCCC2C1C(=O)C(=O)N1CCC(C(N)=O)C1
191001,CC1CCC(C(N)=O)CN1C(=O)Cc1c(CS)nc2n1CCC(Br)C2
191305,CCCC(O)C1CC(Cc2ccccc2)C(O)(N2CCCC(C(N)=O)C2)N1
192018,C#CC(NC(C)Cc1cocn1)c1nn(C)c2ccccc12
192498,COc1cc(NC(=O)CC(C)C(F)(F)F)n(CCN=C(Nc2ccccc2F)N2CCCC(C(N)=O)C2)n1
192757,Cc1cnc(CNC(O)(O)C(NCc2ccccc2C)N2CCCC(C(N)=O)C2)o1
193306,CCNC(=O)C1CCC(Br)C2(CCCCC(O)(N3CCCC(C(N)=O)C3)N2)C1
193333,CCNC(=O)C1CCC(C(=O)N2CCCC(C(N)=O)C2)C2CCCC2C1
193826,COC1CCC2(CCN(C)CC2)CC1CC(=O)N1CCC(C(N)=O)C1
193943,Cc1cccc(C(C)C)c1
195109,CC(=O)N1CCC(NC(N)=O)C1
195891,CCC1CCCCC1OC(O)(O)N1CCC2CNC(=O)C2C1
196558,Cc1[nH]c2cc(C#N)cc3c2c1CC(O)(N1CC(C)C(N)(O)CCCC1=O)C3
196587,Cc1[nH]c2cc(C#N)cc3c2c1CC(O)(N1CC(C(N)(O)O)CCC1=O)C3
197218,CC1CC2(Cc3cc(Br)ccc31)CC(C(N)=O)CC(=O)C2C
197752,CSc1ccc(C)c2c1N(C(C)(O)N1CCCC(C(N)=O)C1)CCCO2
200198,CC1CC(C(O)(O)N2CCCC(C(N)(O)O)C2)c2c(O)cccc21
202528,Cc1cc2c3c(ccn3CC2(O)N2CC(C(N)(O)O)CCC2=O)c1
202534,Cc1cc2c3c(ccn3CC2(O)N2C(=O)CCC3(CNNN3)C2O)c1
203259,Cn1cc(C(C)(O)C(=O)N2CCCC(C(N)=O)C2)c(C(F)(F)F)n1
204752,CNC(O)(O)c1nn(C)c2ccc(F)cc12
204757,CNC(=O)c1nn(C)c2cc(NCc3cc(C)no3)c(O)cc12
204759,CN(C1CCOC1)C(O)(O)c1nn(C)c2ccccc12
204769,CNC(=O)c1nn(C)c2ccc(Nc3ccn(C)n3)cc12
204781,Cn1nc(C(=O)NCc2cocn2)c2ccccc21
205051,CC(=O)c1ccc2c(c1)c(C(=O)NCC1Cc3ccccc3CN1)nn2C
205067,Cn1nc(C(=O)NCC2Cc3ccccc3CN2)c2cc(F)ccc21
205071,Cn1nc(C(N=O)NCC2Cc3ccccc3CN2)c2ccccc21
205099,Cn1nc(C(=O)NCC2Cc3ccccc3CN2)c2cccc(O)c21
205207,Cn1nc(C2NCC3Cc4ccccc4C3C3CCCN2C3)c2ccccc21
205350,CNc1cccc2c1c(C1NCC3Cc4ccccc4C(N)(O)C34CCN1C4)nn2C
205673,Cc1cccc2c1c(NCN(CO)Cc1cn[nH]c1)nn2C
205735,Cc1cc2c(cc1F)c(C(O)(O)NC#N)nn2C
205775,Cn1nc(C(=O)NCCn2cncn2)c2cc(F)ccc21
206012,Cn1nc(C2(N)CCCC(O)C2)c2c(CNO)c(F)ccc21
206128,O=S(=O)(c1cccnc1)c1cccnc1
206533,COC1CCC2(CC(NCc3ccccc3)NN2C)C2=C1C(=O)C(=O)N2
206766,CCC(C)N1CCOCC1
207208,CC1CCC(C(O)(NO)c2nn(C)c3ccccc23)CC12NCN(O)C2N
207670,CCC1N(C)C(=O)Cc2cc(Br)cc3c2c(nn3C)C1(O)NCCNC(O)NC
207759,Cc1ccc2c(c(C(=O)N3CCCC(C(N)=O)C3)nn2C)c1Nc1ccn(C2CCNC2=O)n1
207965,CNC(=O)c1cn(C)c2cc3sc(N)nc3cc12
207977,CNC(O)(C(=O)O)c1cn2c3c(cc(Br)cc13)OC2
208022,CNC1CCC(C(N)=O)CC1(CO)CO
208797,Cc1ccc2c(c1)c(C1(N)CC(CO)CCC1O)nn2C
209071,Cn1nc(C(O)(NC2CCOC2O)N(F)F)c2ccccc21
209218,Cc1ccc2c(c1)c(C(=O)NCCn1cncn1)nn2C
209253,Cn1nc(C(=O)N(N)CCn2cncn2)c2ccccc21
209279,CN1NC(C(O)(Cc2ncccn2)NCCn2cncn2)C2=C1CCCC2
209410,Cn1nc(C(O)(O)C2CC3NCCC4(CNCN4)C3C2)c2ccccc21
209458,CCN(C)C(O)(O)c1nn(C)c2ccccc12
209478,COc1cccc2c1c(C(=O)NCCn1cncn1)nn2C
209486,Cn1nc(C(=O)NCCn2cncn2)c2ccc(-c3ccc(F)cc3)cc21
209837,CC1CCC(C(N)=O)CN1C(=O)Cc1cccc2nn(C)cc12
210967,CSc1cccc2c1C(N1CCCC(C(N)(O)O)C1)=NC2
211146,Cc1ccc(C(=CN)N2CC3(CCC2=O)NCOC3N)c2cc[nH]c12
211238,Cc1cc2c3c(c[nH]c3c1)CC2(O)N1CC(C(=O)NO)CCC1=O
211275,Cc1cc2c3c(c[nH]c3c1)CC2(O)N1CC(C(N)(O)O)CCC1=O
211420,COc1cccc(SC)c1C(=O)C(=O)N1CCC(C(N)=O)C1
212430,COc1ccc(SC)c(NC(O)(O)N2CCC(O)C3(CNNN3)C2)c1Cl
212571,COc1cc(C)cc(N2NN3COC4C3CN(C2=O)C42NCN(O)C2N)c1Cl
214698,CCCC(N)CCCCNNC
215084,COCC(=O)C(c1ccc(F)cc1Cl)C1(C)CCCCO1
216188,Cc1ccc2c(c1)C(C)CC2
216299,COc1ccncc1CC(N=O)N1CCCC(C(=O)CO)C1
216355,COc1ccncc1C(C)C(N=O)N1CCCC(C(=O)CO)C1
216357,COc1ccnc2c1CC(O)(N1CCCC(C(=O)CO)C1)CCC2
216360,COc1ccncc1C(CC1CCCC1)C(N=O)N1CCCC(C(=O)CO)C1
216367,COc1ccnc(Cl)c1C1=CC2CCC(C(=O)CO)CN2C1=O
216410,COc1ccnc(OC)c1CC(O)(O)N1CCCC(C(=O)CO)C1
216415,COc1ccnc2c1CC(O)(N1CCCC(C(N)CO)C1)CCCO2
216425,COc1ccncc1C1=CC2CCC(C(=O)CO)CN2C1=O
216439,CC(C)Cc1ccc(C(C)C(C)(O)N2CCCC(C(=O)CO)C2)nc1
216451,COc1ccnc(OC)c1CC1N=CC2C(C(N)CO)CCCN12
216457,COc1ccncc1CC(C)(N=O)N1CCCC(C(=O)CO)C1
216462,COc1ccnc2c1CC(O)(N1CC(C(=O)CO)CCC1=O)CCN2
216480,COc1ccnc2c1CC(N1CCCC(C(=O)CO)C1)C(=O)CC2
216499,COc1ccc(Br)cc1C1=CC2CCC(C(=O)CO)CN2C1=O
216506,COc1ccncc1CC(N=O)N1CC(C(=O)CO)CCC1C
216533,COc1ccncc1CC(O)(O)N1CCCC(C(=O)CO)C1
216534,COc1ccncc1C1C(=O)C12CCCC(CCO)C2
216542,COc1ccc(Br)cc1CC(N=O)N1CC(C(=O)CO)CCC1C
216552,CNC(=O)C(Cc1cnccc1OC)N1CCCC(C(=O)CO)C1
216553,COc1ccncc1C1=CC2CCC(C(=O)CO)CN2C1=NC(C)=O
216729,CC1C(=O)N(Cc2cocn2)CC1c1nn(C)c2ccccc12
221199,COc1ccccc1C(NC(=O)OC(C)(C)C)C(=O)N1CCCC(C(N)(O)O)C1
221321,COc1ccccc1C(NC(=O)OC(C)(C)C)C1(O)CC(=O)C2CC(C(N)(O)O)CNC21
221713,Cc1[nH]c(C2=CNC3C(C(N)(O)O)CC(=O)N23)c2c(C)cccc12
223813,CN(C)OC1CCN(S(C)(=O)=O)CC1
223849,NCc1ccc2c3c(cccc13)CN2
223851,CNCS(=O)(=O)C(=O)c1ccc(CN)cc1
223863,Cc1ncc(CNC(=O)C2CCC2)cc1OC1CCN(C)C1=O
223867,Cc1ncc(CNC(=O)C2CCC2)c(C)c1NC(=O)CC#N
223876,Cc1cc(C(C)CS(N)(=O)=O)c(CNC(=O)C2CCC2)cn1
223886,CCC(=NNC(NC(=O)C1CCC1)c1ccc(C)nc1)NO
223890,CC(CC1(C(=O)C2CCC2)Cc2ccc(CO)nc2N1)C(F)(F)F
224261,CCS(=O)(=O)NC(CS(N)(=O)=O)c1ccc2c(c1)OCO2
224274,CCS(=O)(=O)NCc1cc2c(cc1NC(=O)CC(C)C(F)(F)F)OC(C)O2
224459,CCS(=O)(=O)NCc1ccc2c(c1C(=O)N1CC(O)C1)OCO2
224597,NC(Nc1ccn(CO)n1)c1ccccc1
224826,c1ccc(CNc2n[nH]c3c2SCC3)cc1
224908,COc1ccccc1C(CCS)C(=O)c1nn(C)cc1N
225528,COCC(O)(Nc1c(C)cc(C)cc1C)C1CCCO1
225591,COCC(=O)Nc1c(C)cc(C)cc1CNCCc1cocn1
226288,C=CS(=O)(=NCN1NC(C)=CC=C1NCC)N1CCCC(C(N)=O)C1
226551,Cc1ccc2nc(C)c(O)n2c1
226563,COCC1CCC2NC(C)C(=O)N2C1
230890,C=Cc1cc(C)cc(C(C)(C(=O)NC)N2CC(C(N)=O)CC2=O)c1
231412,C=Cc1cc2c(cc1CS(=O)(=O)N1CCCC(C(N)=O)C1)CCCCC2
233495,Cc1cc(S(=O)(=O)N2CCC(O)C3(CNNN3)C2)c2[nH]ccc2c1
234801,CCNN1Cc2c(C)cccc2C1(F)F
236405,COc1ncc(Br)c2c1CC(O)(N1CC(C(N)=O)CCC1=O)CCN2
236572,COc1ccccc1C1CN2CC(C(N)(O)O)CCC2(O)C1=O
237665,COc1ccccc1C(O)CN1CC2(CNNN2)CC(O)C1N=O
238995,Cc1nc2c3c(cccc3n1)CC(=O)C1C(CC(N)N=O)CCCN21
239025,NC(CC1CCCN2c3ncnc4cc(C(F)(F)F)cc(c34)CC(=O)C12)N=O
239119,NC(CC1CCCN2c3ncnc4cccc(c34)C(=O)C12)N=O
242679,COC(C)CCC1CC1CN(C)N
244966,CSc1ccc(Br)cc1CC(O)(O)N1CCC(O)C(C(N)=O)CC1
245300,Cc1ccc2c(c1)C(C)(N1CC(C(=O)NO)CCC1=O)C(O)CC2
248595,O=C(NO)C1CCC2CCc3[nH]cnc3C(=O)N2C1
250249,Cc1ocnc1CCNCC1CC(C)c2ccccc21
250497,COCC(N)N=C(NCC(F)(F)c1ccccn1)c1nn(C)c2ccccc12
250878,Cc1cccc2c1c(C1(O)NCCN(Cc3cc(OCN)c[nH]3)C1=O)nn2C
250918,Cc1ocnc1CCNC1(O)CCCc2cccc3c2c1nn3C
251069,CC1=NC(C(O)(O)NCCc2ncoc2C)=C2C(=O)C=C(Cl)C=C12
251192,CNCNC(O)(O)c1nn(C)c2ccccc12
251213,COC(Cc1ncoc1C)NC(O)(O)c1nn(C)c2ccccc12
251960,CCc1ccc(F)nc1C(C)C(O)(O)N1CCC2CNC(=O)C2C1
252240,CC1CN(S(=O)(=O)NN)CC2(C1)NCOC2N
252281,Cc1cc(OC(F)F)nccccn1S(=O)(=O)N1CCCC(C(N)=O)C1
252325,Cc1cc2c3c(cncc3c1)CN2S(=O)(=O)N1CCCC(C(=O)NO)C1
254258,Cc1cccc(C(C=O)N2CC(C(N)N=O)C(F)(NF)CC2=O)c1
254303,Cc1cccc(C(C)(O)N2CC(C(=O)NO)CCC2=O)c1
255845,CSCCCC(C)S(C)(=O)=O
256490,CCCCCCCCCC(CC)CC
256517,Cc1cccc2ccccc12
256535,CC1CC2CCCC3CCC(N4CC(C(=O)NO)CCC4=O)C(C1)C32
256575,C=Cc1ccc2c(c1CCC)CCC2
257314,CSc1ccc2c(c1)C(C=O)C(C)C(SC)O2
258167,CSc1ccc(C(=O)Nc2ccncc2)cc1CC(O)(O)N1CCC(O)C2(CNNN2)C1
258565,CSc1ccc(-c2ccn[nH]2)cc1CC(O)(O)N1CCC(O)C2(CNNN2)C1
261944,Cc1cc2c3c(c1)CC(Br)N3CCC2
263008,CNN(C)c1ccc(C)c(NC(CCC(=O)N(C)CC(C)C(N)=O)NNC2CCNC2=O)c1
263060,Cc1cc(C(C)C(=O)N2CCCC(C(N)=O)C2)c2c(cnn2C)c1Nc1ccn(C2CCNC2=O)n1
263137,CCn1ncc2c(Nc3nn(C4CCNC4=O)cc3CNC)c(C)cc(S)c21
263490,COc1ccc2c(c(C3(O)NCCCCN(CC4C[SH](O)C(N)N4)C3=O)nn2C)c1Cl
263574,CNC(=NC(=O)N1CCC2(C1)C[SH](O)C(N)N2)c1nn(C)c2ccc(C(=O)Nc3ccncc3)cc12
264290,Cc1cc(NC(=O)N2CC(C(N)=O)CCC2=O)c2cnn(C)c2c1
264563,CCc1ccc(C#N)c(OC)c1NC(=O)N1CCCC(C(N)=O)C1
264587,CC(O)(O)c1cccc(Cl)c1NC(=O)N1CCCC(C(N)=O)C1
264727,Cn1cnc(CCNC(=O)c2nn(C)c3ccc(F)cc23)c1
264844,Cn1cnc(CC2(C(N)=O)CCC(OCO)C(N)(c3nn(C)c4c3CC3(CC4)COCO3)C2)c1
265269,CC1Cc2ccccc2C1(CO)C(=O)N1CC2(COC(O)N2)C2CCCC21
265528,NC1N2COCC2NC12CN1CC3C(COC32)NC(O)(N2C3=C(CCC4(CNNC4)C3)C3OCCC32)C1=O
265627,CNc1cc2cn(C)nc2c(NC(=O)Cc2cocn2)c1CS(=O)(=O)NCc1ncc(C)o1
265803,Cc1ccc2cn(C)nc2c1C(=O)N1CCCC2(C1)NCOC2N
265924,Cn1nc2c(C(=O)C34COC5C3CC(C4)NCC53NCOC3N)ccc3c2c1C=C3C(=O)Nc1ccncc1
266276,C=CS1(=O)=C(c2cc(N3CCCC3=O)ccc2SC)CC2CCC(C(N)=O)CN21
266892,Cc1ccccc1C(=O)NCCc1cocn1
266929,CCCCCC(C)C(N)OCNCC1NNCC12COCN2
267601,NC(=O)C1CCCN(C(=O)C2CCCCCc3sccc32)C1
267809,COCC(C(C)C)C1(CNC(N)=O)C(C)=NC2C(CCS)CCC21O
268179,CSC1CC2CC(CC#N)CC2C(C(=O)N2CCCC(C(N)=O)C2)C1
270367,Fc1ccc(CC2CCCNC2)c2nc[nH]c12
272236,C=C(N)C1CCCNC1C(=O)NCC(NC(=O)Cc1c(C)nn(C)c1C)c1ccc2ccccc2c1
272449,Cc1nn(C)c(C)c1CC(=O)NC(CNC(=O)C1(Cl)NCCCC1S(N)(=O)=O)c1ccc2ccccc2c1
272450,Cc1nn(CS)c(C)c1CC(=O)NC(CNC(=O)N1CCCC(C(F)F)C1Cl)c1ccc2ccccc2c1
272452,Cc1nn(CS)c(C)c1CC(=O)NC(CNC(=O)C1(Cl)NCCCC1CF)c1ccc2ccccc2c1
272454,C=C(N)C1(F)CCCNC1C(=O)NCC(NC(=O)Cc1c(C)nn(C)c1C)c1ccc2ccccc2c1
272482,C=C(N)C1CC(C)CNC1C(=O)NCC(NC(=O)Cc1c(C)nn(C)c1C)c1ccc2ccccc2c1
272530,C=C(N)C1CCCNC1C(=O)NCC(NC(Cc1c(C)nn(C)c1C)=NCC)c1ccc2ccccc2c1
272543,C#Cc1nn(C)c(C)c1CC(=O)NC(CNC(=O)C1NCCCC1C(=C)N)c1ccc2ccccc2c1
272548,C=C(N)C1CCCNC1C(=O)NCC(NC(=O)Cc1c(C)nn(C)c1C)c1ccc2c(c1)CC1(CC2)CNCCC1NC=O
272559,C=C(N)C1CCC(=O)N2Cc3c(c(C)nn3C)CC(=O)NC(c3ccc4ccccc4c3)CNC(=O)C12
272859,COc1cc(NC(=O)CC(C)C(F)(F)F)n(CNCCc2cccc(OC)c2-c2nnco2)n1
272877,COc1cc(NC(=O)CC(C)C(F)(F)F)n(C=C(CO)Nc2c(C)cc(C)cc2C)n1
274746,Cn1nc(CC2=NC(N)C3N2CCC32NCOC2N)c2ccccc21
274747,Cn1nc(CC2(O)NCC3N2CCC32NCOC2N)c2ccccc21
275059,COc1scc(SC)c1CC(O)(O)N1CCC2C(=O)NC(=O)C21
275086,CSc1cscc1CC(O)(O)N1CCC2C(=O)NC(=O)C21
275125,CSc1csc(Cl)c1CC(O)(O)N1CCC2C(=O)NC(=O)C21
275136,CCS(=O)(=O)c1scc(SC)c1CC(O)(O)N1CCC2C(=O)NC(=O)C21
275281,CSC1CSC2(CCCNC2)C1CC(O)(O)N1CCC2C(=O)NC(=O)C21
275319,CSc1csc(SC(C)C)c1CC(O)(O)N1CCC2C(=O)NC(=O)C21
275852,NC1CCC(C(N)(O)O)CN1C1(O)CNNc2ncccc2C1
276709,COc1cccc(C(C)(O)N2CC(C(=O)NO)CCC2=O)c1
277938,CS(F)(F)c1ccccc1C(=O)CN1CC(C(N)N=O)CC1=O
277954,CSc1ccccc1C(=O)CN1CC(C(N)(O)O)CC1=O
279399,Cc1cccc2c1NC(=O)C1CC(C(N)(O)O)CN1C(=O)NC2
280132,COCC(=O)Nc1c(Cl)cc(C)cc1OC1(c2ncccc2O)CCCC(C(F)F)C1
280144,COCC(=O)Nc1c(Cl)cc(C)cc1N(Cc1ncccn1)N1CCCC(CCO)C1
281589,Cc1cc(C#N)ccc1C(=O)C(=O)c1cncc(C(N)(O)O)c1
281613,CCc1ccc(Cl)cc1C(=O)C(=O)c1cncc(C(N)(O)O)c1
281688,CCc1cc(Cl)ccc1C(=O)C(=O)c1cncc(C(N)(O)O)c1
281724,Cc1c(NC(=O)c2cc(C(N)(N)O)c[nH]c2=O)ccc2[nH]ccc12
281810,Cc1cc2cc[nH]c2c(C)c1NC(=O)c1cc(C(N)(O)O)c[nH]c1=O
281819,Cc1ccccc1NC(=O)c1cc(C(N)(O)O)c[nH]c1=O
281832,CCc1ccc(C)c(NC(=O)c2cc(C(N)(O)O)c[nH]c2=O)c1
281841,Cc1ccc(NC(=O)c2cc(C(N)(O)O)c[nH]c2=O)c(C)c1