name,score,score_min
P810,3.407,5.183
P944,3.293,4.752
P1411,3.871,3.628
P2537,4.261,3.952
P2540,3.935,3.845
P3246,3.774,5.008
P4097,3.898,5.224
P4129,4.925,5.851
P4539,4.437,4.209
P5890,4.848,4.880
P6803,4.222,4.436
P7453,4.795,5.041
P8090,4.272,4.782
P8760,4.387,4.651
P8892,5.477,5.666
P9109,4.497,4.299
P11635,2.572,4.773
P15274,5.386,5.258
P15275,5.461,5.428
P15638,5.037,4.734
P15897,3.322,3.129
P16706,5.988,6.172
P18206,4.302,4.145
P19678,4.020,3.926
P19748,3.936,3.816
P19749,4.037,4.034
P23693,4.389,4.091
P23697,4.286,3.756
P23703,4.513,3.953
P23706,4.508,4.051
P23709,4.356,4.065
P23722,4.263,3.832
P23724,4.558,3.967
P23728,4.320,3.791
P23741,4.287,3.946
P26724,2.423,4.199
P26728,1.695,4.030
P26805,4.176,3.936
P26816,4.466,4.179
P26819,4.441,4.478
P26820,3.448,4.906
P26830,3.887,4.745
P26831,3.472,5.398
P26870,3.028,4.801
P26874,3.352,3.983
P26875,3.167,4.293
P26877,3.610,4.612
P26878,3.548,4.634
P26880,3.965,4.783
P26881,3.298,4.385
P26889,3.818,4.998
P26890,3.918,4.939
P26893,3.962,4.863
P26906,4.022,4.974
P26912,4.120,4.851
P26924,4.095,4.872
P27400,3.777,4.116
P28690,3.861,4.028
P30306,4.611,5.127
P31267,4.948,5.291
P31487,4.234,4.243
P31494,4.174,3.620
P31842,2.441,4.198
P31846,2.563,3.891
P33051,4.617,4.550
P34113,5.081,5.057
P34116,4.688,4.610
P34458,3.962,4.306
P34468,3.579,3.553
P34471,3.600,3.714
P36471,2.805,3.187
P36501,3.199,3.114
P36508,5.517,5.298
P36514,5.265,5.135
P36843,4.693,4.182
P37149,2.664,3.345
P37352,5.093,4.902
P37435,5.069,4.526
P39158,3.761,4.262
P39709,3.906,3.897
P42916,4.711,5.314
P45204,5.692,5.716
P45214,5.679,5.644
P45216,5.753,5.786
P45418,5.695,4.743
P45427,5.549,4.599
P45445,5.894,6.172
P45448,5.495,6.101
P46636,3.313,3.578
P48155,5.633,5.995
P48171,5.643,6.028
P48172,5.767,6.415
P48293,5.678,5.893
P51261,5.530,5.506
P52293,5.395,5.910
P52296,5.485,6.449
P52339,5.261,5.938
P53507,4.967,6.035
P54413,4.353,5.224
P54491,3.541,4.521
P55680,5.856,5.950
P56471,6.062,6.215
P67648,3.500,3.603
P71485,5.449,5.573
P80496,5.174,4.974
P81034,3.751,3.796
P82751,3.084,3.143
P87181,4.335,4.053
P89241,4.087,3.954
P96790,4.269,3.666
P98521,3.625,3.607
P119597,4.074,3.703
P119965,4.683,4.688
P119976,3.616,3.667
C45982-P611,3.407,5.183
C33321-P170,3.293,4.752
C46327-P296,3.887,3.930
C97401-P9,4.335,3.927
C97404-P9,4.004,3.760
C132369-P220,3.774,5.008
C13210-P270,3.247,4.332
C56215-P205,2.552,3.653
C118307-P200,3.898,5.224
C132547-P200,4.925,5.851
C68035-P51,4.295,4.252
C64769-P219,3.445,5.266
C51427-P138,4.094,5.884
C47239-P208,3.791,3.593
C46501-P481,3.501,3.362
C51402-P120,3.767,4.241
C51406-P120,4.002,4.397
C51421-P120,4.134,4.450
C51187-P481,3.765,3.941
C95583-P404,2.643,4.787
C53037-P106,3.815,3.920
C68901-P103,4.227,3.646
C11630-P405,3.683,3.471
C45658-P207,3.301,4.878
C55769-P616,3.737,4.700
C45903-P109,2.315,5.258
C45903-P535,2.313,5.035
C66335-P153,3.697,5.008
C57914-P234,5.526,5.325
C57919-P234,5.552,5.480
C45662-P439,4.001,3.925
C54524-P305,4.229,3.782
C45982-P197,5.647,5.905
C65274-P174,4.607,4.523
C15317-P103,4.067,4.283
C71039-P103,3.803,4.626
C3689-P239,3.804,3.524
C46556-P493,3.682,4.387
C46573-P493,3.581,4.779
C9335-P174,2.572,4.773
C46353-P372,2.998,3.957
C47846-P481,4.148,3.898
C47877-P481,4.388,4.169
C46339-P374,3.084,3.472
C54239-P153,3.540,4.601
C60323-P153,4.003,4.431
C48580-P124,3.677,4.125
C45982-P173,3.788,5.278
C45874-P159,4.168,4.690
C3275-P159,3.384,3.747
C46500-P219,2.559,4.474
C46501-P219,3.245,4.526
C13204-P195,2.915,3.532
C36518-P207,2.578,3.990
C63643-P219,3.023,5.324
C102812-P76,3.878,4.302
C40513-P76,4.438,4.008
C40525-P76,4.513,3.941
C40527-P76,4.572,4.123
C102839-P76,4.281,4.042
C45903-P363,3.868,3.579
C51842-P135,3.073,4.111
C51851-P135,3.051,4.216
C51859-P135,2.838,4.049
C51872-P391,3.748,4.273
C51876-P135,2.868,4.191
C45780-P328,3.575,5.108
C50807-P183,3.670,5.244
C50814-P183,3.753,4.824
C66327-P229,5.184,5.230
C51400-P344,5.386,5.258
C51401-P344,5.461,5.428
C52381-P344,5.254,5.026
C48046-P344,5.200,5.038
C52382-P229,5.110,5.353
C45790-P228,4.550,4.693
C45958-P228,4.829,5.228
C45959-P228,4.673,5.435
C45966-P228,4.754,5.034
C45979-P228,5.058,5.362
C52374-P401,2.240,4.198
C119628-P106,5.944,5.998
C55786-P322,4.642,4.821
C63883-P224,2.528,3.932
C105131-P135,2.888,5.288
C51401-P213,4.413,4.881
C107104-P174,5.473,5.232
C52375-P405,3.688,3.551
C50753-P248,4.020,3.926
C74114-P9,3.936,3.816
C74115-P9,4.037,4.034
C106645-P363,5.141,4.728
C52382-P224,5.500,5.644
C52408-P224,4.870,5.474
C66854-P120,4.387,4.236
C2716-P8,2.789,3.725
C3806-P190,3.559,3.869
C46321-P322,4.346,4.050
C46339-P322,3.599,3.314
C46343-P322,3.673,3.738
C46353-P322,3.427,3.308
C54664-P617,4.018,3.910
C56883-P444,4.945,4.578
C57129-P322,4.383,4.199
C57139-P322,4.385,3.970
C53768-P257,4.518,4.487
C48170-P128,3.854,3.696
C48181-P128,4.715,4.590
C58995-P337,4.423,3.912
C117753-P445,3.864,3.566
C117762-P445,4.052,3.775
C715-P557,3.170,3.721
C9536-P122,3.523,3.213
C46023-P304,3.805,4.005
C46024-P304,3.910,4.168
C46025-P304,3.879,4.052
C45863-P322,3.512,3.291
C47239-P196,3.577,3.376
C124407-P214,3.697,3.619
C124416-P214,3.854,4.018
C47045-P198,4.555,4.946
C12359-P152,4.289,3.977
C39959-P100,4.389,4.091
C124666-P76,4.316,3.768
C124672-P100,4.513,3.953
C124674-P100,4.508,4.051
C124675-P76,4.208,3.814
C124677-P100,4.356,4.065
C124687-P76,4.235,3.742
C124689-P100,4.558,3.967
C124693-P100,4.320,3.791
C39918-P76,4.101,3.938
C39932-P100,4.287,3.946
C39946-P76,4.330,3.901
C32372-P76,4.562,4.091
C63894-P229,4.473,4.198
C63895-P229,4.546,4.543
C46328-P354,4.502,4.418
C54664-P557,4.223,3.878
C46023-P308,4.538,4.969
C46024-P308,4.545,4.608
C47049-P481,4.594,4.210
C47057-P481,4.320,4.958
C47072-P481,4.601,4.447
C46343-P371,4.176,4.570
C46353-P371,2.987,3.605
C13210-P291,3.313,3.717
C64564-P152,4.479,4.053
C51867-P219,2.285,3.915
C43441-P128,4.546,4.398
C60693-P128,4.401,4.368
C60696-P128,3.984,5.256
C60700-P128,4.408,4.442
C24948-P137,3.536,3.235
C54664-P384,3.912,3.944
C45615-P339,2.921,4.641
C55223-P339,2.939,3.885
C51875-P363,4.383,4.128
C75223-P136,3.233,3.193
C55392-P183,4.736,4.386
C48157-P405,4.033,4.420
C9559-P391,3.816,3.435
C65388-P220,4.855,5.393
C50814-P220,4.773,5.318
C16362-P220,5.063,5.515
C46023-P225,4.665,4.667
C46024-P225,4.698,4.559
C46025-P225,4.621,4.736
C46033-P225,4.721,4.798
C57129-P481,3.995,4.157
C57137-P481,3.863,3.955
C57140-P481,4.000,4.169
C79212-P220,4.072,3.605
C13210-P271,3.311,4.353
C63652-P229,2.916,4.258
C24948-P174,3.387,3.312
C45815-P469,4.319,4.200
C95588-P135,4.887,4.961
C56176-P71,4.349,3.896
C95867-P543,4.269,4.304
C79259-P174,4.683,5.432
C72495-P174,5.104,5.095
C72496-P174,5.153,4.998
C59884-P322,3.563,3.664
C55138-P204,4.683,4.683
C45792-P497,4.900,5.434
C19322-P22,4.016,4.190
C76028-P273,4.514,4.927
C51396-P274,4.689,4.383
C51403-P274,4.903,4.889
C45982-P244,4.860,5.045
C98152-P58,2.020,3.760
C45884-P374,3.764,3.650
C51427-P384,5.594,5.214
C48037-P492,4.695,4.619
C99430-P339,4.173,4.233
C51749-P174,4.784,4.850
C45982-P401,5.596,5.533
C78052-P22,2.421,5.279
C12359-P239,3.386,4.371
C69744-P182,3.203,4.661
C35464-P248,2.934,3.773
C35473-P248,3.756,4.575
C54505-P214,3.097,4.716
C101512-P38,2.867,2.959
C48908-P374,4.419,4.461
C59012-P256,3.661,4.208
C46501-P322,3.975,3.515
C46024-P325,3.463,4.269
C46033-P325,3.383,4.252
C45835-P252,3.581,5.082
C46024-P303,4.619,4.740
C46025-P303,4.637,4.472
C55226-P87,3.606,4.083
C55237-P87,3.539,3.978
C12359-P320,3.895,4.290
C37158-P124,4.619,4.335
C37167-P124,4.683,4.516
C37174-P124,4.798,4.607
C46502-P159,4.479,4.184
C48482-P487,5.558,4.916
C48489-P487,5.121,4.858
C48494-P487,5.186,4.751
C48501-P487,5.477,4.691
C54239-P151,4.246,5.097
C3756-P159,3.109,3.166
C3275-P439,4.113,3.988
C45912-P439,4.984,4.967
C1794-P481,3.953,3.632
C715-P481,4.052,4.008
C48047-P481,4.133,3.738
C736-P439,3.925,3.628
C46475-P481,3.769,3.739
C47047-P322,3.761,3.756
C47049-P322,4.129,3.737
C47054-P322,3.970,4.058
C47072-P322,4.315,3.763
C51714-P354,4.695,4.460
C45903-P405,4.172,3.635
C27143-P405,3.629,3.892
C70623-P205,5.129,5.439
C97238-P252,3.971,3.957
C79798-P234,4.255,3.907
C79880-P200,4.007,3.618
C58995-P336,4.065,3.828
C58997-P336,4.106,3.729
C109281-P200,5.336,5.353
C3275-P465,4.309,4.144
C55918-P109,3.969,3.567
C109280-P136,4.866,4.558
C45658-P197,4.944,4.943
C64747-P344,3.760,4.880
C108276-P28,4.304,4.442
C104338-P12,4.960,5.342
C12359-P348,3.858,4.286
C51862-P384,3.770,3.503
C46321-P374,4.186,3.926
C72578-P363,5.207,4.777
C79596-P103,5.419,4.992
C79613-P103,5.603,5.002
C117674-P37,4.698,4.256
C54664-P439,4.344,4.046
C52382-P235,5.359,5.039
C59844-P404,4.224,4.080
C59845-P404,4.196,4.095
C55769-P615,4.525,3.795
C45903-P257,3.899,3.731
C118482-P100,3.730,3.798
C118483-P100,3.771,3.824
C118718-P174,4.757,4.174
C54664-P180,4.165,3.757
C55786-P481,4.711,4.470
C48087-P405,5.460,5.119
C12359-P310,4.270,3.863
C46323-P374,3.409,4.369
C46357-P374,3.462,5.093
C48566-P93,5.014,4.930
C45903-P337,3.986,3.690
C29426-P551,4.141,3.693
C54664-P441,3.960,3.760
C127359-P20,3.036,3.446
C52374-P354,4.069,3.922
C52375-P354,4.011,3.899
C59022-P93,4.664,4.832
C10281-P310,3.266,3.336
C63652-P310,2.905,4.160
C3732-P310,3.343,3.454
C3689-P310,3.343,3.680
C55396-P28,3.719,3.608
C72721-P564,4.585,5.137
C45903-P364,4.134,3.656
C19322-P234,4.079,4.029
C129526-P38,4.651,4.001
C129593-P51,4.285,4.030
C69074-P201,4.358,4.882
C51875-P364,3.825,4.131
C51496-P390,4.447,4.510
C51516-P390,4.132,4.353
C51403-P239,4.767,4.782
C28118-P252,4.780,4.889
C81569-P109,4.262,3.961
C51862-P405,3.779,3.793
C29316-P225,4.543,4.569
C45903-P336,4.075,3.758
C51859-P495,4.044,4.060
C46321-P481,4.183,3.935
C46327-P481,3.400,3.294
C46328-P481,3.734,3.392
C46349-P481,3.840,3.640
C46350-P481,3.957,3.921
C46353-P481,3.272,3.225
C45903-P444,4.165,3.637
C45662-P441,4.502,4.087
C102905-P123,4.406,3.967
C81620-P174,1.905,4.150
C5573-P103,3.831,3.838
C76028-P170,4.791,4.977
C111020-P31,4.734,4.047
C111024-P31,4.225,3.935
C45903-P536,3.947,3.831
C55840-P103,5.697,4.795
C55852-P103,5.416,4.614
C55854-P103,5.436,4.604
C55855-P103,5.187,4.503
C55859-P103,5.326,4.476
C55877-P103,5.435,4.697
C2394-P339,3.494,3.672
C2397-P339,4.210,4.142
C2399-P339,4.516,4.261
C2410-P339,4.471,3.788
C2413-P339,4.451,4.177
C2416-P339,4.348,3.738
C5400-P106,3.770,3.260
C8137-P187,4.999,4.842
C13035-P120,4.540,4.138
C2376-P328,4.493,4.167
C2382-P328,4.589,4.194
C2399-P328,4.616,4.030
C2413-P328,4.662,4.576
C37857-P128,4.370,4.656
C6791-P439,4.311,4.097
C4581-P20,1.827,3.249
C4584-P20,1.612,3.545
C8131-P308,3.875,3.642
C8152-P308,4.026,4.074
C8163-P308,4.220,3.903
C8173-P308,4.367,4.340
C727-P310,4.226,4.052
C2414-P197,4.774,4.528
C2408-P323,4.744,4.734
C9370-P564,4.112,4.071
C9388-P77,4.553,4.533
C18204-P412,4.579,4.229
C8155-P328,4.451,4.092
C4703-P122,3.483,3.304
C11373-P9,3.918,3.840
C4790-P187,4.146,4.367
C18177-P364,4.060,3.665
C8146-P93,4.813,4.570
C8169-P93,4.256,4.140
C901-P354,4.714,4.479
C6260-P558,4.278,4.318
C6285-P558,3.849,3.957
C709-P558,4.070,4.165
C725-P558,3.953,4.097
C961-P289,3.897,3.605
C4728-P277,3.327,3.367
C15044-P77,4.684,4.673
C8150-P344,4.293,4.517
C14594-P616,4.692,4.177
C26225-P277,4.650,4.420
C7479-P325,5.578,5.576
C10705-P198,3.978,3.899
C7529-P324,4.236,4.296
C15278-P321,4.825,4.870
C7646-P558,4.104,3.801
C9546-P405,3.518,3.783
C9547-P405,3.504,3.584
C9548-P405,3.374,3.428
C8161-P191,4.705,4.837
C15027-P151,4.085,4.045
C15044-P151,4.854,4.907
C15045-P151,4.559,4.587
C15048-P151,4.475,4.189
C15067-P151,4.331,4.188
C8138-P151,4.585,4.552
C8155-P151,4.791,4.615
C8169-P151,4.678,4.665
C8173-P151,4.590,4.520
C8174-P151,5.239,5.356
C8176-P151,4.517,4.271
C8154-P180,4.662,4.251
C8160-P180,4.351,3.932
C8178-P180,4.718,4.716
C901-P186,4.776,4.523
C2414-P180,4.796,4.567
C10375-P494,4.428,4.460
C7518-P37,4.018,4.413
C18171-P252,4.669,4.782
C18177-P252,3.682,4.282
C2382-P373,4.584,4.552
C542-P445,3.424,4.771
C14594-P615,4.577,4.129
C8152-P146,4.030,3.943
C8163-P146,4.268,4.080
C8176-P146,4.015,3.944
C13035-P2,4.393,4.454
C25758-P122,4.341,4.306
C1780-P441,4.207,4.310
C26247-P205,4.432,4.462
C11212-P135,3.933,4.496
C20066-P550,4.159,4.022
C20082-P550,4.129,4.157
C1791-P197,4.807,4.818
C1795-P197,4.873,4.910
C7479-P296,4.718,5.220
C6285-P557,4.025,4.144
C709-P557,4.215,4.279
C90474-P543,3.833,3.458
C4728-P344,3.290,3.284
C4745-P440,3.775,3.621
C82633-P168,3.614,4.343
C7527-P453,2.850,3.883
C7529-P453,3.064,3.675
C5649-P481,4.012,3.971
C4751-P558,1.713,3.299
C2493-P225,3.508,4.531
C2494-P225,3.149,4.307
C2499-P225,3.628,4.637
C9370-P276,4.160,3.961
C9393-P77,4.553,4.689
C9394-P276,3.586,3.597
C9396-P276,3.677,3.866
C956-P51,3.646,3.789
C4761-P619,4.141,4.148
C31977-P124,4.435,4.162
C10642-P391,4.157,3.984
C7479-P391,5.386,5.517
C13610-P135,4.263,4.045
C1316-P291,4.003,3.647
C40870-P182,4.890,4.674
C727-P440,4.200,4.103
C7135-P444,5.052,4.808
C18929-P134,3.166,3.797
C18936-P134,3.434,3.908
C18941-P134,3.096,3.623
C8140-P439,4.097,4.056
C8160-P439,4.323,4.199
C8169-P439,3.964,3.836
C6268-P242,4.108,3.825
C1800-P198,4.757,4.815
C2384-P313,4.820,4.073
C7137-P304,4.870,4.280
C7139-P304,5.054,4.722
C4728-P204,3.502,3.460
C7479-P192,5.247,5.296
C6056-P493,4.676,4.671
C4655-P339,3.725,3.339
C4699-P339,3.868,3.674
C4730-P339,3.853,3.509
C6273-P152,4.390,4.340
C2382-P2,4.494,3.895
C15025-P239,4.142,4.196
C15027-P239,3.899,4.231
C15036-P239,4.550,4.757
C15044-P239,4.808,4.513
C15048-P239,4.419,4.122
C15051-P239,4.088,3.990
C15065-P239,3.835,3.597
C15066-P239,4.351,4.287
C8152-P239,4.098,4.090
C6115-P290,4.233,3.889
C1392-P557,4.624,4.551
C1394-P557,4.855,4.468
C14594-P412,5.006,4.898
C38619-P404,3.921,3.861
C7479-P278,5.502,5.523
C7646-P322,4.074,3.942
C7674-P322,3.776,3.846
C131129-P120,4.479,4.443
C8137-P195,4.699,4.533
C8169-P195,3.931,4.075
C9144-P234,3.692,3.628
C7620-P229,4.421,4.132
C8903-P457,4.642,4.785
C1414-P457,4.518,4.474
C2382-P308,4.424,4.459
C2397-P308,4.225,3.764
C2401-P308,4.037,3.939
C2408-P308,4.484,4.464
C2410-P308,4.160,4.028
C2413-P308,4.445,4.632
C4781-P264,3.680,4.160
C6791-P185,4.273,4.342
C1814-P138,5.181,5.031
C9436-P106,4.536,5.191
C9559-P183,3.271,3.159
C17783-P174,4.031,4.445
C2279-P174,4.345,5.054
C901-P106,4.636,4.121
C7479-P337,5.565,5.424
C1386-P339,4.507,4.280
C36972-P445,4.243,4.454
C1390-P242,4.170,3.760
C2382-P198,4.543,4.515
C7529-P618,4.605,4.343
C2408-P439,4.258,4.374
C38621-P170,3.987,3.709
C3646-P213,3.645,3.391
C8041-P151,4.783,4.727
C19976-P296,4.715,4.788
C82692-P296,4.316,3.896
C1800-P296,4.455,4.441
C6268-P306,3.622,3.683
C6269-P306,3.659,3.562
C7182-P153,5.084,5.097
C7646-P373,4.186,4.449
C7653-P373,3.823,3.848
C7658-P373,3.584,3.634
C7672-P373,3.768,3.710
C7674-P373,4.334,4.401
C18930-P134,3.853,4.365
C2397-P338,2.613,3.976
C9375-P358,3.681,4.255
C9378-P358,3.943,4.022
C9379-P358,3.547,3.402
C9394-P358,3.252,3.317
C7070-P174,3.687,3.602
C2408-P437,3.931,4.354
C7634-P305,3.903,3.925
C9121-P248,3.155,3.587
C9144-P248,3.452,3.302
C13911-P248,3.878,4.090
C11236-P200,5.470,5.473
C15025-P224,3.912,3.882
C15027-P224,3.406,4.043
C15036-P224,3.766,3.979
C15045-P224,3.360,4.433
C15048-P224,4.105,3.999
C15051-P224,3.743,3.691
C15056-P224,3.351,3.717
C15065-P224,3.282,3.264
C15066-P224,3.530,4.038
C15067-P224,3.165,3.662
C8137-P224,4.081,4.355
C8141-P224,3.438,3.457
C8155-P224,3.609,4.713
C8169-P224,3.422,4.142
C8176-P224,3.875,3.755
C1390-P218,3.851,4.450
C4666-P245,3.201,3.023
C1405-P195,4.462,4.117
C2410-P338,3.376,3.569
C7479-P2,5.058,5.760
C4745-P465,3.584,3.771
C2414-P217,4.672,4.587
C15025-P229,4.053,3.719
C15027-P229,3.940,4.045
C15036-P229,4.474,3.891
C15048-P229,3.835,4.574
C15067-P229,4.092,3.983
C8146-P229,4.971,5.167
C8163-P229,4.314,4.002
C8176-P229,4.171,4.143
C34425-P31,4.226,3.912
C901-P190,4.456,4.095
C727-P275,4.229,4.114
C7480-P437,4.437,4.379
C935-P161,4.816,4.494
C15044-P213,4.779,4.615
C15051-P213,3.927,3.802
C15066-P213,4.360,4.361
C15070-P213,4.224,4.278
C8163-P213,4.355,4.114
C8173-P213,4.579,4.449
C7489-P197,3.819,3.453
C7500-P197,4.057,3.549
C18925-P134,3.153,3.876
C24522-P77,4.137,3.900
C495-P374,4.331,4.351
C7587-P191,3.935,3.493
C7633-P191,4.060,4.510
C7652-P191,3.947,3.775
C7653-P191,4.013,4.156
C7654-P191,3.953,3.984
C7479-P423,4.853,5.894
C21692-P77,4.083,3.973
C9548-P384,3.438,3.543
C11630-P384,3.701,3.466
C9539-P363,3.238,3.681
C9549-P363,3.411,3.588
C3759-P487,4.225,3.703
C7640-P153,3.994,4.083
C7643-P153,3.676,3.990
C7664-P153,3.863,3.815
C7678-P153,3.661,4.395
C6703-P174,4.652,4.847
C8169-P291,4.239,3.928
C6269-P487,3.770,3.568
C725-P487,3.805,3.662
C744-P219,3.995,3.535
C7137-P423,4.448,4.537
C38801-P76,3.380,2.796
C3256-P185,4.728,4.409
C3266-P185,4.700,4.399
C3292-P185,4.581,4.438
C727-P384,3.806,3.914
C11373-P23,3.434,4.077
C961-P617,3.948,3.841
C37900-P28,3.434,4.215
C2408-P196,4.142,4.178
C3803-P358,3.842,3.512
C3806-P358,3.828,3.595
C4761-P358,3.633,3.990
C715-P235,4.095,3.963
C688-P168,5.358,4.505
C10642-P176,3.685,3.726
C11338-P54,4.217,4.424
C1791-P191,4.183,4.592
C1795-P191,4.361,4.478
C1805-P191,4.402,4.491
C1814-P191,4.464,4.980
C3508-P195,4.297,4.342
C29723-P77,3.303,3.335
C14594-P391,4.109,4.120
C2912-P404,4.305,3.866
C2865-P404,4.050,3.946
C9947-P234,4.171,3.866
C11200-P153,4.304,3.969
C11228-P153,4.896,5.221
C2393-P153,3.827,3.856
C2408-P153,4.644,4.699
C2040-P496,4.404,4.363
C2059-P496,4.395,4.175
C16466-P174,4.247,3.920
C7135-P290,4.744,4.674
C2382-P465,4.476,4.549
C18170-P495,4.220,3.858
C18171-P495,4.813,4.592
C18173-P495,4.608,4.114
C3508-P489,4.396,4.366
C7529-P323,4.185,4.204
C41823-P124,4.300,4.470
C41834-P137,4.821,4.592
C8138-P440,3.333,4.340
C8155-P440,3.611,4.821
C8172-P440,3.396,4.617
C1791-P217,3.664,4.633
C8131-P618,3.312,3.874
C8160-P618,3.640,4.455
C8169-P618,3.569,4.247
C8178-P618,3.536,4.760
C723-P344,3.268,4.322
C24186-P168,3.767,3.712
C2382-P185,3.513,4.078
C7182-P317,4.513,5.105
C43276-P128,3.903,4.355
C43279-P124,3.949,4.159
C43281-P124,3.700,4.111
C12323-P321,3.780,4.393
C7587-P321,3.319,4.041
C7653-P321,3.486,4.396
C8155-P390,4.464,4.728
C8169-P390,4.575,4.662
C13035-P151,4.522,4.264
C7181-P151,4.765,4.823
C7182-P151,5.027,5.246
C31976-P405,4.670,4.319
C4749-P199,3.634,4.120
C4755-P199,3.534,4.179
C3806-P199,3.717,4.387
C10627-P405,3.916,3.685
C10635-P405,4.204,3.711
C10655-P405,3.835,3.407
C7352-P183,5.468,5.471
C1602-P183,4.939,4.882
C2407-P186,3.860,4.001
C8903-P303,4.226,4.778
C935-P356,4.635,4.427
C2799-P440,4.131,3.941
C2408-P218,4.552,4.295
C2410-P218,4.276,4.396
C2414-P218,4.664,4.296
C1791-P306,3.431,4.521
C1783-P196,3.538,4.645
C1795-P196,3.305,3.213
C1805-P196,3.635,4.461
C1810-P196,3.304,4.710
C8903-P225,3.404,3.907
C4702-P304,2.955,3.756
C7527-P494,3.165,4.176
C4728-P455,2.778,3.053
C18173-P405,4.075,4.236
C18207-P405,3.950,4.409
C4791-P405,3.879,3.453
C15689-P103,3.609,3.619
C15690-P103,3.567,3.629
C7620-P274,3.346,4.482
C7674-P274,3.986,3.738
C1266-P536,3.697,4.444
C1281-P536,3.670,4.334
C1627-P182,3.092,4.436
C24493-P77,3.138,4.148
C4755-P612,3.518,3.400
C4669-P364,3.324,3.143
C1386-P338,3.723,4.706
C38601-P122,2.555,3.746
C38616-P273,3.472,3.804
C83115-P174,4.202,4.633
C33925-P219,4.558,4.926
C1800-P190,5.022,5.296
C1814-P190,5.163,5.276
C1820-P190,3.903,3.896
C3508-P535,4.453,4.321
C1360-P303,4.961,4.863
C2086-P296,4.884,5.152
C3758-P497,4.015,4.084
C16020-P135,3.762,4.277
C1795-P444,4.814,4.406
C31081-P273,4.877,4.722
C8173-P611,4.342,4.371
C8137-P325,4.982,4.983
C8152-P325,4.113,3.867
C8176-P325,4.097,3.632
C7585-P457,3.697,3.508
C12320-P135,3.836,3.965
C12323-P135,3.707,4.264
C8141-P214,3.743,3.577
C8142-P214,3.453,3.334
C1304-P208,3.982,3.951
C7596-P190,3.742,3.735
C7644-P190,3.797,3.856
C7652-P190,3.812,4.047
C1783-P270,4.904,4.727
C1805-P270,4.977,5.026
C7479-P440,5.449,5.448
C26145-P124,4.796,4.506
C2376-P151,4.591,4.204
C2384-P151,4.448,4.404
C3219-P551,4.924,5.079
C935-P213,4.340,4.583
C1800-P191,4.580,5.317
C8160-P465,4.502,4.313
C8169-P465,4.504,4.181
C8172-P465,4.719,4.530
C8041-P161,4.626,4.801
C2382-P152,4.583,4.658
C2384-P152,4.839,4.506
C21693-P248,3.783,3.768
C956-P337,3.676,3.711
C1002-P337,4.437,4.271
C4702-P152,3.737,3.726
C22606-P136,4.859,4.391
C727-P93,4.152,4.034
C2304-P137,4.221,4.233
C2384-P423,4.622,4.266
C2410-P423,4.291,4.619
C7192-P364,3.800,3.641
C2059-P257,4.270,4.454
C6703-P137,4.496,5.071
C1595-P220,4.527,4.495
C1627-P220,4.317,4.942
C12320-P183,4.309,4.107
C12328-P183,5.354,5.210
C4803-P390,3.820,3.974
C8152-P198,3.921,3.636
C4755-P613,3.696,4.091
C4790-P329,3.989,4.202
C10667-P136,4.482,4.245
C7479-P317,5.160,5.382
C1405-P176,4.601,4.708
C3803-P457,3.738,4.142
C4784-P457,3.643,3.770
C961-P278,3.666,3.519
C11236-P276,5.352,4.994
C7646-P265,4.169,3.622
C7674-P265,4.001,3.849
C86465-P363,4.709,5.108
C10627-P494,3.668,3.800
C10655-P494,3.515,3.566
C6791-P159,4.165,4.266
C18187-P391,3.896,4.074
C18209-P391,3.921,4.140
C1304-P207,3.744,3.536
C3858-P32,3.697,3.741
C23130-P37,4.931,5.166
C7644-P270,3.809,3.930
C7649-P270,4.102,3.785
C23707-P106,4.078,4.494
C9375-P199,4.537,4.379
C9394-P199,3.567,3.400
C7664-P214,3.392,3.302
C1625-P182,4.447,4.317
C25337-P198,4.383,4.106
C7479-P185,5.398,5.514
C8140-P441,4.293,4.185
C8169-P441,4.048,3.849
C4790-P373,4.094,4.308
C9370-P619,3.825,3.834
C9371-P619,3.901,4.173
C9379-P619,3.979,3.689
C9380-P619,3.816,3.888
C9385-P619,3.247,3.628
C9390-P619,3.888,3.979
C9394-P619,3.646,3.628
C2423-P283,4.296,4.362
C760-P279,4.242,4.264
C742-P441,3.929,3.822
C11066-P220,4.523,4.174
C7620-P239,4.385,4.089
C11062-P176,4.196,4.436
C15027-P135,4.196,4.164
C21692-P22,3.910,3.777
C21693-P22,4.175,3.914
C30125-P22,4.874,4.568
C15027-P152,4.195,4.195
C15036-P152,4.683,4.526
C15044-P152,4.838,4.649
C15045-P152,4.478,4.571
C15065-P152,3.901,3.820
C15067-P152,4.156,4.192
C15070-P152,4.496,4.501
C8138-P152,4.464,4.438
C6248-P354,4.308,4.334
C8138-P613,3.797,4.074
C8142-P613,3.525,3.211
C8155-P613,4.412,4.357
C8176-P613,4.063,4.079
C8841-P444,4.361,4.317
C8848-P444,4.206,4.319
C7479-P274,5.152,5.495
C9954-P364,3.284,3.398
C6291-P213,3.527,3.094
C6812-P441,2.882,3.560
C1394-P423,3.154,4.520
C7479-P279,4.555,5.076
C15051-P343,2.717,3.702
C15054-P343,2.924,4.552
C8132-P343,3.177,4.264
C9179-P22,2.416,4.194
C961-P228,3.986,3.549
C1002-P228,4.094,4.189
C1352-P196,3.071,4.497
C7067-P174,4.368,4.367
C4728-P317,3.171,3.445
C36269-P36,3.306,4.169
C9375-P489,4.421,4.386
C7646-P138,4.097,4.062
C7649-P138,4.329,4.300
C7674-P138,4.050,3.892
C7678-P138,4.348,4.492
C1799-P256,4.917,4.981
C7506-P306,4.099,3.891
C6726-P252,4.151,4.032
C13035-P321,4.465,4.236
C11210-P213,3.806,3.605
C11229-P213,4.582,4.333
C9125-P22,3.901,3.699
C6791-P465,4.380,4.353
C6812-P465,4.038,3.903
C13035-P161,4.493,4.336
C7527-P441,4.098,3.952
C7529-P441,4.033,3.825
C4135-P200,5.388,5.577
C15024-P274,4.469,3.820
C15044-P274,4.801,4.682
C15048-P274,4.081,4.446
C15065-P274,3.649,3.380
C15067-P274,4.032,3.677
C8155-P274,4.777,4.761
C10627-P252,3.849,3.858
C8161-P228,4.435,4.225
C7073-P183,4.537,4.793
C994-P158,4.461,4.454
C9394-P277,3.551,3.378
C7646-P437,4.209,4.011
C4791-P317,4.059,3.957
C4142-P136,5.469,5.317
C7479-P173,5.509,5.416
C1392-P283,4.395,4.226
C4093-P283,3.638,3.840
C7139-P305,4.711,4.685
C38611-P550,3.947,3.919
C38614-P550,4.027,3.576
C38621-P550,3.852,3.860
C2408-P441,4.243,4.107
C35850-P200,3.958,3.874
C35879-P37,4.158,4.049
C716-P440,4.490,4.599
C25767-P356,3.862,3.603
C92177-P134,5.458,5.561
C7527-P465,4.434,4.074
C1002-P336,4.422,4.262
C7480-P618,4.350,4.392
C727-P557,4.050,3.974
C2410-P302,4.312,4.175
C542-P467,3.283,4.905
C15040-P153,4.853,4.657
C15045-P153,4.404,4.346
C15048-P153,4.480,4.187
C15067-P153,4.107,4.166
C15070-P153,4.626,4.400
C8131-P153,4.128,3.763
C8138-P153,4.344,4.570
C8152-P153,3.719,3.794
C8161-P153,4.308,3.694
C8173-P153,4.759,4.357
C8176-P153,4.297,4.139
C2758-P200,4.446,4.354
C37375-P551,4.557,4.812
C11061-P25,4.562,4.499
C11211-P161,4.145,4.278
C11216-P161,3.929,4.019
C11228-P161,4.963,4.887
C11229-P161,4.565,4.522
C8032-P310,4.722,4.473
C8041-P310,5.091,4.744
C8057-P310,4.182,3.863
C4749-P445,4.135,4.004
C4755-P445,3.957,4.173
C4761-P445,4.098,4.160
C4763-P445,4.012,4.073
C92804-P51,4.115,3.989
C7585-P199,3.925,3.937
C7646-P199,4.128,4.239
C1805-P190,4.398,4.611
C7054-P192,3.084,3.762
C17572-P125,4.475,4.415
C995-P439,5.098,4.440
C37374-P54,4.970,4.418
C37377-P54,4.510,3.950
C1922-P198,3.866,3.820
C7479-P497,5.075,5.861
C6124-P374,3.597,4.066
C90727-P22,3.517,3.702
C90672-P296,3.490,3.809
C90689-P296,3.782,3.980
C90691-P22,4.068,3.969
C9352-P201,3.585,3.673
C9353-P201,3.618,4.086
C9359-P201,3.817,3.919
C9365-P201,4.009,4.038
C9371-P201,3.337,3.718
C9372-P201,3.528,4.182
C9379-P201,3.404,3.526
C9386-P201,3.680,4.215
C1329-P252,4.212,4.254
C3689-P235,3.740,3.448
C3732-P235,3.703,3.607
C12360-P176,4.444,4.065
C1390-P214,4.046,4.398
C7479-P171,4.681,5.880
C11236-P171,4.683,5.452
C86475-P364,4.279,5.002
C86508-P364,3.712,4.091
C2382-P264,4.114,4.032
C2414-P264,4.048,4.466
C40869-P176,3.767,3.640
C1383-P278,3.200,3.491
C8052-P310,3.170,4.541
C10646-P363,4.129,4.124
C22804-P550,3.303,4.401
C9811-P205,3.228,3.830
C14769-P58,3.344,3.425
C4666-P229,2.433,3.038
C7479-P564,5.225,4.719
C15027-P348,3.031,3.580
C15044-P348,3.743,4.695
C15065-P348,2.675,3.390
C15067-P348,2.940,3.470
C8141-P348,3.302,3.735
C8176-P348,3.638,3.769
C38598-P551,3.074,3.916
C9146-P364,2.951,3.789
C9356-P204,3.314,3.864
C9372-P204,3.203,4.146
C9376-P204,3.099,3.055
C9380-P204,2.441,3.534
C9382-P204,3.423,4.030
C9385-P204,2.709,2.979
C9386-P204,3.000,3.195
C9393-P204,3.234,4.156
C9394-P204,2.653,2.864
C1585-P198,3.383,4.353
C1625-P136,3.303,4.211
C9549-P364,3.798,3.211
C7674-P618,4.233,3.787
C678-P71,4.415,3.899
C2399-P384,3.865,4.051
C1627-P176,3.698,4.593
C7182-P336,5.065,5.142
C13001-P22,4.257,3.773
C8052-P2,4.675,4.934
C4719-P339,3.895,3.447
C4725-P339,3.189,3.058
C4754-P423,3.476,3.322
C4761-P423,3.788,3.797
C18193-P364,4.096,3.931
C961-P288,3.705,3.507
C8156-P364,4.095,3.233
C956-P233,3.715,3.730
C1002-P233,4.551,4.287
C1003-P233,4.763,4.761
C4745-P180,3.866,3.853
C1360-P259,5.068,4.959
C34717-P248,3.692,3.774
C2375-P325,3.985,3.612
C2384-P325,4.299,4.415
C2397-P325,4.266,3.907
C2399-P325,4.377,3.923
C2410-P325,4.211,3.750
C736-P338,4.073,4.032
C727-P338,4.224,4.306
C10375-P495,4.643,4.725
C87424-P143,3.565,3.948
C87425-P143,4.018,4.428
C7479-P289,4.920,4.944
C7672-P439,4.186,3.688
C18486-P183,3.796,3.806
C8161-P192,4.525,4.130
C8169-P192,4.015,3.886
C7479-P465,5.117,5.610
C11184-P344,4.463,4.630
C11208-P344,4.022,3.862
C961-P444,4.014,3.593
C1002-P444,4.470,4.234
C4702-P226,2.961,3.747
C1392-P493,2.912,4.493
C15044-P321,3.822,4.654
C15048-P321,4.326,3.737
C8169-P321,3.520,4.342
C13035-P152,4.472,4.069
C7182-P152,4.657,4.923
C16242-P168,3.303,4.319
C8840-P439,3.837,4.022
C8854-P439,4.028,4.248
C2188-P174,4.525,4.190
C15025-P275,3.648,3.615
C15036-P275,3.628,3.916
C15048-P275,3.810,4.092
C15065-P275,2.701,3.025
C8159-P275,3.446,3.491
C2382-P321,3.470,4.444
C10375-P497,4.525,4.353
C7372-P182,3.648,4.496
C1823-P158,3.556,3.741
C8437-P343,3.830,4.613
C15183-P151,4.363,3.885
C15184-P151,4.219,3.808
C31102-P120,3.863,3.757
C7479-P612,4.886,5.494
C11193-P363,3.559,3.593
C11200-P363,3.750,3.776
C1785-P457,3.865,3.427
C1796-P457,3.720,3.257
C1446-P71,3.257,3.163
C8173-P244,4.347,4.381
C7674-P192,4.081,3.672
C8138-P270,4.409,4.517
C8152-P270,3.835,3.915
C8160-P270,4.453,4.311
C8163-P270,4.297,4.536
C8169-P270,4.619,4.604
C8176-P270,4.351,3.728
C9352-P171,3.666,3.511
C9379-P171,4.102,4.168
C961-P265,3.908,3.519
C25757-P277,4.785,4.373
C842-P405,4.612,3.901
C901-P405,4.564,4.168
C83889-P135,4.657,5.496
C53105-P135,4.341,5.051
C7492-P161,4.239,3.898
C38594-P122,4.086,3.856
C38598-P404,4.193,4.139
C89701-P12,4.373,4.890
C89709-P12,4.573,5.363
C89730-P12,4.493,5.226
C89732-P12,4.454,5.225
C2408-P324,4.811,4.766
C18997-P51,3.811,3.794
C7181-P440,5.222,5.028
C4728-P276,3.380,3.418
C25758-P259,3.218,3.998
C20430-P22,4.196,4.420
C6315-P170,2.954,4.065
C6329-P170,3.123,4.412
C8881-P274,3.400,4.669
C684-P103,2.970,4.926
C542-P199,3.616,3.537
C3646-P239,3.435,3.474
C7625-P159,4.909,4.840
C9375-P356,4.273,4.517
C9394-P356,3.644,3.829
C8155-P271,4.730,4.432
C4732-P405,3.353,3.358
C3665-P182,3.832,4.101
C16361-P182,5.421,5.385
C2086-P207,4.831,5.042
C8142-P190,3.751,3.588