smiles,hit1,hit2
Cc1nn(CCNC(=O)CCc2c(C)[nH]c3ccccc23)cc1Cl,7gp2-a,7goy-a
Cc1[nH]c2ccccc2c1CCC(=O)NCCn1ncc(Cl)c1C,7gp2-a,7goy-a
Cc1c(Cl)cnn1CCNC(=O)CCc1cn(C)c2ccccc12,7gp2-a,7goy-a
Cc1nn(CCNC(=O)CCc2cn(C)c3ccccc23)cc1Cl,7gp2-a,7goy-a
Cc1ccc2[nH]cc(CCC(=O)NCCn3cc(Cl)c(C)n3)c2c1,7gp2-a,7goy-a
Cc1ccc2[nH]cc(CCC(=O)NCCn3ncc(Cl)c3C)c2c1,7gp2-a,7goy-a
Cc1nn(CCNC(=O)CCc2c[nH]c3c(C)cccc23)cc1Cl,7gp2-a,7goy-a
Cn1c2c(c3ccccc31)CC(C(=O)N1CCn3ncc(Cl)c31)C2,7gp2-a,7goy-a
Cc1cccc2c(CCC(=O)NCCn3ncc(Cl)c3C)c[nH]c12,7gp2-a,7goy-a
Cc1nn(CCNC(=O)CCc2c[nH]c3cc(Cl)ccc23)cc1Cl,7gp2-a,7goy-a
Cc1c(Cl)cnn1CCNC(=O)CCc1c[nH]c2cc(Cl)ccc12,7gp2-a,7goy-a
O=C(C1Cc2c([nH]c3ccccc23)C=N1)N1CCn2ncc(Cl)c21,7gp2-a,7goy-a
CCC(CC(=O)N1CCn2ncc(Cl)c21)c1c[nH]c2ccccc12,7gp2-a,7goy-a
Cc1c(Cl)cnn1CCNC(=O)CC(C)c1c[nH]c2ccccc12,7gp2-a,7goy-a
Cc1nn(CCNC(=O)CC(C)c2c[nH]c3ccccc23)cc1Cl,7gp2-a,7goy-a
Cc1nn(CCNC(=O)CCc2c[nH]c3cccc(C)c23)cc1Cl,7gp2-a,7goy-a
Cc1ccc2c(CCC(=O)NCCn3ncc(Cl)c3C)c[nH]c2c1,7gp2-a,7goy-a
Cc1cccc2[nH]cc(CCC(=O)NCCn3ncc(Cl)c3C)c12,7gp2-a,7goy-a
Cc1ccc2c(CCC(=O)NCCn3cc(Cl)c(C)n3)c[nH]c2c1,7gp2-a,7goy-a
Cn1c2c(c3ccccc31)CC(C(=O)N1CCn3ncc(Cl)c3C1)C2,7gp2-a,7goy-a
COc1ccc2c(CCC(=O)NCCn3ncc(Cl)c3C)c[nH]c2c1,7gp2-a,7goy-a
COc1ccc2c(CCC(=O)NCCn3cc(Cl)c(C)n3)c[nH]c2c1,7gp2-a,7goy-a
Cc1ccc2[nH]cc(CCC(=O)NCCn3nc(C)c(Cl)c3C)c2c1,7gp2-a,7goy-a
CCC(CNC(=O)CCc1c[nH]c2ccc(C)cc12)n1cc(Cl)cn1,7gp2-a,7goy-a
Cc1ccc2[nH]cc(CCC(=O)NNC(=O)Cn3cc(Cl)cn3)c2c1,7gp2-a,7goy-a
Cn1c2c(c3ccccc31)CC(C(=O)N1CC(n3cc(Cl)cn3)C1)C2,7gp2-a,7goy-a
Cc1c(Cl)cnn1CCNC(=O)C1Cc2c([nH]c3ccccc23)C=N1,7gp2-a,7goy-a
O=C(C1Cc2c([nH]c3ccccc23)C=N1)N1CCn2ncc(Cl)c2C1,7gp2-a,7goy-a
Cc1nn(CCNC(=O)C2Cc3c([nH]c4ccccc34)C=N2)cc1Cl,7gp2-a,7goy-a
Cc1nn(CCNC(=O)CCc2c[nH]c3cc(Cl)ccc23)c(C)c1Cl,7gp2-a,7goy-a
O=C(C1Cc2c([nH]c3ccccc23)C=N1)N1CC(n2cc(Cl)cn2)C1,7gp2-a,7goy-a
Cc1cccc2c(CCC(=O)NNC(=O)Cn3cc(Cl)cn3)c[nH]c12,7gp2-a,7goy-a
CCC(CNC(=O)CCc1c[nH]c2c(C)cccc12)n1cc(Cl)cn1,7gp2-a,7goy-a
Cc1nn(CCNC(=O)CCc2c[nH]c3c(C)cccc23)c(C)c1Cl,7gp2-a,7goy-a
CCC(CC(=O)NCCn1cc(Cl)c(C)n1)c1c[nH]c2ccccc12,7gp2-a,7goy-a
O=C(CCc1c[nH]c2cc(Cl)ccc12)NNC(=O)Cn1cc(Cl)cn1,7gp2-a,7goy-a
CCC(CNC(=O)CCc1c[nH]c2cc(Cl)ccc12)n1cc(Cl)cn1,7gp2-a,7goy-a
CCC(CNC(=O)CCc1c(C)[nH]c2ccccc12)n1cc(Cl)cn1,7gp2-a,7goy-a
Cc1[nH]c2ccccc2c1CCC(=O)N1CCC(n2cc(Cl)cn2)C1,7gp2-a,7goy-a
Cc1nn(CCNC(=O)CCc2c(C)[nH]c3ccccc23)c(C)c1Cl,7gp2-a,7goy-a
Cc1cccc2[nH]cc(CCC(=O)NNC(=O)Cn3cc(Cl)cn3)c12,7gp2-a,7goy-a
CCC(CC(=O)NCCn1ncc(Cl)c1C)c1c[nH]c2ccccc12,7gp2-a,7goy-a
Cc1nn(CCNC(=O)CC(C)c2c[nH]c3ccccc23)c(C)c1Cl,7gp2-a,7goy-a
CC(C)C(CC(=O)N1CCn2ncc(Cl)c21)c1c[nH]c2ccccc12,7gp2-a,7goy-a
CC(CC(=O)NNC(=O)Cn1cc(Cl)cn1)c1c[nH]c2ccccc12,7gp2-a,7goy-a
CCC(CNC(=O)CC(C)c1c[nH]c2ccccc12)n1cc(Cl)cn1,7gp2-a,7goy-a
Cn1cc(CCC(=O)NNC(=O)Cn2cc(Cl)cn2)c2ccccc21,7gp2-a,7goy-a
Cc1nn(CCNC(=O)CCc2cn(C)c3ccccc23)c(C)c1Cl,7gp2-a,7goy-a
CCC(CNC(=O)CCc1cn(C)c2ccccc12)n1cc(Cl)cn1,7gp2-a,7goy-a
CCC(CNC(=O)CCc1c[nH]c2cc(C)ccc12)n1cc(Cl)cn1,7gp2-a,7goy-a
Cc1ccc2c(CCC(=O)NCCn3nc(C)c(Cl)c3C)c[nH]c2c1,7gp2-a,7goy-a
Cc1ccc2c(CCC(=O)NNC(=O)Cn3cc(Cl)cn3)c[nH]c2c1,7gp2-a,7goy-a
Cc1nn(CCNC(=O)CCc2c[nH]c3cccc(C)c23)c(C)c1Cl,7gp2-a,7goy-a
CCC(CNC(=O)CCc1c[nH]c2cccc(C)c12)n1cc(Cl)cn1,7gp2-a,7goy-a
Cc1ccc2c(CCC(=O)NNC(=O)C(C)n3cc(Cl)cn3)c[nH]c2c1,7gp2-a,7goy-a
Cc1ccc2c(CCC(=O)NNC(=O)Cn3cc(Cl)c(C)n3)c[nH]c2c1,7gp2-a,7goy-a
Cc1c(Cl)cnn1CCNC(=O)CC(c1c[nH]c2ccccc12)C(C)C,7gp2-a,7goy-a
Cc1nn(CCNC(=O)CC(c2c[nH]c3ccccc23)C(C)C)cc1Cl,7gp2-a,7goy-a
Cc1[nH]c2ccccc2c1CCC(=O)NNC(=O)C(C)n1cc(Cl)cn1,7gp2-a,7goy-a
Cc1nn(CC(=O)NNC(=O)CCc2c(C)[nH]c3ccccc23)cc1Cl,7gp2-a,7goy-a
CC(CC(=O)NNC(=O)C(C)n1cc(Cl)cn1)c1c[nH]c2ccccc12,7gp2-a,7goy-a
Cc1nn(CC(=O)NNC(=O)CC(C)c2c[nH]c3ccccc23)cc1Cl,7gp2-a,7goy-a
COc1ccc2c(CCC(=O)NNC(=O)Cn3cc(Cl)cn3)c[nH]c2c1,7gp2-a,7goy-a
CCC(CNC(=O)CCc1c[nH]c2cc(OC)ccc12)n1cc(Cl)cn1,7gp2-a,7goy-a
COCCn1cc(CCC(=O)N2CCn3ncc(Cl)c32)c2ccccc21,7gp2-a,7goy-a
Cc1[nH]c2ccccc2c1CC(F)(F)C(=O)NCCn1ncc(Cl)c1C,7gp2-a,7goy-a
Cc1nn(CCNC(=O)C(F)(F)Cc2c(C)[nH]c3ccccc23)cc1Cl,7gp2-a,7goy-a
Cc1ccc2[nH]cc(CCC(=O)NNC(=O)C(C)n3cc(Cl)cn3)c2c1,7gp2-a,7goy-a
Cc1ccc2[nH]cc(CCC(=O)NNC(=O)Cn3cc(Cl)c(C)n3)c2c1,7gp2-a,7goy-a
O=C(C1Cc2c([nH]c3ccccc23)C=N1)N1CCC(n2cc(Cl)cn2)C1,7gp2-a,7goy-a
CCC(CNC(=O)C1Cc2c([nH]c3ccccc23)C=N1)n1cc(Cl)cn1,7gp2-a,7goy-a
Cn1c2c(c3ccccc31)CC(C(=O)N1CCC(n3cc(Cl)cn3)C1)C2,7gp2-a,7goy-a
COc1ccc2c(CCC(=O)NCCn3nc(C)c(Cl)c3C)c[nH]c2c1,7gp2-a,7goy-a
Cc1cccc2c(CCC(=O)NNC(=O)C(C)n3cc(Cl)cn3)c[nH]c12,7gp2-a,7goy-a
Cc1nn(CC(=O)NNC(=O)CCc2c[nH]c3c(C)cccc23)cc1Cl,7gp2-a,7goy-a
O=C(Cn1cc(Cl)cn1)NNC(=O)C1Cc2c([nH]c3ccccc23)C=N1,7gp2-a,7goy-a
CC(C)C(CC(=O)N1CCn2ncc(Cl)c21)c1c[nH]c2ccc(Br)cc12,7gp2-a,7goy-a
Cc1nn(CCNC(=O)C2Cc3c([nH]c4ccccc34)C=N2)c(C)c1Cl,7gp2-a,7goy-a
CC(C)C(CC(=O)N1CCn2ncc(Cl)c21)c1c[nH]c2cc(Br)ccc12,7gp2-a,7goy-a
CC(C(=O)NNC(=O)CCc1c[nH]c2cc(Cl)ccc12)n1cc(Cl)cn1,7gp2-a,7goy-a
Cc1nn(CC(=O)NNC(=O)CCc2c[nH]c3cc(Cl)ccc23)cc1Cl,7gp2-a,7goy-a
CCC(CC(=O)NNC(=O)Cn1cc(Cl)cn1)c1c[nH]c2ccccc12,7gp2-a,7goy-a
CCC(CC(=O)NCC(CC)n1cc(Cl)cn1)c1c[nH]c2ccccc12,7gp2-a,7goy-a
CCC(CC(=O)NCCn1nc(C)c(Cl)c1C)c1c[nH]c2ccccc12,7gp2-a,7goy-a
CC(C(=O)NNC(=O)CCc1cn(C)c2ccccc12)n1cc(Cl)cn1,7gp2-a,7goy-a
Cc1nn(CC(=O)NNC(=O)CCc2cn(C)c3ccccc23)cc1Cl,7gp2-a,7goy-a
Cc1cccc2[nH]cc(CCC(=O)NNC(=O)C(C)n3cc(Cl)cn3)c12,7gp2-a,7goy-a
Cc1nn(CC(=O)NNC(=O)CCc2c[nH]c3cccc(C)c23)cc1Cl,7gp2-a,7goy-a
CC(=O)N1Cc2[nH]c3ccccc3c2CC1C(=O)N1CCn2ncc(Cl)c21,7gp2-a,7goy-a
CNC(=O)C(Cn1cc(Cl)cn1)NC(=O)CC(C)c1c[nH]c2ccccc12,7gp2-a,7goy-a
Cc1nn(CCNC(=O)C(Cc2c[nH]c3ccccc23)NC(N)=O)cc1Cl,7gp2-a,7goy-a
CCC(CNC(=O)CCc1c[nH]c2cc(C)ccc12)n1nc(C)c(Cl)c1Cl,7gp2-a,7goy-a
CCC(C(=O)NNC(=O)CCc1c[nH]c2cc(C)ccc12)n1cc(Cl)cn1,7gp2-a,7goy-a
Cc1nn(CC(=O)NNC(=O)CCc2cn(C)c3ccccc23)c(C)c1Cl,7gp2-a,7goy-a
CCC(CNC(=O)CCc1cn(C)c2ccccc12)n1nc(C)c(Cl)c1Cl,7gp2-a,7goy-a
CCC(C(=O)NNC(=O)CCc1c[nH]c2cccc(C)c12)n1cc(Cl)cn1,7gp2-a,7goy-a
Cc1c(Cl)cnn1CCNC(=O)CC(c1c[nH]c2c(Br)cccc12)C(C)C,7gp2-a,7goy-a
Cc1nn(CC(=O)NNC(=O)CCc2c[nH]c3cc(Cl)ccc23)c(C)c1Cl,7gp2-a,7goy-a
CCC(CNC(=O)CCc1c[nH]c2cc(Cl)ccc12)n1nc(C)c(Cl)c1Cl,7gp2-a,7goy-a
CCC(C(=O)NNC(=O)CCc1c[nH]c2cc(Cl)ccc12)n1cc(Cl)cn1,7gp2-a,7goy-a
Cc1nn(C(C)C(=O)NNC(=O)CCc2c[nH]c3cc(Cl)ccc23)cc1Cl,7gp2-a,7goy-a
O=C(CCc1c[nH]c2cc(Cl)ccc12)NCCn1cc(Cl)c(C(F)(F)F)n1,7gp2-a,7goy-a
CNC(=O)C(Cn1cc(Cl)cn1)NC(=O)CCc1c[nH]c2cc(Cl)ccc12,7gp2-a,7goy-a
CCC(CC(=O)NNC(=O)Cn1cc(Cl)c(C)n1)c1c[nH]c2ccccc12,7gp2-a,7goy-a
CCC(CC(=O)NNC(=O)C(C)n1cc(Cl)cn1)c1c[nH]c2ccccc12,7gp2-a,7goy-a
Cc1nn(CCNC(=O)CC(c2c[nH]c3c(Br)cccc23)C(C)C)cc1Cl,7gp2-a,7goy-a
Cc1nn(CCNC(=O)CC(c2c[nH]c3cc(Br)ccc23)C(C)C)cc1Cl,7gp2-a,7goy-a
Cc1c(Cl)cnn1CCNC(=O)CC(c1c[nH]c2cc(Br)ccc12)C(C)C,7gp2-a,7goy-a
CCC(CNC(=O)CCc1c[nH]c2c(C)cccc12)n1nc(C)c(Cl)c1Cl,7gp2-a,7goy-a
CCC(C(=O)NNC(=O)CCc1c[nH]c2c(C)cccc12)n1cc(Cl)cn1,7gp2-a,7goy-a
Cc1nn(C(C)C(=O)NNC(=O)CCc2c[nH]c3c(C)cccc23)cc1Cl,7gp2-a,7goy-a
Cc1cccc2c(CCC(=O)NCCn3cc(Cl)c(C(F)(F)F)n3)c[nH]c12,7gp2-a,7goy-a
CNC(=O)C(Cn1cc(Cl)cn1)NC(=O)CCc1c[nH]c2c(C)cccc12,7gp2-a,7goy-a
Cc1nn(CCNC(=O)CC(c2c[nH]c3ccc(Br)cc23)C(C)C)cc1Cl,7gp2-a,7goy-a
Cc1c(Cl)cnn1CCNC(=O)CC(c1c[nH]c2ccc(Br)cc12)C(C)C,7gp2-a,7goy-a
CC(=O)NC(Cc1c[nH]c2ccccc12)C(=O)NCCn1cc(Cl)c(C)n1,7gp2-a,7goy-a
CC(=O)NC(Cc1c[nH]c2ccccc12)C(=O)N1CC(n2cc(Cl)cn2)C1,7gp2-a,7goy-a
CC(=O)NC(Cc1c[nH]c2ccccc12)C(=O)NCCn1ncc(Cl)c1C,7gp2-a,7goy-a
Cc1nn(CC(=O)NNC(=O)C2Cc3c([nH]c4ccccc34)C=N2)cc1Cl,7gp2-a,7goy-a
CC(C(=O)NNC(=O)C1Cc2c([nH]c3ccccc23)C=N1)n1cc(Cl)cn1,7gp2-a,7goy-a
Cc1nn(CC(=O)NNC(=O)CCc2c[nH]c3c(C)cccc23)c(C)c1Cl,7gp2-a,7goy-a
CCC(CNC(=O)C(F)(F)Cc1c(C)[nH]c2ccccc12)n1cc(Cl)cn1,7gp2-a,7goy-a
Cc1[nH]c2ccccc2c1CC(F)(F)C(=O)N1CCC(n2cc(Cl)cn2)C1,7gp2-a,7goy-a
CC(C(=O)NNC(=O)C1Cc2c(n(C)c3ccccc23)C1)n1cc(Cl)cn1,7gp2-a,7goy-a
COc1ccc2c(CCC(=O)NNC(=O)Cn3cc(Cl)c(C)n3)c[nH]c2c1,7gp2-a,7goy-a
COc1ccc2c(CCC(=O)NNC(=O)C(C)n3cc(Cl)cn3)c[nH]c2c1,7gp2-a,7goy-a
Cc1ccc2[nH]cc(CCC(=O)NNC(=O)Cn3nc(C)c(Cl)c3C)c2c1,7gp2-a,7goy-a
CCC(CNC(=O)CCc1c[nH]c2ccc(C)cc12)n1nc(C)c(Cl)c1Cl,7gp2-a,7goy-a
CCC(C(=O)NNC(=O)CCc1c[nH]c2ccc(C)cc12)n1cc(Cl)cn1,7gp2-a,7goy-a
Cc1ccc2[nH]cc(CCC(=O)NNC(=O)C(C)n3cc(Cl)c(C)n3)c2c1,7gp2-a,7goy-a
Cc1ccc2[nH]cc(CCC(=O)NCCn3cc(Cl)c(C(F)(F)F)n3)c2c1,7gp2-a,7goy-a
CNC(=O)C(Cn1cc(Cl)cn1)NC(=O)CCc1c[nH]c2ccc(C)cc12,7gp2-a,7goy-a
Cc1nn(CCNC(=O)C(F)(F)Cc2c(C)[nH]c3ccccc23)c(C)c1Cl,7gp2-a,7goy-a
Cc1nn(CCNC(=O)CC(c2c[nH]c3ccccc23)C(C)C)c(C)c1Cl,7gp2-a,7goy-a
COCCn1cc(CCC(=O)NCCn2cc(Cl)c(C)n2)c2ccccc21,7gp2-a,7goy-a
COCCn1cc(CCC(=O)NCCn2ncc(Cl)c2C)c2ccccc21,7gp2-a,7goy-a
CC(=O)NC(Cc1c[nH]c2ccccc12)C(=O)N1CCn2ncc(Cl)c2C1,7gp2-a,7goy-a
Cc1nn(CC(=O)NNC(=O)CC(C)c2c[nH]c3ccccc23)c(C)c1Cl,7gp2-a,7goy-a
CCC(CNC(=O)CC(C)c1c[nH]c2ccccc12)n1nc(C)c(Cl)c1Cl,7gp2-a,7goy-a
CCC(C(=O)NNC(=O)CC(C)c1c[nH]c2ccccc12)n1cc(Cl)cn1,7gp2-a,7goy-a
Cc1nn(C(C)C(=O)NNC(=O)CCc2c[nH]c3cccc(C)c23)cc1Cl,7gp2-a,7goy-a
Cc1cccc2[nH]cc(CCC(=O)NCCn3cc(Cl)c(C(F)(F)F)n3)c12,7gp2-a,7goy-a
CNC(=O)C(Cn1cc(Cl)cn1)NC(=O)CCc1c[nH]c2cccc(C)c12,7gp2-a,7goy-a
Cc1nn(CC(=O)NNC(=O)CCc2c(C)[nH]c3ccccc23)c(C)c1Cl,7gp2-a,7goy-a
CCC(CNC(=O)CCc1c(C)[nH]c2ccccc12)n1nc(C)c(Cl)c1Cl,7gp2-a,7goy-a
CCC(C(=O)NNC(=O)CCc1c(C)[nH]c2ccccc12)n1cc(Cl)cn1,7gp2-a,7goy-a
Cc1nn(C(C)C(=O)NNC(=O)CCc2c(C)[nH]c3ccccc23)cc1Cl,7gp2-a,7goy-a
Cc1[nH]c2ccccc2c1CCC(=O)NCCn1cc(Cl)c(C(F)(F)F)n1,7gp2-a,7goy-a
CNC(=O)C(Cn1cc(Cl)cn1)NC(=O)CCc1c(C)[nH]c2ccccc12,7gp2-a,7goy-a
NC(=O)NC(Cc1c[nH]c2ccccc12)C(=O)N1CC(n2cc(Cl)cn2)C1,7gp2-a,7goy-a
Cc1c(Cl)cnn1CCNC(=O)C(Cc1c[nH]c2ccccc12)NC(N)=O,7gp2-a,7goy-a
NC(=O)NC(Cc1c[nH]c2ccccc12)C(=O)N1CCn2ncc(Cl)c2C1,7gp2-a,7goy-a
CCC(CNC(=O)CC(c1c[nH]c2ccccc12)C(C)C)n1cc(Cl)cn1,7gp2-a,7goy-a
CC(C)C(CC(=O)N1CCC(n2cc(Cl)cn2)C1)c1c[nH]c2ccccc12,7gp2-a,7goy-a
CC(C)C(CC(=O)NNC(=O)Cn1cc(Cl)cn1)c1c[nH]c2ccccc12,7gp2-a,7goy-a
Cc1nn(C(C)C(=O)NNC(=O)CC(C)c2c[nH]c3ccccc23)cc1Cl,7gp2-a,7goy-a
CC(CC(=O)NCCn1cc(Cl)c(C(F)(F)F)n1)c1c[nH]c2ccccc12,7gp2-a,7goy-a
CCC(CNC(=O)CCc1c[nH]c2cccc(C)c12)n1nc(C)c(Cl)c1Cl,7gp2-a,7goy-a
Cc1nn(CC(=O)NNC(=O)CCc2c[nH]c3cccc(C)c23)c(C)c1Cl,7gp2-a,7goy-a
CCC(C(=O)NNC(=O)CCc1cn(C)c2ccccc12)n1cc(Cl)cn1,7gp2-a,7goy-a
CNC(=O)C(Cn1cc(Cl)cn1)NC(=O)CCc1c[nH]c2cc(C)ccc12,7gp2-a,7goy-a
Cc1ccc2c(CCC(=O)NCCn3cc(Cl)c(C(F)(F)F)n3)c[nH]c2c1,7gp2-a,7goy-a
Cc1ccc2c(CCC(=O)NNC(=O)C(C)n3cc(Cl)c(C)n3)c[nH]c2c1,7gp2-a,7goy-a
CNC(=O)C(Cn1cc(Cl)cn1)NC(=O)CCc1cn(C)c2ccccc12,7gp2-a,7goy-a
Cc1nn(C(C)C(=O)NNC(=O)CCc2cn(C)c3ccccc23)cc1Cl,7gp2-a,7goy-a
Cc1ccc2c(CCC(=O)NNC(=O)Cn3nc(C)c(Cl)c3C)c[nH]c2c1,7gp2-a,7goy-a
Cn1cc(CCC(=O)NCCn2cc(Cl)c(C(F)(F)F)n2)c2ccccc21,7gp2-a,7goy-a
Cc1ccc2c(CCC(=O)NCC(C(C)C)n3nc(C)c(Cl)c3C)c[nH]c2c1,7gp2-a,7goy-a
Cc1ccc2c(CCC(=O)NNC(=O)C(C)n3nc(C)c(Cl)c3C)c[nH]c2c1,7gp2-a,7goy-a
Cc1ccc2c(CCC(=O)NNC(=O)Cn3cc(Cl)c([N+](=O)[O-])n3)c[nH]c2c1,7gp2-a,7goy-a
Cc1nn(C(CNC(=O)CCc2c(C)[nH]c3ccccc23)C(C)C)c(C)c1Cl,7gp2-a,7goy-a
Cc1nn(C(CNC(=O)CCc2c[nH]c3cccc(C)c23)C(C)C)c(C)c1Cl,7gp2-a,7goy-a
Cc1nn(C(C)C(=O)NNC(=O)CCc2c[nH]c3cccc(C)c23)c(C)c1Cl,7gp2-a,7goy-a
Cc1cccc2[nH]cc(CCC(=O)NNC(=O)Cn3cc(Cl)c([N+](=O)[O-])n3)c12,7gp2-a,7goy-a
Cc1nn(C(CNC(=O)CCc2cn(C)c3ccccc23)C(C)C)c(C)c1Cl,7gp2-a,7goy-a
Cc1nn(C(C)C(=O)NNC(=O)CCc2cn(C)c3ccccc23)c(C)c1Cl,7gp2-a,7goy-a
Cn1cc(CCC(=O)NNC(=O)Cn2cc(Cl)c([N+](=O)[O-])n2)c2ccccc21,7gp2-a,7goy-a
O=C(CCl)NC(Cc1c[nH]c2ccccc12)C(=O)N1CC(n2cc(Cl)cn2)C1,7gp2-a,7goy-a
Cc1c(Cl)cnn1CCNC(=O)C(Cc1c[nH]c2ccccc12)NC(=O)CCl,7gp2-a,7goy-a
O=C(CCl)NC(Cc1c[nH]c2ccccc12)C(=O)N1CCn2ncc(Cl)c2C1,7gp2-a,7goy-a
Cc1nn(C(CNC(=O)CCc2c[nH]c3c(C)cccc23)C(C)C)c(C)c1Cl,7gp2-a,7goy-a
Cc1ccc2[nH]cc(CCC(=O)NCC(C(C)C)n3nc(C)c(Cl)c3C)c2c1,7gp2-a,7goy-a
Cc1ccc2[nH]cc(CCC(=O)NNC(=O)C(C)n3nc(C)c(Cl)c3C)c2c1,7gp2-a,7goy-a
Cc1ccc2[nH]cc(CCC(=O)NNC(=O)Cn3cc(Cl)c([N+](=O)[O-])n3)c2c1,7gp2-a,7goy-a
CC(=O)N1Cc2[nH]c3ccccc3c2CC1C(=O)NCCn1cc(Cl)c(C)n1,7gp2-a,7goy-a
CC(=O)N1Cc2[nH]c3ccccc3c2CC1C(=O)N1CC(n2cc(Cl)cn2)C1,7gp2-a,7goy-a
CC(=O)N1Cc2[nH]c3ccccc3c2CC1C(=O)NCCn1ncc(Cl)c1C,7gp2-a,7goy-a
Cc1nn(C(CNC(=O)CCc2c[nH]c3cc(Cl)ccc23)C(C)C)c(C)c1Cl,7gp2-a,7goy-a
CC(=O)N1Cc2[nH]c3ccccc3c2CC1C(=O)N1CCn2ncc(Cl)c2C1,7gp2-a,7goy-a
Cc1nn(CCNC(=O)C(Cc2c[nH]c3ccccc23)NC(=O)CCl)cc1Cl,7gp2-a,7goy-a
Cc1nn(C(C)C(=O)NNC(=O)CCc2c[nH]c3cc(Cl)ccc23)c(C)c1Cl,7gp2-a,7goy-a
O=C(CCc1c[nH]c2cc(Cl)ccc12)NNC(=O)Cn1cc(Cl)c([N+](=O)[O-])n1,7gp2-a,7goy-a
Cc1nn(C(C)C(=O)NNC(=O)CCc2c[nH]c3c(C)cccc23)c(C)c1Cl,7gp2-a,7goy-a
Cc1cccc2c(CCC(=O)NNC(=O)Cn3cc(Cl)c([N+](=O)[O-])n3)c[nH]c12,7gp2-a,7goy-a
Cc1nn(CC(=O)NNC(=O)C2Cc3c(n(C)c4ccccc34)C2)c(C)c1Cl,7gp2-a,7goy-a
COc1ccc2c(CCC(=O)NNC(=O)Cn3nc(C)c(Cl)c3C)c[nH]c2c1,7gp2-a,7goy-a
CCC(CNC(=O)CCc1c[nH]c2cc(OC)ccc12)n1nc(C)c(Cl)c1Cl,7gp2-a,7goy-a
CCC(C(=O)NNC(=O)CCc1c[nH]c2cc(OC)ccc12)n1cc(Cl)cn1,7gp2-a,7goy-a
COc1ccc2c(CCC(=O)NNC(=O)C(C)n3cc(Cl)c(C)n3)c[nH]c2c1,7gp2-a,7goy-a
COc1ccc2c(CCC(=O)NCCn3cc(Cl)c(C(F)(F)F)n3)c[nH]c2c1,7gp2-a,7goy-a
CNC(=O)C(Cn1cc(Cl)cn1)NC(=O)CCc1c[nH]c2cc(OC)ccc12,7gp2-a,7goy-a
CC(=O)NC(Cc1c[nH]c2c(C)cccc12)C(=O)NCCn1cc(Cl)c(C)n1,7gp2-a,7goy-a
CC(=O)NC(Cc1c[nH]c2cc(F)ccc12)C(=O)NCCn1cc(Cl)c(C)n1,7gp2-a,7goy-a
CC(=O)NC(Cc1c[nH]c2cc(F)ccc12)C(=O)N1CC(n2cc(Cl)cn2)C1,7gp2-a,7goy-a
CC(=O)NC(Cc1c[nH]c2cc(F)ccc12)C(=O)NCCn1ncc(Cl)c1C,7gp2-a,7goy-a
CC(=O)NC(Cc1c[nH]c2ccccc12)C(=O)NCCn1nc(C)c(Cl)c1C,7gp2-a,7goy-a
CCC(CNC(=O)C(Cc1c[nH]c2ccccc12)NC(C)=O)n1cc(Cl)cn1,7gp2-a,7goy-a
CC(=O)NC(Cc1c[nH]c2ccccc12)C(=O)N1CCC(n2cc(Cl)cn2)C1,7gp2-a,7goy-a
Cc1nn(C(CNC(=O)CC(C)c2c[nH]c3ccccc23)C(C)C)c(C)c1Cl,7gp2-a,7goy-a
CC(=O)NC(Cc1c[nH]c2cc(F)ccc12)C(=O)N1CCn2ncc(Cl)c2C1,7gp2-a,7goy-a
Cc1nn(CCNC(=O)CC(c2c[nH]c3ccc(Br)cc23)C(C)C)c(C)c1Cl,7gp2-a,7goy-a
CCC(CNC(=O)CC(c1c[nH]c2ccc(Br)cc12)C(C)C)n1cc(Cl)cn1,7gp2-a,7goy-a
CC(C)C(CC(=O)N1CCC(n2cc(Cl)cn2)C1)c1c[nH]c2ccc(Br)cc12,7gp2-a,7goy-a
CC(C)C(CC(=O)NNC(=O)Cn1cc(Cl)cn1)c1c[nH]c2ccc(Br)cc12,7gp2-a,7goy-a
Cc1nn(CC(=O)NNC(=O)C2Cc3c([nH]c4ccccc34)C=N2)c(C)c1Cl,7gp2-a,7goy-a
CCC(CNC(=O)C1Cc2c([nH]c3ccccc23)C=N1)n1nc(C)c(Cl)c1Cl,7gp2-a,7goy-a
CCC(C(=O)NNC(=O)C1Cc2c([nH]c3ccccc23)C=N1)n1cc(Cl)cn1,7gp2-a,7goy-a
Cc1nn(C(C)C(=O)NNC(=O)C2Cc3c([nH]c4ccccc34)C=N2)cc1Cl,7gp2-a,7goy-a
O=C(NCCn1cc(Cl)c(C(F)(F)F)n1)C1Cc2c([nH]c3ccccc23)C=N1,7gp2-a,7goy-a
CNC(=O)C(Cn1cc(Cl)cn1)NC(=O)C1Cc2c([nH]c3ccccc23)C=N1,7gp2-a,7goy-a
CCC(CNC(=O)C1Cc2c(n(C)c3ccccc23)C1)n1nc(C)c(Cl)c1Cl,7gp2-a,7goy-a
CCC(C(=O)NNC(=O)C1Cc2c(n(C)c3ccccc23)C1)n1cc(Cl)cn1,7gp2-a,7goy-a
CNC(=O)C(Cn1cc(Cl)cn1)NC(=O)C1Cc2c(n(C)c3ccccc23)C1,7gp2-a,7goy-a
CC(=O)NC(Cc1c[nH]c2c(C)cccc12)C(=O)N1CC(n2cc(Cl)cn2)C1,7gp2-a,7goy-a
CC(=O)NC(Cc1c[nH]c2c(C)cccc12)C(=O)NCCn1ncc(Cl)c1C,7gp2-a,7goy-a
CC(=O)NC(Cc1c[nH]c2c(C)cccc12)C(=O)N1CCn2ncc(Cl)c2C1,7gp2-a,7goy-a
Cc1nn(CCNC(=O)C(Cc2c[nH]c3ccccc23)NC(N)=O)c(C)c1Cl,7gp2-a,7goy-a
CCC(CNC(=O)C(Cc1c[nH]c2ccccc12)NC(N)=O)n1cc(Cl)cn1,7gp2-a,7goy-a
NC(=O)NC(Cc1c[nH]c2ccccc12)C(=O)N1CCC(n2cc(Cl)cn2)C1,7gp2-a,7goy-a
Cc1nn(C(C)C(=O)NNC(=O)CC(C)c2c[nH]c3ccccc23)c(C)c1Cl,7gp2-a,7goy-a
CC(CC(=O)NNC(=O)Cn1cc(Cl)c([N+](=O)[O-])n1)c1c[nH]c2ccccc12,7gp2-a,7goy-a
CC(=O)NC(Cc1c[nH]c2ccccc12)C(=O)NNC(=O)Cn1cc(Cl)cn1,7gp2-a,7goy-a
Cc1nn(CCNC(=O)CC(c2c[nH]c3cc(Br)ccc23)C(C)C)c(C)c1Cl,7gp2-a,7goy-a
CCC(CNC(=O)CC(c1c[nH]c2cc(Br)ccc12)C(C)C)n1cc(Cl)cn1,7gp2-a,7goy-a
CC(C)C(CC(=O)N1CCC(n2cc(Cl)cn2)C1)c1c[nH]c2cc(Br)ccc12,7gp2-a,7goy-a
CC(C)C(CC(=O)NNC(=O)Cn1cc(Cl)cn1)c1c[nH]c2cc(Br)ccc12,7gp2-a,7goy-a
NC(=O)NC(Cc1c[nH]c2ccccc12)C(=O)NNC(=O)Cn1cc(Cl)cn1,7gp2-a,7goy-a
Cc1nn(CC(=O)NNC(=O)CC(c2c[nH]c3ccccc23)C(C)C)cc1Cl,7gp2-a,7goy-a
CC(C)C(CC(=O)NNC(=O)C(C)n1cc(Cl)cn1)c1c[nH]c2ccccc12,7gp2-a,7goy-a
Cc1nn(CC(=O)NNC(=O)C(F)(F)Cc2c(C)[nH]c3ccccc23)cc1Cl,7gp2-a,7goy-a
Cc1[nH]c2ccccc2c1CC(F)(F)C(=O)NNC(=O)C(C)n1cc(Cl)cn1,7gp2-a,7goy-a
Cc1nn(CCNC(=O)CC(c2c[nH]c3c(Br)cccc23)C(C)C)c(C)c1Cl,7gp2-a,7goy-a
CCC(CNC(=O)CC(c1c[nH]c2c(Br)cccc12)C(C)C)n1cc(Cl)cn1,7gp2-a,7goy-a
CC(C)C(CC(=O)N1CCC(n2cc(Cl)cn2)C1)c1c[nH]c2c(Br)cccc12,7gp2-a,7goy-a
CC(C)C(CC(=O)NNC(=O)Cn1cc(Cl)cn1)c1c[nH]c2c(Br)cccc12,7gp2-a,7goy-a
CCC(CC(=O)NNC(=O)Cn1nc(C)c(Cl)c1C)c1c[nH]c2ccccc12,7gp2-a,7goy-a
CCC(CC(=O)NCC(CC)n1nc(C)c(Cl)c1Cl)c1c[nH]c2ccccc12,7gp2-a,7goy-a
CCC(CC(=O)NNC(=O)C(CC)n1cc(Cl)cn1)c1c[nH]c2ccccc12,7gp2-a,7goy-a
CCC(CC(=O)NNC(=O)C(C)n1cc(Cl)c(C)n1)c1c[nH]c2ccccc12,7gp2-a,7goy-a
CCC(CC(=O)NCCn1cc(Cl)c(C(F)(F)F)n1)c1c[nH]c2ccccc12,7gp2-a,7goy-a
CCC(CC(=O)NC(Cn1cc(Cl)cn1)C(=O)NC)c1c[nH]c2ccccc12,7gp2-a,7goy-a
Cc1c(Cl)cnn1CCNC(=O)CC(O)(c1c[nH]c2ccccc12)C(F)(F)F,7gp2-a,7goy-a
COCCn1cc(CCC(=O)NCCn2nc(C)c(Cl)c2C)c2ccccc21,7gp2-a,7goy-a
CCC(CNC(=O)CCc1cn(CCOC)c2ccccc12)n1cc(Cl)cn1,7gp2-a,7goy-a
COCCn1cc(CCC(=O)N2CCC(n3cc(Cl)cn3)C2)c2ccccc21,7gp2-a,7goy-a
COCCn1cc(CCC(=O)NNC(=O)Cn2cc(Cl)cn2)c2ccccc21,7gp2-a,7goy-a
Cc1nn(CCNC(=O)CC(O)(c2c[nH]c3ccccc23)C(F)(F)F)cc1Cl,7gp2-a,7goy-a
Cc1nn(C(C)C(=O)NNC(=O)CCc2c(C)[nH]c3ccccc23)c(C)c1Cl,7gp2-a,7goy-a
Cc1[nH]c2ccccc2c1CCC(=O)NNC(=O)Cn1cc(Cl)c([N+](=O)[O-])n1,7gp2-a,7goy-a
CC(=O)NC(Cc1c[nH]c2ccc(Br)cc12)C(=O)NCCn1cc(Cl)c(C)n1,7gp2-a,7goy-a
CC(=O)NC(Cc1c[nH]c2ccc(Br)cc12)C(=O)N1CC(n2cc(Cl)cn2)C1,7gp2-a,7goy-a
CC(=O)NC(Cc1c[nH]c2ccc(Br)cc12)C(=O)NCCn1ncc(Cl)c1C,7gp2-a,7goy-a
CC(=O)NC(Cc1c[nH]c2ccc(Br)cc12)C(=O)N1CCn2ncc(Cl)c2C1,7gp2-a,7goy-a
CC(=O)NC(Cc1c[nH]c2ccc(Br)cc12)C(=O)NCCn1nc(C)c(Cl)c1C,7gp2-a,7goy-a
CC(=O)NC(Cc1c[nH]c2ccc(Br)cc12)C(=O)NNC(=O)Cn1cc(Cl)cn1,7gp2-a,7goy-a
CC(=O)NC(Cc1c[nH]c2ccc(Br)cc12)C(=O)N1CCC(n2cc(Cl)cn2)C1,7gp2-a,7goy-a
CCC(CNC(=O)C(Cc1c[nH]c2ccc(Br)cc12)NC(C)=O)n1cc(Cl)cn1,7gp2-a,7goy-a
Cc1ccc(C)n1C(Cc1c[nH]c2ccccc12)C(=O)N1CCn2ncc(Cl)c21,7gp2-a,7goy-a
CCC(C(=O)NNC(=O)CCc1c(C)[nH]c2ccccc12)n1nc(C)c(Cl)c1C,7gp2-a,7goy-a
O=C(Cn1cc(Cl)cn1)NNC(=O)CC(O)(c1c[nH]c2ccccc12)C(F)(F)F,7gp2-a,7goy-a
COCCn1cc(CCC(=O)NNC(=O)C(C)n2cc(Cl)cn2)c2ccccc21,7gp2-a,7goy-a
COCCn1cc(CCC(=O)NNC(=O)Cn2cc(Cl)c(C)n2)c2ccccc21,7gp2-a,7goy-a
CCC(CNC(=O)CC(O)(c1c[nH]c2ccccc12)C(F)(F)F)n1cc(Cl)cn1,7gp2-a,7goy-a
Cc1nn(CCNC(=O)CC(O)(c2c[nH]c3ccccc23)C(F)(F)F)c(C)c1Cl,7gp2-a,7goy-a
CCC(CC(=O)NNC(=O)Cn1cc(Cl)c([N+](=O)[O-])n1)c1c[nH]c2ccccc12,7gp2-a,7goy-a
CCC(CC(=O)NNC(=O)C(C)n1nc(C)c(Cl)c1C)c1c[nH]c2ccccc12,7gp2-a,7goy-a
CCC(CC(=O)NCC(C(C)C)n1nc(C)c(Cl)c1C)c1c[nH]c2ccccc12,7gp2-a,7goy-a
Cc1nn(CC(=O)NNC(=O)CC(c2c[nH]c3c(Br)cccc23)C(C)C)cc1Cl,7gp2-a,7goy-a
CCC(CNC(=O)C(F)(F)Cc1c(C)[nH]c2ccccc12)n1nc(C)c(Cl)c1Cl,7gp2-a,7goy-a
Cc1nn(CC(=O)NNC(=O)C(F)(F)Cc2c(C)[nH]c3ccccc23)c(C)c1Cl,7gp2-a,7goy-a
CC(C(=O)NNC(=O)C(Cc1c[nH]c2ccccc12)NC(N)=O)n1cc(Cl)cn1,7gp2-a,7goy-a
Cc1nn(CC(=O)NNC(=O)C(Cc2c[nH]c3ccccc23)NC(N)=O)cc1Cl,7gp2-a,7goy-a
CNC(=O)C(Cn1cc(Cl)cn1)NC(=O)C(F)(F)Cc1c(C)[nH]c2ccccc12,7gp2-a,7goy-a
Cc1[nH]c2ccccc2c1CC(F)(F)C(=O)NCCn1cc(Cl)c(C(F)(F)F)n1,7gp2-a,7goy-a
Cc1nn(C(C)C(=O)NNC(=O)C(F)(F)Cc2c(C)[nH]c3ccccc23)cc1Cl,7gp2-a,7goy-a
CCC(C(=O)NNC(=O)C(F)(F)Cc1c(C)[nH]c2ccccc12)n1cc(Cl)cn1,7gp2-a,7goy-a
Cc1c(Cl)cnn1CCNC(=O)CCc1c(-c2ccccc2)[nH]c2ccccc12,7gp2-a,7goy-a
Cc1nn(CCNC(=O)CCc2c(-c3ccccc3)[nH]c3ccccc23)cc1Cl,7gp2-a,7goy-a
CC(C)C(CC(=O)NNC(=O)C(C)n1cc(Cl)cn1)c1c[nH]c2c(Br)cccc12,7gp2-a,7goy-a
Cc1nn(CC(=O)NNC(=O)CC(c2c[nH]c3cc(Br)ccc23)C(C)C)cc1Cl,7gp2-a,7goy-a
CC(C)C(CC(=O)NNC(=O)C(C)n1cc(Cl)cn1)c1c[nH]c2cc(Br)ccc12,7gp2-a,7goy-a
CC(=O)NC(Cc1c[nH]c2c(C)cccc12)C(=O)NNC(=O)Cn1cc(Cl)cn1,7gp2-a,7goy-a
CC(=O)NC(Cc1c[nH]c2c(C)cccc12)C(=O)N1CCC(n2cc(Cl)cn2)C1,7gp2-a,7goy-a
O=C(NC(Cc1c[nH]c2ccccc12)C(=O)N1CC(n2cc(Cl)cn2)C1)C1CC1,7gp2-a,7goy-a
Cc1nn(CCNC(=O)C(Cc2c[nH]c3ccccc23)NC(=O)C2CC2)cc1Cl,7gp2-a,7goy-a
CCC(C(=O)NNC(=O)CC(C)c1c[nH]c2ccccc12)n1nc(C)c(Cl)c1C,7gp2-a,7goy-a
CCC(CNC(=O)C(Cc1c[nH]c2c(C)cccc12)NC(C)=O)n1cc(Cl)cn1,7gp2-a,7goy-a
CC(=O)NC(Cc1c[nH]c2c(C)cccc12)C(=O)NCCn1nc(C)c(Cl)c1C,7gp2-a,7goy-a
CC(=O)NC(Cc1c[nH]c2cc(F)ccc12)C(=O)N1CCC(n2cc(Cl)cn2)C1,7gp2-a,7goy-a
O=C(Cn1cc(Cl)c([N+](=O)[O-])n1)NNC(=O)C1Cc2c([nH]c3ccccc23)C=N1,7gp2-a,7goy-a
Cc1nn(C(C)C(=O)NNC(=O)C2Cc3c([nH]c4ccccc34)C=N2)c(C)c1Cl,7gp2-a,7goy-a
Cc1ccc2[nH]c(-c3cccs3)c(CCC(=O)NCCn3ncc(Cl)c3C)c2c1,7gp2-a,7goy-a
CNC(=O)C(Cn1cc(Cl)cn1)NC(=O)CC(c1c[nH]c2ccccc12)C(C)C,7gp2-a,7goy-a
CC(C)C(CC(=O)NCCn1cc(Cl)c(C(F)(F)F)n1)c1c[nH]c2ccccc12,7gp2-a,7goy-a
Cc1nn(C(C)C(=O)NNC(=O)CC(c2c[nH]c3ccccc23)C(C)C)cc1Cl,7gp2-a,7goy-a
CCC(C(=O)NNC(=O)CC(c1c[nH]c2ccccc12)C(C)C)n1cc(Cl)cn1,7gp2-a,7goy-a
CCC(CNC(=O)CC(c1c[nH]c2ccccc12)C(C)C)n1nc(C)c(Cl)c1Cl,7gp2-a,7goy-a
Cc1nn(CC(=O)NNC(=O)CC(c2c[nH]c3ccccc23)C(C)C)c(C)c1Cl,7gp2-a,7goy-a
CC(=O)NC(Cc1c[nH]c2ccccc12)C(=O)NNC(=O)C(C)n1cc(Cl)cn1,7gp2-a,7goy-a
CC(=O)NC(Cc1c[nH]c2ccccc12)C(=O)NNC(=O)Cn1cc(Cl)c(C)n1,7gp2-a,7goy-a
Cc1nn(C(CNC(=O)C2Cc3c([nH]c4ccccc34)C=N2)C(C)C)c(C)c1Cl,7gp2-a,7goy-a
Cc1nn(CC(=O)NNC(=O)CC(c2c[nH]c3ccc(Br)cc23)C(C)C)cc1Cl,7gp2-a,7goy-a
CCC(CNC(=O)C(Cc1c[nH]c2cc(F)ccc12)NC(C)=O)n1cc(Cl)cn1,7gp2-a,7goy-a
CC(=O)NC(Cc1c[nH]c2cc(F)ccc12)C(=O)NCCn1nc(C)c(Cl)c1C,7gp2-a,7goy-a
O=C(NC(Cc1c[nH]c2ccccc12)C(=O)N1CCn2ncc(Cl)c2C1)C1CC1,7gp2-a,7goy-a
Cc1c(Cl)cnn1CCNC(=O)C(Cc1c[nH]c2ccccc12)NC(=O)C1CC1,7gp2-a,7goy-a
CC(=O)NC(Cc1c[nH]c2cc(F)ccc12)C(=O)NNC(=O)Cn1cc(Cl)cn1,7gp2-a,7goy-a
COc1ccc2c(CCC(=O)NNC(=O)Cn3cc(Cl)c([N+](=O)[O-])n3)c[nH]c2c1,7gp2-a,7goy-a
COc1ccc2c(CCC(=O)NNC(=O)C(C)n3nc(C)c(Cl)c3C)c[nH]c2c1,7gp2-a,7goy-a
COc1ccc2c(CCC(=O)NCC(C(C)C)n3nc(C)c(Cl)c3C)c[nH]c2c1,7gp2-a,7goy-a
CC(C)C(CC(=O)NNC(=O)C(C)n1cc(Cl)cn1)c1c[nH]c2ccc(Br)cc12,7gp2-a,7goy-a
Cc1c(Cl)cnn1CCNC(=O)C(Cc1c[nH]c2ccccc12)NC(=O)C(C)C,7gp2-a,7goy-a
CC(C)C(=O)NC(Cc1c[nH]c2ccccc12)C(=O)N1CC(n2cc(Cl)cn2)C1,7gp2-a,7goy-a
Cc1nn(CCNC(=O)C(Cc2c[nH]c3ccccc23)NC(=O)C(C)C)cc1Cl,7gp2-a,7goy-a
CCC(C(=O)NNC(=O)CCc1c[nH]c2c(C)cccc12)n1nc(C)c(Cl)c1C,7gp2-a,7goy-a
Cc1ccc2[nH]c(-c3cccs3)c(CCC(=O)NCCn3cc(Cl)c(C)n3)c2c1,7gp2-a,7goy-a
CCC(C(=O)NNC(=O)CCc1c[nH]c2cc(Cl)ccc12)n1nc(C)c(Cl)c1C,7gp2-a,7goy-a
CC(=O)N1Cc2[nH]c3ccccc3c2CC1C(=O)NNC(=O)Cn1cc(Cl)cn1,7gp2-a,7goy-a
CC(=O)N1Cc2[nH]c3ccccc3c2CC1C(=O)N1CCC(n2cc(Cl)cn2)C1,7gp2-a,7goy-a
CCC(CNC(=O)C1Cc2c([nH]c3ccccc23)CN1C(C)=O)n1cc(Cl)cn1,7gp2-a,7goy-a
CC(=O)N1Cc2[nH]c3ccccc3c2CC1C(=O)NCCn1nc(C)c(Cl)c1C,7gp2-a,7goy-a
CC(O)C(=O)NC(Cc1c[nH]c2ccccc12)C(=O)N1CC(n2cc(Cl)cn2)C1,7gp2-a,7goy-a
Cc1nn(CCNC(=O)C(Cc2c[nH]c3ccccc23)NC(=O)C(C)O)cc1Cl,7gp2-a,7goy-a
CC(O)C(=O)NC(Cc1c[nH]c2ccccc12)C(=O)N1CCn2ncc(Cl)c2C1,7gp2-a,7goy-a
CC(C)C(=O)NC(Cc1c[nH]c2ccccc12)C(=O)N1CCn2ncc(Cl)c2C1,7gp2-a,7goy-a
CCC(C(=O)NNC(=O)CCc1c[nH]c2ccc(C)cc12)n1nc(C)c(Cl)c1C,7gp2-a,7goy-a
Cc1c(Cl)cnn1CCNC(=O)C(Cc1c[nH]c2ccccc12)NC(=O)C(C)O,7gp2-a,7goy-a
O=C(Cn1cc(Cl)cn1)NNC(=O)C(Cc1c[nH]c2ccccc12)NC(=O)CCl,7gp2-a,7goy-a
O=C(CCl)NC(Cc1c[nH]c2ccccc12)C(=O)N1CCC(n2cc(Cl)cn2)C1,7gp2-a,7goy-a
CCC(CNC(=O)C(Cc1c[nH]c2ccccc12)NC(=O)CCl)n1cc(Cl)cn1,7gp2-a,7goy-a
Cc1nn(CCNC(=O)C(Cc2c[nH]c3ccccc23)NC(=O)CCl)c(C)c1Cl,7gp2-a,7goy-a
CCC(C(=O)NNC(=O)CCc1c[nH]c2cccc(C)c12)n1nc(C)c(Cl)c1C,7gp2-a,7goy-a
CCC(C(=O)NNC(=O)CCc1c[nH]c2cc(C)ccc12)n1nc(C)c(Cl)c1C,7gp2-a,7goy-a
CCC(C(=O)NNC(=O)CCc1cn(C)c2ccccc12)n1nc(C)c(Cl)c1C,7gp2-a,7goy-a
Cc1nn(CCNC(=O)CCc2c(-c3ccc(F)cc3)[nH]c3ccccc23)cc1Cl,7gp2-a,7goy-a
Cc1c(Cl)cnn1CCNC(=O)CCc1c(-c2ccccc2)[nH]c2ccc(Br)cc12,7gp2-a,7goy-a
Cc1nn(CCNC(=O)CCc2c(-c3ccccc3)[nH]c3ccc(Br)cc23)cc1Cl,7gp2-a,7goy-a
Cc1c(Cl)cnn1CCNC(=O)CCc1c(-c2ccccc2)[nH]c2c(Br)cccc12,7gp2-a,7goy-a
Cc1nn(CCNC(=O)CCc2c(-c3ccccc3)[nH]c3c(Br)cccc23)cc1Cl,7gp2-a,7goy-a
CN(C)S(=O)(=O)NC(Cc1c[nH]c2ccccc12)C(=O)N1CCn2ncc(Cl)c2C1,7gp2-a,7goy-a
Cc1c(Cl)cnn1CCNC(=O)C(Cc1c[nH]c2ccccc12)NS(=O)(=O)N(C)C,7gp2-a,7goy-a
CN(C)S(=O)(=O)NC(Cc1c[nH]c2ccccc12)C(=O)N1CC(n2cc(Cl)cn2)C1,7gp2-a,7goy-a
Cc1nn(CCNC(=O)C(Cc2c[nH]c3ccccc23)NS(=O)(=O)N(C)C)cc1Cl,7gp2-a,7goy-a
Cc1[nH]c2ccccc2c1CCC(=O)NNC(=O)Cn1nc(C(F)(F)F)c(Cl)c1C,7gp2-a,7goy-a
Cc1c(Cl)cnn1CCNC(=O)CCc1c(-c2ccccc2)[nH]c2c(F)cccc12,7gp2-a,7goy-a
Cc1c(Cl)cnn1CCNC(=O)CCc1c(-c2ccccc2)[nH]c2ccc(Cl)cc12,7gp2-a,7goy-a
Cc1nn(CCNC(=O)CCc2c(-c3ccccc3)[nH]c3ccc(Cl)cc23)cc1Cl,7gp2-a,7goy-a
Cc1c(Cl)cnn1CCNC(=O)C(Cc1c[nH]c2ccccc12)N1C(=O)C=CC1=O,7gp2-a,7goy-a
Cc1c(Cl)cnn1CCNC(=O)C(Cc1c[nH]c2ccccc12)n1c(C)ccc1C,7gp2-a,7goy-a
Cc1ccc(C)n1C(Cc1c[nH]c2ccccc12)C(=O)N1CC(n2cc(Cl)cn2)C1,7gp2-a,7goy-a
Cc1nn(CCNC(=O)C(Cc2c[nH]c3ccccc23)n2c(C)ccc2C)cc1Cl,7gp2-a,7goy-a
CC(C)C(CC(=O)NNC(=O)Cn1cc(Cl)c([N+](=O)[O-])n1)c1c[nH]c2ccccc12,7gp2-a,7goy-a
Cc1nn(C(C)C(=O)NNC(=O)CC(c2c[nH]c3ccccc23)C(C)C)c(C)c1Cl,7gp2-a,7goy-a
Cc1nn(C(CNC(=O)CC(c2c[nH]c3ccccc23)C(C)C)C(C)C)c(C)c1Cl,7gp2-a,7goy-a
CNC(=O)C(Cn1cc(Cl)cn1)NC(=O)C(Cc1c[nH]c2ccccc12)NC(C)=O,7gp2-a,7goy-a
CC(=O)NC(Cc1c[nH]c2ccccc12)C(=O)NCCn1cc(Cl)c(C(F)(F)F)n1,7gp2-a,7goy-a
CC(=O)NC(Cc1c[nH]c2ccccc12)C(=O)NNC(=O)C(C)n1cc(Cl)c(C)n1,7gp2-a,7goy-a
CCC(C(=O)NNC(=O)C(Cc1c[nH]c2ccccc12)NC(C)=O)n1cc(Cl)cn1,7gp2-a,7goy-a
CCC(CNC(=O)C(Cc1c[nH]c2ccccc12)NC(C)=O)n1nc(C)c(Cl)c1Cl,7gp2-a,7goy-a
CC(=O)NC(Cc1c[nH]c2ccccc12)C(=O)NNC(=O)Cn1nc(C)c(Cl)c1C,7gp2-a,7goy-a
CC(C)CC(=O)NC(Cc1c[nH]c2ccccc12)C(=O)N1CCn2ncc(Cl)c2C1,7gp2-a,7goy-a
Cc1nn(CCNC(=O)CCc2c(-c3ccccc3)[nH]c3c(F)cccc23)cc1Cl,7gp2-a,7goy-a
Cc1c(Cl)cnn1CCNC(=O)CCc1c(-c2ccccc2)[nH]c2c(Cl)cccc12,7gp2-a,7goy-a
COc1cccc2c(CCC(=O)N3CCn4ncc(Cl)c43)c(-c3ccccc3)[nH]c12,7gp2-a,7goy-a
CNC(=O)C(Cn1cc(Cl)cn1)NC(=O)C(Cc1c[nH]c2ccccc12)NC(N)=O,7gp2-a,7goy-a
NC(=O)NC(Cc1c[nH]c2ccccc12)C(=O)NCCn1cc(Cl)c(C(F)(F)F)n1,7gp2-a,7goy-a
Cc1nn(C(C)C(=O)NNC(=O)C(Cc2c[nH]c3ccccc23)NC(N)=O)cc1Cl,7gp2-a,7goy-a
CCC(C(=O)NNC(=O)C(Cc1c[nH]c2ccccc12)NC(N)=O)n1cc(Cl)cn1,7gp2-a,7goy-a
CCC(CNC(=O)C(Cc1c[nH]c2ccccc12)NC(N)=O)n1nc(C)c(Cl)c1Cl,7gp2-a,7goy-a
Cc1nn(CC(=O)NNC(=O)C(Cc2c[nH]c3ccccc23)NC(N)=O)c(C)c1Cl,7gp2-a,7goy-a
Cc1ccc2[nH]cc(CCC(=O)NNC(=O)Cn3nc(C(F)(F)F)c(Cl)c3C)c2c1,7gp2-a,7goy-a
Cc1nn(CCNC(=O)C(Cc2c[nH]c3ccccc23)N2C(=O)C=CC2=O)cc1Cl,7gp2-a,7goy-a
Cc1nn(CCNC(=O)CCc2c(-c3ccccc3)[nH]c3c(Cl)cccc23)cc1Cl,7gp2-a,7goy-a
Cc1c(Cl)cnn1CCNC(=O)C(Cc1c[nH]c2ccccc12)NC(=O)CC(C)C,7gp2-a,7goy-a
CC(C)CC(=O)NC(Cc1c[nH]c2ccccc12)C(=O)N1CC(n2cc(Cl)cn2)C1,7gp2-a,7goy-a
Cc1nn(CCNC(=O)C(Cc2c[nH]c3ccccc23)NC(=O)CC(C)C)cc1Cl,7gp2-a,7goy-a
CC(O)C(=O)NC(Cc1c[nH]c2ccccc12)C(=O)NNC(=O)Cn1cc(Cl)cn1,7gp2-a,7goy-a
CC(O)C(=O)NC(Cc1c[nH]c2ccccc12)C(=O)N1CCC(n2cc(Cl)cn2)C1,7gp2-a,7goy-a
CCC(CNC(=O)C(Cc1c[nH]c2ccccc12)NC(=O)C(C)O)n1cc(Cl)cn1,7gp2-a,7goy-a
Cc1nn(CCNC(=O)C(Cc2c[nH]c3ccccc23)NC(=O)C(C)O)c(C)c1Cl,7gp2-a,7goy-a
Cc1c(Cl)cnn1CCNC(=O)CCc1c(-c2ccccc2)[nH]c2ccc(F)cc12,7gp2-a,7goy-a
Cc1nn(CCNC(=O)CCc2c(-c3ccccc3)[nH]c3ccc(F)cc23)cc1Cl,7gp2-a,7goy-a
Cc1cccc2c(CCC(=O)NNC(=O)Cn3nc(C(F)(F)F)c(Cl)c3C)c[nH]c12,7gp2-a,7goy-a
Cc1c(Cl)c(C(F)(F)F)nn1CC(=O)NNC(=O)CCc1c[nH]c2cc(Cl)ccc12,7gp2-a,7goy-a
CC(C)C(=O)NC(Cc1c[nH]c2ccccc12)C(=O)NNC(=O)Cn1cc(Cl)cn1,7gp2-a,7goy-a
CC(C)C(=O)NC(Cc1c[nH]c2ccccc12)C(=O)N1CCC(n2cc(Cl)cn2)C1,7gp2-a,7goy-a
CCC(CNC(=O)C(Cc1c[nH]c2ccccc12)NC(=O)C(C)C)n1cc(Cl)cn1,7gp2-a,7goy-a
Cc1nn(CCNC(=O)C(Cc2c[nH]c3ccccc23)NC(=O)C(C)C)c(C)c1Cl,7gp2-a,7goy-a
Cc1[nH]c2ccccc2c1CC(F)(F)C(=O)NNC(=O)Cn1cc(Cl)c([N+](=O)[O-])n1,7gp2-a,7goy-a
Cc1nn(C(C)C(=O)NNC(=O)C(F)(F)Cc2c(C)[nH]c3ccccc23)c(C)c1Cl,7gp2-a,7goy-a
Cc1nn(C(CNC(=O)C(F)(F)Cc2c(C)[nH]c3ccccc23)C(C)C)c(C)c1Cl,7gp2-a,7goy-a
COCCn1cc(CCC(=O)NNC(=O)Cn2nc(C)c(Cl)c2C)c2ccccc21,7gp2-a,7goy-a
Cc1ccc2[nH]c(-c3cccs3)c(CCC(=O)NNC(=O)Cn3cc(Cl)cn3)c2c1,7gp2-a,7goy-a
Cc1ccc2[nH]c(-c3cccs3)c(CCC(=O)N3CCC(n4cc(Cl)cn4)C3)c2c1,7gp2-a,7goy-a
CCC(CNC(=O)CCc1c(-c2cccs2)[nH]c2ccc(C)cc12)n1cc(Cl)cn1,7gp2-a,7goy-a
Cc1ccc2[nH]c(-c3cccs3)c(CCC(=O)NCCn3nc(C)c(Cl)c3C)c2c1,7gp2-a,7goy-a
Cc1c(Cl)c(C(F)(F)F)nn1CC(=O)NNC(=O)CC(C)c1c[nH]c2ccccc12,7gp2-a,7goy-a
O=C(Cn1cc(Cl)cn1)NNC(=O)C(Cc1c[nH]c2ccccc12)NC(=O)C1CC1,7gp2-a,7goy-a
O=C(NC(Cc1c[nH]c2ccccc12)C(=O)N1CCC(n2cc(Cl)cn2)C1)C1CC1,7gp2-a,7goy-a
CCC(CNC(=O)C(Cc1c[nH]c2ccccc12)NC(=O)C1CC1)n1cc(Cl)cn1,7gp2-a,7goy-a
Cc1nn(CCNC(=O)C(Cc2c[nH]c3ccccc23)NC(=O)C2CC2)c(C)c1Cl,7gp2-a,7goy-a
CNC(=O)C(Cn1cc(Cl)cn1)NC(=O)CCc1cn(CCOC)c2ccccc12,7gp2-a,7goy-a
COCCn1cc(CCC(=O)NCCn2cc(Cl)c(C(F)(F)F)n2)c2ccccc21,7gp2-a,7goy-a
COCCn1cc(CCC(=O)NNC(=O)C(C)n2cc(Cl)c(C)n2)c2ccccc21,7gp2-a,7goy-a
CCC(C(=O)NNC(=O)CCc1cn(CCOC)c2ccccc12)n1cc(Cl)cn1,7gp2-a,7goy-a
CCC(CNC(=O)CCc1cn(CCOC)c2ccccc12)n1nc(C)c(Cl)c1Cl,7gp2-a,7goy-a
O=C(CCc1c(-c2ccccc2)[nH]c2ccccc12)NNC(=O)Cn1cc(Cl)cn1,7gp2-a,7goy-a
O=C(CCc1c(-c2ccccc2)[nH]c2ccccc12)N1CCC(n2cc(Cl)cn2)C1,7gp2-a,7goy-a
CCC(CNC(=O)CCc1c(-c2ccccc2)[nH]c2ccccc12)n1cc(Cl)cn1,7gp2-a,7goy-a
Cc1nn(CCNC(=O)CCc2c(-c3ccccc3)[nH]c3ccccc23)c(C)c1Cl,7gp2-a,7goy-a
CC(C(=O)NNC(=O)CC(O)(c1c[nH]c2ccccc12)C(F)(F)F)n1cc(Cl)cn1,7gp2-a,7goy-a
Cc1nn(CC(=O)NNC(=O)CC(O)(c2c[nH]c3ccccc23)C(F)(F)F)cc1Cl,7gp2-a,7goy-a
CCC(CC(=O)NNC(=O)C(CC)n1nc(C)c(Cl)c1C)c1c[nH]c2ccccc12,7gp2-a,7goy-a
CC(C)C(CC(=O)NCCn1cc(Cl)c(C(F)(F)F)n1)c1c[nH]c2c(Br)cccc12,7gp2-a,7goy-a
Cc1nn(C(C)C(=O)NNC(=O)CC(c2c[nH]c3c(Br)cccc23)C(C)C)cc1Cl,7gp2-a,7goy-a
CCC(C(=O)NNC(=O)CC(c1c[nH]c2c(Br)cccc12)C(C)C)n1cc(Cl)cn1,7gp2-a,7goy-a
CCC(CNC(=O)CC(c1c[nH]c2c(Br)cccc12)C(C)C)n1nc(C)c(Cl)c1Cl,7gp2-a,7goy-a
CC(=O)NC(Cc1c[nH]c2c(C)cccc12)C(=O)NNC(=O)C(C)n1cc(Cl)cn1,7gp2-a,7goy-a
CC(=O)NC(Cc1c[nH]c2c(C)cccc12)C(=O)NNC(=O)Cn1cc(Cl)c(C)n1,7gp2-a,7goy-a
CC(=O)NC(Cc1c[nH]c2cc(F)ccc12)C(=O)NNC(=O)C(C)n1cc(Cl)cn1,7gp2-a,7goy-a
CC(=O)NC(Cc1c[nH]c2cc(F)ccc12)C(=O)NNC(=O)Cn1cc(Cl)c(C)n1,7gp2-a,7goy-a
Cc1nn(CC(=O)NNC(=O)CC(c2c[nH]c3c(Br)cccc23)C(C)C)c(C)c1Cl,7gp2-a,7goy-a
CNC(=O)C(Cn1cc(Cl)cn1)NC(=O)CC(c1c[nH]c2c(Br)cccc12)C(C)C,7gp2-a,7goy-a
CCC(C(=O)NNC(=O)CCc1c[nH]c2cc(OC)ccc12)n1nc(C)c(Cl)c1C,7gp2-a,7goy-a
CCC(C(=O)NNC(=O)C1Cc2c([nH]c3ccccc23)C=N1)n1nc(C)c(Cl)c1C,7gp2-a,7goy-a
CC(=O)N1Cc2[nH]c3ccccc3c2CC1C(=O)NNC(=O)C(C)n1cc(Cl)cn1,7gp2-a,7goy-a
CC(=O)N1Cc2[nH]c3ccccc3c2CC1C(=O)NNC(=O)Cn1cc(Cl)c(C)n1,7gp2-a,7goy-a
COc1ccc(-c2[nH]c3ccccc3c2CCC(=O)N2CCn3ncc(Cl)c32)cc1,7gp2-a,7goy-a
CNC(=O)C(Cn1cc(Cl)cn1)NC(=O)CC(c1c[nH]c2cc(Br)ccc12)C(C)C,7gp2-a,7goy-a
CC(C)C(CC(=O)NCCn1cc(Cl)c(C(F)(F)F)n1)c1c[nH]c2cc(Br)ccc12,7gp2-a,7goy-a
Cc1nn(C(C)C(=O)NNC(=O)CC(c2c[nH]c3cc(Br)ccc23)C(C)C)cc1Cl,7gp2-a,7goy-a
CCC(C(=O)NNC(=O)CC(c1c[nH]c2cc(Br)ccc12)C(C)C)n1cc(Cl)cn1,7gp2-a,7goy-a
CCC(CNC(=O)CC(c1c[nH]c2cc(Br)ccc12)C(C)C)n1nc(C)c(Cl)c1Cl,7gp2-a,7goy-a
CC(=O)NC(Cc1c[nH]c2ccc(Br)cc12)C(=O)NNC(=O)C(C)n1cc(Cl)cn1,7gp2-a,7goy-a
CC(=O)NC(Cc1c[nH]c2ccc(Br)cc12)C(=O)NNC(=O)Cn1cc(Cl)c(C)n1,7gp2-a,7goy-a
CCC(CNC(=O)CC(c1c[nH]c2ccc(Br)cc12)C(C)C)n1nc(C)c(Cl)c1Cl,7gp2-a,7goy-a
Cc1nn(CC(=O)NNC(=O)CC(c2c[nH]c3ccc(Br)cc23)C(C)C)c(C)c1Cl,7gp2-a,7goy-a
CC(C(=O)NNC(=O)C(Cc1c[nH]c2ccccc12)NC(=O)CCl)n1cc(Cl)cn1,7gp2-a,7goy-a
Cc1nn(CC(=O)NNC(=O)C(Cc2c[nH]c3ccccc23)NC(=O)CCl)cc1Cl,7gp2-a,7goy-a
Cc1nn(CC(=O)NNC(=O)CC(c2c[nH]c3cc(Br)ccc23)C(C)C)c(C)c1Cl,7gp2-a,7goy-a
CNC(=O)C(Cn1cc(Cl)cn1)NC(=O)CC(c1c[nH]c2ccc(Br)cc12)C(C)C,7gp2-a,7goy-a
CC(C)C(CC(=O)NCCn1cc(Cl)c(C(F)(F)F)n1)c1c[nH]c2ccc(Br)cc12,7gp2-a,7goy-a
Cc1nn(C(C)C(=O)NNC(=O)CC(c2c[nH]c3ccc(Br)cc23)C(C)C)cc1Cl,7gp2-a,7goy-a
CCC(C(=O)NNC(=O)CC(c1c[nH]c2ccc(Br)cc12)C(C)C)n1cc(Cl)cn1,7gp2-a,7goy-a
Cc1c(Cl)c(C(F)(F)F)nn1CC(=O)NNC(=O)CCc1cn(C)c2ccccc12,7gp2-a,7goy-a
Cc1cccc2[nH]cc(CCC(=O)NNC(=O)Cn3nc(C(F)(F)F)c(Cl)c3C)c12,7gp2-a,7goy-a
Cc1ccc2c(CCC(=O)NNC(=O)Cn3nc(C(F)(F)F)c(Cl)c3C)c[nH]c2c1,7gp2-a,7goy-a
Cc1c(Cl)cnn1CCNC(=O)CCc1c(-c2ccc(F)cc2)[nH]c2ccccc12,7gp2-a,7goy-a
Cc1nn(CCNC(=O)CCc2c(-c3ccc(F)cc3)[nH]c3ccccc23)c(C)c1Cl,7gp2-a,7goy-a
CCC(CNC(=O)CCc1c(-c2ccc(F)cc2)[nH]c2ccccc12)n1cc(Cl)cn1,7gp2-a,7goy-a
O=C(CCc1c(-c2ccc(F)cc2)[nH]c2ccccc12)N1CCC(n2cc(Cl)cn2)C1,7gp2-a,7goy-a
Cn1cc(CCC(=O)NNC(=O)Cn2nc(C(F)F)c(Cl)c2C2CC2)c2ccccc21,7gp2-a,7goy-a
Cc1c(Cl)c(C(F)(F)F)nn1C(C)C(=O)NNC(=O)CCc1cn(C)c2ccccc12,7gp2-a,7goy-a
Cc1nn(C(CNC(=O)CC(c2c[nH]c3ccc(Br)cc23)C(C)C)C(C)C)c(C)c1Cl,7gp2-a,7goy-a
Cc1nn(C(C)C(=O)NNC(=O)CC(c2c[nH]c3ccc(Br)cc23)C(C)C)c(C)c1Cl,7gp2-a,7goy-a
CC(C)C(CC(=O)NNC(=O)Cn1cc(Cl)c([N+](=O)[O-])n1)c1c[nH]c2ccc(Br)cc12,7gp2-a,7goy-a
Cc1c(Cl)cnn1CCNC(=O)CCc1c(-c2ccc(F)cc2)[nH]c2c(F)cccc12,7gp2-a,7goy-a
Cc1nn(CC(=O)NNC(=O)C(Cc2c[nH]c3ccccc23)NC(=O)CCl)c(C)c1Cl,7gp2-a,7goy-a
CCC(CNC(=O)C(Cc1c[nH]c2ccccc12)NC(=O)CCl)n1nc(C)c(Cl)c1Cl,7gp2-a,7goy-a
Cc1nn(CCNC(=O)C(Cc2c[nH]c3ccccc23)NS(=O)(=O)N(C)C)c(C)c1Cl,7gp2-a,7goy-a
CCC(CNC(=O)C(Cc1c[nH]c2ccccc12)NS(=O)(=O)N(C)C)n1cc(Cl)cn1,7gp2-a,7goy-a
CN(C)S(=O)(=O)NC(Cc1c[nH]c2ccccc12)C(=O)N1CCC(n2cc(Cl)cn2)C1,7gp2-a,7goy-a
CN(C)S(=O)(=O)NC(Cc1c[nH]c2ccccc12)C(=O)NNC(=O)Cn1cc(Cl)cn1,7gp2-a,7goy-a
Cc1nn(CCNC(=O)CCc2c(-c3ccccc3)[nH]c3ccc(Br)cc23)c(C)c1Cl,7gp2-a,7goy-a
CCC(CNC(=O)CCc1c(-c2ccccc2)[nH]c2ccc(Br)cc12)n1cc(Cl)cn1,7gp2-a,7goy-a
O=C(CCc1c(-c2ccccc2)[nH]c2ccc(Br)cc12)N1CCC(n2cc(Cl)cn2)C1,7gp2-a,7goy-a
O=C(CCc1c(-c2ccccc2)[nH]c2ccc(Br)cc12)NNC(=O)Cn1cc(Cl)cn1,7gp2-a,7goy-a
CCC(C(=O)NNC(=O)C(Cc1c[nH]c2ccccc12)NC(=O)CCl)n1cc(Cl)cn1,7gp2-a,7goy-a
Cc1nn(C(C)C(=O)NNC(=O)C(Cc2c[nH]c3ccccc23)NC(=O)CCl)cc1Cl,7gp2-a,7goy-a
O=C(CCl)NC(Cc1c[nH]c2ccccc12)C(=O)NCCn1cc(Cl)c(C(F)(F)F)n1,7gp2-a,7goy-a
CNC(=O)C(Cn1cc(Cl)cn1)NC(=O)C(Cc1c[nH]c2ccccc12)NC(=O)CCl,7gp2-a,7goy-a
Cc1[nH]c2ccccc2c1CCC(=O)NNC(=O)Cn1nc(C(F)F)c(Cl)c1C1CC1,7gp2-a,7goy-a
Cc1[nH]c2ccccc2c1CCC(=O)NNC(=O)C(C)n1nc(C(F)(F)F)c(Cl)c1C,7gp2-a,7goy-a
CC(=O)NC(Cc1c[nH]c2ccc(Br)cc12)C(=O)NNC(=O)Cn1nc(C)c(Cl)c1C,7gp2-a,7goy-a
CCC(CNC(=O)C(Cc1c[nH]c2ccc(Br)cc12)NC(C)=O)n1nc(C)c(Cl)c1Cl,7gp2-a,7goy-a
CCC(C(=O)NNC(=O)C(Cc1c[nH]c2ccc(Br)cc12)NC(C)=O)n1cc(Cl)cn1,7gp2-a,7goy-a
Cc1c(Cl)cnn1CCNC(=O)C(Cc1c[nH]c2ccccc12)NC(=O)OC(C)(C)C,7gp2-a,7goy-a
Cc1nn(CCNC(=O)C(Cc2c[nH]c3ccccc23)n2c(C)ccc2C)c(C)c1Cl,7gp2-a,7goy-a
Cc1nn(CCNC(=O)CCc2c(-c3ccccc3)[nH]c3c(Br)cccc23)c(C)c1Cl,7gp2-a,7goy-a
CCC(CNC(=O)CCc1c(-c2ccccc2)[nH]c2c(Br)cccc12)n1cc(Cl)cn1,7gp2-a,7goy-a
O=C(CCc1c(-c2ccccc2)[nH]c2c(Br)cccc12)N1CCC(n2cc(Cl)cn2)C1,7gp2-a,7goy-a
O=C(CCc1c(-c2ccccc2)[nH]c2c(Br)cccc12)NNC(=O)Cn1cc(Cl)cn1,7gp2-a,7goy-a
CC(C)(C)OC(=O)NC(Cc1c[nH]c2ccccc12)C(=O)N1CCn2ncc(Cl)c2C1,7gp2-a,7goy-a
Cc1nn(C(CNC(=O)CC(c2c[nH]c3cc(Br)ccc23)C(C)C)C(C)C)c(C)c1Cl,7gp2-a,7goy-a
Cc1nn(C(C)C(=O)NNC(=O)CC(c2c[nH]c3cc(Br)ccc23)C(C)C)c(C)c1Cl,7gp2-a,7goy-a
CC(C)C(CC(=O)NNC(=O)Cn1cc(Cl)c([N+](=O)[O-])n1)c1c[nH]c2cc(Br)ccc12,7gp2-a,7goy-a
Cc1ccc2[nH]c(-c3ccc(Br)cc3)c(CCC(=O)NCCn3cc(Cl)c(C)n3)c2c1,7gp2-a,7goy-a
Cc1ccc2[nH]c(-c3ccc(Br)cc3)c(CCC(=O)N3CC(n4cc(Cl)cn4)C3)c2c1,7gp2-a,7goy-a
Cc1ccc2[nH]c(-c3ccc(Br)cc3)c(CCC(=O)NCCn3ncc(Cl)c3C)c2c1,7gp2-a,7goy-a
COc1ccc2[nH]c(-c3ccc(F)cc3)c(CCC(=O)N3CCn4ncc(Cl)c43)c2c1,7gp2-a,7goy-a
CCC(CNC(=O)C(Cc1c[nH]c2ccccc12)n1c(C)ccc1C)n1cc(Cl)cn1,7gp2-a,7goy-a
Cc1ccc(C)n1C(Cc1c[nH]c2ccccc12)C(=O)N1CCC(n2cc(Cl)cn2)C1,7gp2-a,7goy-a
Cc1ccc(C)n1C(Cc1c[nH]c2ccccc12)C(=O)NNC(=O)Cn1cc(Cl)cn1,7gp2-a,7goy-a
Cc1nn(CCNC(=O)CCc2c(-c3ccccc3)[nH]c3ccc(Cl)cc23)c(C)c1Cl,7gp2-a,7goy-a
CCC(CNC(=O)CCc1c(-c2ccccc2)[nH]c2ccc(Cl)cc12)n1cc(Cl)cn1,7gp2-a,7goy-a
O=C(CCc1c(-c2ccccc2)[nH]c2ccc(Cl)cc12)N1CCC(n2cc(Cl)cn2)C1,7gp2-a,7goy-a
O=C(CCc1c(-c2ccccc2)[nH]c2ccc(Cl)cc12)NNC(=O)Cn1cc(Cl)cn1,7gp2-a,7goy-a
CC(=O)NC(Cc1c[nH]c2ccc(Br)cc12)C(=O)NNC(=O)C(C)n1cc(Cl)c(C)n1,7gp2-a,7goy-a
CC(=O)NC(Cc1c[nH]c2ccc(Br)cc12)C(=O)NCCn1cc(Cl)c(C(F)(F)F)n1,7gp2-a,7goy-a
CNC(=O)C(Cn1cc(Cl)cn1)NC(=O)C(Cc1c[nH]c2ccc(Br)cc12)NC(C)=O,7gp2-a,7goy-a
CC(=O)N1Cc2[nH]c3ccccc3c2CC1C(=O)NNC(=O)Cn1nc(C)c(Cl)c1C,7gp2-a,7goy-a
CCC(CNC(=O)C1Cc2c([nH]c3ccccc23)CN1C(C)=O)n1nc(C)c(Cl)c1Cl,7gp2-a,7goy-a
CCC(C(=O)NNC(=O)C1Cc2c([nH]c3ccccc23)CN1C(C)=O)n1cc(Cl)cn1,7gp2-a,7goy-a
CC(=O)N1Cc2[nH]c3ccccc3c2CC1C(=O)NNC(=O)C(C)n1cc(Cl)c(C)n1,7gp2-a,7goy-a
CC(=O)N1Cc2[nH]c3ccccc3c2CC1C(=O)NCCn1cc(Cl)c(C(F)(F)F)n1,7gp2-a,7goy-a
O=C(CCc1c(-c2ccccc2)[nH]c2c(F)cccc12)N1CCC(n2cc(Cl)cn2)C1,7gp2-a,7goy-a
O=C(CCc1c(-c2ccccc2)[nH]c2c(F)cccc12)NNC(=O)Cn1cc(Cl)cn1,7gp2-a,7goy-a
Cc1nn(CCNC(=O)C(Cc2c[nH]c3ccccc23)N2C(=O)C=CC2=O)c(C)c1Cl,7gp2-a,7goy-a
COc1ccc(-c2[nH]c3ccccc3c2CCC(=O)NCCn2cc(Cl)c(C)n2)cc1,7gp2-a,7goy-a
COc1ccc(-c2[nH]c3ccccc3c2CCC(=O)N2CC(n3cc(Cl)cn3)C2)cc1,7gp2-a,7goy-a
COc1ccc(-c2[nH]c3ccccc3c2CCC(=O)NCCn2ncc(Cl)c2C)cc1,7gp2-a,7goy-a
COc1ccc(-c2[nH]c3ccccc3c2CCC(=O)N2CCn3ncc(Cl)c3C2)cc1,7gp2-a,7goy-a
CNC(=O)C(Cn1cc(Cl)cn1)NC(=O)C1Cc2c([nH]c3ccccc23)CN1C(C)=O,7gp2-a,7goy-a
O=C(CCc1c(-c2ccccc2)[nH]c2c(Cl)cccc12)NNC(=O)Cn1cc(Cl)cn1,7gp2-a,7goy-a
Cc1nn(CCNC(=O)C(Cc2c[nH]c3ccccc23)NC(=O)CC(C)C)c(C)c1Cl,7gp2-a,7goy-a
CCC(CNC(=O)C(Cc1c[nH]c2ccccc12)NC(=O)CC(C)C)n1cc(Cl)cn1,7gp2-a,7goy-a
CC(=O)NC(Cc1c[nH]c2ccccc12)C(=O)NCC(C(C)C)n1nc(C)c(Cl)c1C,7gp2-a,7goy-a
CC(=O)NC(Cc1c[nH]c2ccccc12)C(=O)NNC(=O)C(C)n1nc(C)c(Cl)c1C,7gp2-a,7goy-a
CC(=O)NC(Cc1c[nH]c2ccccc12)C(=O)NNC(=O)Cn1cc(Cl)c([N+](=O)[O-])n1,7gp2-a,7goy-a
CCC(C(=O)NNC(=O)CC(c1c[nH]c2ccccc12)C(C)C)n1nc(C)c(Cl)c1C,7gp2-a,7goy-a
Cc1nn(CCNC(=O)CCc2c(-c3ccccc3)[nH]c3c(F)cccc23)c(C)c1Cl,7gp2-a,7goy-a
CCC(CNC(=O)CCc1c(-c2ccccc2)[nH]c2c(F)cccc12)n1cc(Cl)cn1,7gp2-a,7goy-a
Cc1c(Cl)c(C(F)(F)F)nn1CC(=O)NNC(=O)C1Cc2c([nH]c3ccccc23)C=N1,7gp2-a,7goy-a
COc1ccc2c(CCC(=O)NNC(=O)Cn3nc(C(F)(F)F)c(Cl)c3C)c[nH]c2c1,7gp2-a,7goy-a
Cc1ccc2[nH]cc(CCC(=O)NNC(=O)C(C)n3nc(C(F)(F)F)c(Cl)c3C)c2c1,7gp2-a,7goy-a
COc1cccc2c(CCC(=O)NCCn3cc(Cl)c(C)n3)c(-c3ccccc3)[nH]c12,7gp2-a,7goy-a
COc1cccc2c(CCC(=O)N3CC(n4cc(Cl)cn4)C3)c(-c3ccccc3)[nH]c12,7gp2-a,7goy-a
COc1cccc2c(CCC(=O)NCCn3ncc(Cl)c3C)c(-c3ccccc3)[nH]c12,7gp2-a,7goy-a
COc1cccc2c(CCC(=O)N3CCn4ncc(Cl)c4C3)c(-c3ccccc3)[nH]c12,7gp2-a,7goy-a
CCC(CNC(=O)C(Cc1c[nH]c2ccccc12)N1C(=O)C=CC1=O)n1cc(Cl)cn1,7gp2-a,7goy-a
Cc1nn(CCNC(=O)CCc2c(-c3ccccc3)[nH]c3c(Cl)cccc23)c(C)c1Cl,7gp2-a,7goy-a
CCC(CNC(=O)CCc1c(-c2ccccc2)[nH]c2c(Cl)cccc12)n1cc(Cl)cn1,7gp2-a,7goy-a
O=C(CCc1c(-c2ccccc2)[nH]c2c(Cl)cccc12)N1CCC(n2cc(Cl)cn2)C1,7gp2-a,7goy-a
Cc1ccc2[nH]c(-c3ccc(Br)cc3)c(CCC(=O)N3CCn4ncc(Cl)c4C3)c2c1,7gp2-a,7goy-a
Cc1nn(C(CNC(=O)CC(c2c[nH]c3c(Br)cccc23)C(C)C)C(C)C)c(C)c1Cl,7gp2-a,7goy-a
Cc1nn(C(C)C(=O)NNC(=O)CC(c2c[nH]c3c(Br)cccc23)C(C)C)c(C)c1Cl,7gp2-a,7goy-a
CC(C)C(CC(=O)NNC(=O)Cn1cc(Cl)c([N+](=O)[O-])n1)c1c[nH]c2c(Br)cccc12,7gp2-a,7goy-a
Cc1nn(CCNC(=O)C(Cc2c[nH]c3ccccc23)NC(=O)c2cccs2)cc1Cl,7gp2-a,7goy-a
O=C(NC(Cc1c[nH]c2ccccc12)C(=O)N1CC(n2cc(Cl)cn2)C1)c1cccs1,7gp2-a,7goy-a
CC(C)CC(=O)NC(Cc1c[nH]c2ccccc12)C(=O)N1CCC(n2cc(Cl)cn2)C1,7gp2-a,7goy-a
CC(C)CC(=O)NC(Cc1c[nH]c2ccccc12)C(=O)NNC(=O)Cn1cc(Cl)cn1,7gp2-a,7goy-a
Cc1ccc2[nH]cc(CCC(=O)NNC(=O)Cn3nc(C(F)F)c(Cl)c3C3CC3)c2c1,7gp2-a,7goy-a
COc1ccc(-c2[nH]c3ccc(F)cc3c2CCC(=O)N2CCn3ncc(Cl)c32)cc1,7gp2-a,7goy-a
Cc1nn(CC(=O)NNC(=O)C(Cc2c[nH]c3ccccc23)NC(=O)C(C)C)cc1Cl,7gp2-a,7goy-a
CC(C)C(=O)NC(Cc1c[nH]c2ccccc12)C(=O)NNC(=O)C(C)n1cc(Cl)cn1,7gp2-a,7goy-a
COc1cccc2c(CCC(=O)N3CCn4ncc(Cl)c43)c(-c3ccc(F)cc3)[nH]c12,7gp2-a,7goy-a
Cc1nn(CC(=O)NNC(=O)C(Cc2c[nH]c3ccccc23)NC(=O)C(C)O)cc1Cl,7gp2-a,7goy-a
CC(O)C(=O)NC(Cc1c[nH]c2ccccc12)C(=O)NNC(=O)C(C)n1cc(Cl)cn1,7gp2-a,7goy-a
Cc1c(Cl)cnn1CCNC(=O)C(Cc1c[nH]c2ccccc12)NC(=O)c1cccs1,7gp2-a,7goy-a
CC(=O)NC(Cc1c[nH]c2cc(F)ccc12)C(=O)NNC(=O)Cn1nc(C)c(Cl)c1C,7gp2-a,7goy-a
CCC(CNC(=O)C(Cc1c[nH]c2cc(F)ccc12)NC(C)=O)n1nc(C)c(Cl)c1Cl,7gp2-a,7goy-a
CCC(C(=O)NNC(=O)C(Cc1c[nH]c2cc(F)ccc12)NC(C)=O)n1cc(Cl)cn1,7gp2-a,7goy-a
CC(=O)NC(Cc1c[nH]c2cc(F)ccc12)C(=O)NNC(=O)C(C)n1cc(Cl)c(C)n1,7gp2-a,7goy-a
CC(=O)NC(Cc1c[nH]c2cc(F)ccc12)C(=O)NCCn1cc(Cl)c(C(F)(F)F)n1,7gp2-a,7goy-a
CNC(=O)C(Cn1cc(Cl)cn1)NC(=O)C(Cc1c[nH]c2cc(F)ccc12)NC(C)=O,7gp2-a,7goy-a
CC(=O)NC(Cc1c[nH]c2c(C)cccc12)C(=O)NNC(=O)Cn1nc(C)c(Cl)c1C,7gp2-a,7goy-a
CCC(CNC(=O)C(Cc1c[nH]c2c(C)cccc12)NC(C)=O)n1nc(C)c(Cl)c1Cl,7gp2-a,7goy-a
CCC(C(=O)NNC(=O)C(Cc1c[nH]c2c(C)cccc12)NC(C)=O)n1cc(Cl)cn1,7gp2-a,7goy-a
CC(=O)NC(Cc1c[nH]c2c(C)cccc12)C(=O)NNC(=O)C(C)n1cc(Cl)c(C)n1,7gp2-a,7goy-a
CC(=O)NC(Cc1c[nH]c2c(C)cccc12)C(=O)NCCn1cc(Cl)c(C(F)(F)F)n1,7gp2-a,7goy-a
CNC(=O)C(Cn1cc(Cl)cn1)NC(=O)C(Cc1c[nH]c2c(C)cccc12)NC(C)=O,7gp2-a,7goy-a
Cc1nn(CCNC(=O)CCc2c(-c3ccc(Cl)cc3)[nH]c3ccc(Cl)cc23)cc1Cl,7gp2-a,7goy-a
Cc1cccc2c(CCC(=O)NNC(=O)Cn3nc(C(F)F)c(Cl)c3C3CC3)c[nH]c12,7gp2-a,7goy-a
Cc1cccc2c(CCC(=O)NNC(=O)C(C)n3nc(C(F)(F)F)c(Cl)c3C)c[nH]c12,7gp2-a,7goy-a
Cc1ccc2[nH]c(-c3cccs3)c(CCC(=O)NNC(=O)C(C)n3cc(Cl)cn3)c2c1,7gp2-a,7goy-a
NC(=O)NC(Cc1c[nH]c2ccccc12)C(=O)NNC(=O)Cn1cc(Cl)c([N+](=O)[O-])n1,7gp2-a,7goy-a
Cc1nn(CCNC(=O)CCc2c(-c3ccc(F)cc3)[nH]c3ccc(F)cc23)cc1Cl,7gp2-a,7goy-a
O=C(CCc1c[nH]c2cc(Cl)ccc12)NNC(=O)Cn1nc(C(F)F)c(Cl)c1C1CC1,7gp2-a,7goy-a
Cc1c(Cl)c(C(F)(F)F)nn1C(C)C(=O)NNC(=O)CCc1c[nH]c2cc(Cl)ccc12,7gp2-a,7goy-a
O=C(C(Cc1c[nH]c2ccccc12)N1C(=O)C=CC1=O)N1CCC(n2cc(Cl)cn2)C1,7gp2-a,7goy-a
O=C(Cn1cc(Cl)cn1)NNC(=O)C(Cc1c[nH]c2ccccc12)N1C(=O)C=CC1=O,7gp2-a,7goy-a
CCC(CC(=O)NNC(=O)Cn1nc(C(F)(F)F)c(Cl)c1C)c1c[nH]c2ccccc12,7gp2-a,7goy-a
Cc1c(Cl)cnn1CCNC(=O)CCc1c(-c2ccc(Cl)cc2)[nH]c2ccc(Cl)cc12,7gp2-a,7goy-a
CCC(C(=O)NNC(=O)C(F)(F)Cc1c(C)[nH]c2ccccc12)n1nc(C)c(Cl)c1C,7gp2-a,7goy-a
Cc1nn(C(CNC(=O)C(Cc2c[nH]c3ccccc23)NC(N)=O)C(C)C)c(C)c1Cl,7gp2-a,7goy-a
Cc1nn(C(C)C(=O)NNC(=O)C(Cc2c[nH]c3ccccc23)NC(N)=O)c(C)c1Cl,7gp2-a,7goy-a
Cc1nn(CC(=O)NNC(=O)C(Cc2c[nH]c3ccccc23)NC(=O)C2CC2)cc1Cl,7gp2-a,7goy-a
CC(C(=O)NNC(=O)C(Cc1c[nH]c2ccccc12)NC(=O)C1CC1)n1cc(Cl)cn1,7gp2-a,7goy-a
CC(CC(=O)NNC(=O)Cn1nc(C(F)F)c(Cl)c1C1CC1)c1c[nH]c2ccccc12,7gp2-a,7goy-a
Cc1nn(CC(=O)NNC(=O)CCc2c(-c3ccccc3)[nH]c3ccccc23)cc1Cl,7gp2-a,7goy-a
Cc1ccc2[nH]c(-c3cccs3)c(CCC(=O)NNC(=O)Cn3cc(Cl)c(C)n3)c2c1,7gp2-a,7goy-a
Cc1nn(CC(=O)NNC(=O)CC(O)(c2c[nH]c3ccccc23)C(F)(F)F)c(C)c1Cl,7gp2-a,7goy-a
CCC(CNC(=O)CC(O)(c1c[nH]c2ccccc12)C(F)(F)F)n1nc(C)c(Cl)c1Cl,7gp2-a,7goy-a
CCC(C(=O)NNC(=O)CC(O)(c1c[nH]c2ccccc12)C(F)(F)F)n1cc(Cl)cn1,7gp2-a,7goy-a
Cc1nn(C(C)C(=O)NNC(=O)CC(O)(c2c[nH]c3ccccc23)C(F)(F)F)cc1Cl,7gp2-a,7goy-a
O=C(CC(O)(c1c[nH]c2ccccc12)C(F)(F)F)NCCn1cc(Cl)c(C(F)(F)F)n1,7gp2-a,7goy-a
CNC(=O)C(Cn1cc(Cl)cn1)NC(=O)CC(O)(c1c[nH]c2ccccc12)C(F)(F)F,7gp2-a,7goy-a
O=C(NC(Cc1c[nH]c2ccccc12)C(=O)N1CCn2ncc(Cl)c2C1)c1cccs1,7gp2-a,7goy-a
COCCn1cc(CCC(=O)NCC(C(C)C)n2nc(C)c(Cl)c2C)c2ccccc21,7gp2-a,7goy-a
COCCn1cc(CCC(=O)NNC(=O)C(C)n2nc(C)c(Cl)c2C)c2ccccc21,7gp2-a,7goy-a
COCCn1cc(CCC(=O)NNC(=O)Cn2cc(Cl)c([N+](=O)[O-])n2)c2ccccc21,7gp2-a,7goy-a
Cc1c(Cl)cnn1CCNC(=O)CCc1c(-c2ccc(F)cc2)[nH]c2ccc(F)cc12,7gp2-a,7goy-a
Cc1nn(CCNC(=O)C(Cc2c[nH]c3ccccc23)NC(=O)OC(C)(C)C)cc1Cl,7gp2-a,7goy-a
CC(C)(C)OC(=O)NC(Cc1c[nH]c2ccccc12)C(=O)N1CC(n2cc(Cl)cn2)C1,7gp2-a,7goy-a
CC(C(=O)NNC(=O)CCc1c(-c2ccccc2)[nH]c2ccccc12)n1cc(Cl)cn1,7gp2-a,7goy-a
Cc1nn(CCNC(=O)CCc2c(-c3ccccc3)[nH]c3ccc(F)cc23)c(C)c1Cl,7gp2-a,7goy-a
CCC(CNC(=O)CCc1c(-c2ccccc2)[nH]c2ccc(F)cc12)n1cc(Cl)cn1,7gp2-a,7goy-a
O=C(CCc1c(-c2ccccc2)[nH]c2ccc(F)cc12)N1CCC(n2cc(Cl)cn2)C1,7gp2-a,7goy-a
O=C(CCc1c(-c2ccccc2)[nH]c2ccc(F)cc12)NNC(=O)Cn1cc(Cl)cn1,7gp2-a,7goy-a
Cc1c(Cl)c(C(F)(F)F)nn1C(C)C(=O)NNC(=O)CC(C)c1c[nH]c2ccccc12,7gp2-a,7goy-a
Cc1nn(CCNC(=O)CCc2c(-c3ccc(F)cc3)[nH]c3c(Cl)cccc23)cc1Cl,7gp2-a,7goy-a
Cc1c(Cl)cnn1CCNC(=O)CCc1c(-c2ccc(F)cc2)[nH]c2c(Cl)cccc12,7gp2-a,7goy-a
Cc1nn(CCNC(=O)CCc2c(-c3ccc(F)cc3)[nH]c3c(F)cccc23)cc1Cl,7gp2-a,7goy-a
O=C(CCc1c(-c2ccc(F)cc2)[nH]c2ccccc12)NNC(=O)Cn1cc(Cl)cn1,7gp2-a,7goy-a
Cc1c(Cl)cnn1CCNC(=O)CCc1cn(Cc2ccc(Cl)cc2)c2ccccc12,7gp2-a,7goy-a
O=C(CCc1cn(Cc2ccc(Cl)cc2)c2ccccc12)N1CCn2ncc(Cl)c2C1,7gp2-a,7goy-a
Cc1ccc2c(CCC(=O)NNC(=O)Cn3nc(C(F)F)c(Cl)c3C3CC3)c[nH]c2c1,7gp2-a,7goy-a
Cc1ccc2c(CCC(=O)NNC(=O)C(C)n3nc(C(F)(F)F)c(Cl)c3C)c[nH]c2c1,7gp2-a,7goy-a
Cc1cccc2[nH]cc(CCC(=O)NNC(=O)Cn3nc(C(F)F)c(Cl)c3C3CC3)c12,7gp2-a,7goy-a
Cc1cccc2[nH]cc(CCC(=O)NNC(=O)C(C)n3nc(C(F)(F)F)c(Cl)c3C)c12,7gp2-a,7goy-a
O=C(CCc1cn(Cc2ccc(Cl)cc2)c2ccccc12)N1CC(n2cc(Cl)cn2)C1,7gp2-a,7goy-a
Cc1nn(CCNC(=O)CCc2cn(Cc3ccc(Cl)cc3)c3ccccc23)cc1Cl,7gp2-a,7goy-a
COc1ccc(-c2[nH]c3ccccc3c2CCC(=O)N2CCn3ncc(Cl)c32)c(OC)c1,7gp2-a,7goy-a
Cn1cc(CCC(=O)NNC(=O)Cn2nc(C(F)(F)F)c(Cl)c2C2CC2)c2ccccc21,7gp2-a,7goy-a
CC(C(=O)NNC(=O)CCc1c(-c2ccccc2)[nH]c2ccc(Br)cc12)n1cc(Cl)cn1,7gp2-a,7goy-a
Cc1nn(CC(=O)NNC(=O)CCc2c(-c3ccccc3)[nH]c3ccc(Br)cc23)cc1Cl,7gp2-a,7goy-a
Cc1ccc2c(CCC(=O)N3CCN(C(=O)Cn4cc(Cl)c([N+](=O)[O-])n4)CC3)c[nH]c2c1,7gp2-a,7goy-a
Cc1ccc2c(CCC(=O)NNC(=O)Cn3nc(C(F)(F)F)c(Cl)c3C3CC3)c[nH]c2c1,7gp2-a,7goy-a
Cc1nn(CCNC(=O)CCc2cn(Cc3ccc(Cl)cc3)c3ccccc23)c(C)c1Cl,7gp2-a,7goy-a
Cn1cc(CCC(=O)N2CCN(C(=O)Cn3cc(Cl)c([N+](=O)[O-])n3)CC2)c2ccccc21,7gp2-a,7goy-a
O=C(C(Cc1c[nH]c2ccccc12)NS(=O)(=O)c1ccccc1)N1CCn2ncc(Cl)c21,7gp2-a,7goy-a
O=C(CCc1c(-c2ccc(Cl)cc2)[nH]c2ccc(Cl)cc12)NNC(=O)Cn1cc(Cl)cn1,7gp2-a,7goy-a
O=C(CCc1c(-c2ccc(Cl)cc2)[nH]c2ccc(Cl)cc12)N1CCC(n2cc(Cl)cn2)C1,7gp2-a,7goy-a
CCC(CNC(=O)CCc1c(-c2ccc(Cl)cc2)[nH]c2ccc(Cl)cc12)n1cc(Cl)cn1,7gp2-a,7goy-a
Cc1nn(CCNC(=O)CCc2c(-c3ccc(Cl)cc3)[nH]c3ccc(Cl)cc23)c(C)c1Cl,7gp2-a,7goy-a
O=C(Cn1cc(Cl)cn1)NNC(=O)C(Cc1c[nH]c2ccccc12)NC(=O)c1cccs1,7gp2-a,7goy-a
CC(CC(=O)N1CCN(C(=O)Cn2cc(Cl)c([N+](=O)[O-])n2)CC1)c1c[nH]c2ccccc12,7gp2-a,7goy-a
CC(CC(=O)NNC(=O)Cn1nc(C(F)(F)F)c(Cl)c1C1CC1)c1c[nH]c2ccccc12,7gp2-a,7goy-a
CNC(=O)C(Cn1cc(Cl)cn1)NC(=O)CCc1c(-c2ccccc2)[nH]c2ccccc12,7gp2-a,7goy-a
O=C(CCc1c(-c2ccccc2)[nH]c2ccccc12)NCCn1cc(Cl)c(C(F)(F)F)n1,7gp2-a,7goy-a
Cc1nn(C(C)C(=O)NNC(=O)CCc2c(-c3ccccc3)[nH]c3ccccc23)cc1Cl,7gp2-a,7goy-a
CCC(C(=O)NNC(=O)CCc1c(-c2ccccc2)[nH]c2ccccc12)n1cc(Cl)cn1,7gp2-a,7goy-a
CCC(CNC(=O)CCc1c(-c2ccccc2)[nH]c2ccccc12)n1nc(C)c(Cl)c1Cl,7gp2-a,7goy-a
Cc1nn(CC(=O)NNC(=O)CCc2c(-c3ccccc3)[nH]c3ccccc23)c(C)c1Cl,7gp2-a,7goy-a
CC(C(=O)NNC(=O)CCc1c(-c2ccccc2)[nH]c2ccc(F)cc12)n1cc(Cl)cn1,7gp2-a,7goy-a
CCC(C(=O)NNC(=O)CCc1cn(CCOC)c2ccccc12)n1nc(C)c(Cl)c1C,7gp2-a,7goy-a
O=C(CCc1cn(Cc2ccc(Cl)cc2)c2ccccc12)NNC(=O)Cn1cc(Cl)cn1,7gp2-a,7goy-a
O=C(CCc1cn(Cc2ccc(Cl)cc2)c2ccccc12)N1CCC(n2cc(Cl)cn2)C1,7gp2-a,7goy-a
CCC(CNC(=O)CCc1cn(Cc2ccc(Cl)cc2)c2ccccc12)n1cc(Cl)cn1,7gp2-a,7goy-a
O=C(NC(Cc1c[nH]c2ccccc12)C(=O)N1CCC(n2cc(Cl)cn2)C1)c1cccs1,7gp2-a,7goy-a
CCC(CNC(=O)C(Cc1c[nH]c2ccccc12)NC(=O)c1cccs1)n1cc(Cl)cn1,7gp2-a,7goy-a
Cc1nn(CCNC(=O)C(Cc2c[nH]c3ccccc23)NC(=O)c2cccs2)c(C)c1Cl,7gp2-a,7goy-a
O=C(Cn1cc(Cl)c([N+](=O)[O-])n1)NNC(=O)CC(O)(c1c[nH]c2ccccc12)C(F)(F)F,7gp2-a,7goy-a
Cc1nn(C(C)C(=O)NNC(=O)CC(O)(c2c[nH]c3ccccc23)C(F)(F)F)c(C)c1Cl,7gp2-a,7goy-a
Cc1nn(C(CNC(=O)CC(O)(c2c[nH]c3ccccc23)C(F)(F)F)C(C)C)c(C)c1Cl,7gp2-a,7goy-a
CNC(=O)C(Cn1cc(Cl)cn1)NC(=O)C(Cc1c[nH]c2ccccc12)NC(=O)C1CC1,7gp2-a,7goy-a
O=C(NC(Cc1c[nH]c2ccccc12)C(=O)NCCn1cc(Cl)c(C(F)(F)F)n1)C1CC1,7gp2-a,7goy-a
Cc1nn(C(C)C(=O)NNC(=O)C(Cc2c[nH]c3ccccc23)NC(=O)C2CC2)cc1Cl,7gp2-a,7goy-a
Cc1nn(CC(=O)NNC(=O)C(Cc2c[nH]c3ccccc23)NC(=O)C2CC2)c(C)c1Cl,7gp2-a,7goy-a
Cc1ccc2[nH]c(-c3cccs3)c(CCC(=O)NCCn3cc(Cl)c(C(F)(F)F)n3)c2c1,7gp2-a,7goy-a
Cc1ccc2[nH]c(-c3cccs3)c(CCC(=O)NNC(=O)C(C)n3cc(Cl)c(C)n3)c2c1,7gp2-a,7goy-a
CCC(C(=O)NNC(=O)CCc1c(-c2cccs2)[nH]c2ccc(C)cc12)n1cc(Cl)cn1,7gp2-a,7goy-a
CCC(CNC(=O)CCc1c(-c2cccs2)[nH]c2ccc(C)cc12)n1nc(C)c(Cl)c1Cl,7gp2-a,7goy-a
Cc1[nH]c2ccccc2c1CC(F)(F)C(=O)NNC(=O)Cn1nc(C(F)(F)F)c(Cl)c1C,7gp2-a,7goy-a
O=C(CCc1c(-c2ccc(F)cc2)[nH]c2ccc(F)cc12)NNC(=O)Cn1cc(Cl)cn1,7gp2-a,7goy-a
O=C(CCc1c(-c2ccc(F)cc2)[nH]c2ccc(F)cc12)N1CCC(n2cc(Cl)cn2)C1,7gp2-a,7goy-a
CCC(CNC(=O)CCc1c(-c2ccc(F)cc2)[nH]c2ccc(F)cc12)n1cc(Cl)cn1,7gp2-a,7goy-a
Cc1nn(CCNC(=O)CCc2c(-c3ccc(F)cc3)[nH]c3ccc(F)cc23)c(C)c1Cl,7gp2-a,7goy-a
Cc1nn(CC(=O)NNC(=O)CCc2c(-c3ccccc3)[nH]c3ccc(F)cc23)cc1Cl,7gp2-a,7goy-a
COc1cccc2c(CCC(=O)NNC(=O)Cn3cc(Cl)cn3)c(-c3ccccc3)[nH]c12,7gp2-a,7goy-a
CC(C)(C)OC(=O)NC(Cc1c[nH]c2c(F)cccc12)C(=O)N1CCn2ncc(Cl)c2C1,7gp2-a,7goy-a
Cc1c(Cl)cnn1CCNC(=O)C(Cc1c[nH]c2c(F)cccc12)NC(=O)OC(C)(C)C,7gp2-a,7goy-a
CC(C)(C)OC(=O)NC(Cc1c[nH]c2c(F)cccc12)C(=O)N1CC(n2cc(Cl)cn2)C1,7gp2-a,7goy-a
CCC(CC(=O)NNC(=O)C(C)n1nc(C(F)(F)F)c(Cl)c1C)c1c[nH]c2ccccc12,7gp2-a,7goy-a
CCC(CC(=O)NNC(=O)Cn1nc(C(F)F)c(Cl)c1C1CC1)c1c[nH]c2ccccc12,7gp2-a,7goy-a
CNC(=O)C(Cn1cc(Cl)cn1)NC(=O)C(Cc1c[nH]c2ccccc12)NC(=O)C(C)C,7gp2-a,7goy-a
CC(C)C(=O)NC(Cc1c[nH]c2ccccc12)C(=O)NCCn1cc(Cl)c(C(F)(F)F)n1,7gp2-a,7goy-a
Cc1nn(C(C)C(=O)NNC(=O)C(Cc2c[nH]c3ccccc23)NC(=O)C(C)C)cc1Cl,7gp2-a,7goy-a
CCC(C(=O)NNC(=O)C(Cc1c[nH]c2ccccc12)NC(=O)C(C)C)n1cc(Cl)cn1,7gp2-a,7goy-a
CCC(CNC(=O)C(Cc1c[nH]c2ccccc12)NC(=O)C(C)C)n1nc(C)c(Cl)c1Cl,7gp2-a,7goy-a
Cc1nn(CC(=O)NNC(=O)C(Cc2c[nH]c3ccccc23)NC(=O)C(C)C)c(C)c1Cl,7gp2-a,7goy-a
CCC(C(=O)NNC(=O)C(Cc1c[nH]c2ccccc12)NC(=O)C1CC1)n1cc(Cl)cn1,7gp2-a,7goy-a
CCC(CNC(=O)C(Cc1c[nH]c2ccccc12)NC(=O)C1CC1)n1nc(C)c(Cl)c1Cl,7gp2-a,7goy-a
O=C(CCc1c[nH]c2cc(Cl)ccc12)N1CCN(C(=O)Cn2cc(Cl)c([N+](=O)[O-])n2)CC1,7gp2-a,7goy-a
O=C(CCc1c[nH]c2cc(Cl)ccc12)NNC(=O)Cn1nc(C(F)(F)F)c(Cl)c1C1CC1,7gp2-a,7goy-a
CNC(=O)C(Cn1cc(Cl)cn1)NC(=O)CCc1c(-c2cccs2)[nH]c2ccc(C)cc12,7gp2-a,7goy-a
CC(C)(C)OC(=O)NC(Cc1c[nH]c2ccccc12)C(=O)NNC(=O)Cn1cc(Cl)cn1,7gp2-a,7goy-a
O=C(C(Cc1c[nH]c2ccccc12)NS(=O)(=O)c1cccs1)N1CCn2ncc(Cl)c2C1,7gp2-a,7goy-a
Cc1c(Cl)cnn1CCNC(=O)C(Cc1c[nH]c2ccccc12)NS(=O)(=O)c1cccs1,7gp2-a,7goy-a
O=C(C(Cc1c[nH]c2ccccc12)NS(=O)(=O)c1cccs1)N1CC(n2cc(Cl)cn2)C1,7gp2-a,7goy-a
Cc1nn(CCNC(=O)C(Cc2c[nH]c3ccccc23)NS(=O)(=O)c2cccs2)cc1Cl,7gp2-a,7goy-a
CCC(C(=O)NNC(=O)C(Cc1c[nH]c2ccccc12)NC(N)=O)n1nc(C)c(Cl)c1C,7gp2-a,7goy-a
Cc1ccc2[nH]c(-c3cccs3)c(CCC(=O)NNC(=O)Cn3nc(C)c(Cl)c3C)c2c1,7gp2-a,7goy-a
Cc1cccc2c(CCC(=O)N3CCN(C(=O)Cn4cc(Cl)c([N+](=O)[O-])n4)CC3)c[nH]c12,7gp2-a,7goy-a
Cc1cccc2c(CCC(=O)NNC(=O)Cn3nc(C(F)(F)F)c(Cl)c3C3CC3)c[nH]c12,7gp2-a,7goy-a
CC(=O)NC(Cc1c[nH]c2c(C)cccc12)C(=O)NNC(=O)Cn1cc(Cl)c([N+](=O)[O-])n1,7gp2-a,7goy-a
CC(=O)NC(Cc1c[nH]c2c(C)cccc12)C(=O)NNC(=O)C(C)n1nc(C)c(Cl)c1C,7gp2-a,7goy-a
CC(=O)NC(Cc1c[nH]c2c(C)cccc12)C(=O)NCC(C(C)C)n1nc(C)c(Cl)c1C,7gp2-a,7goy-a
O=C(CCc1c(-c2ccc(F)cc2)[nH]c2c(Cl)cccc12)NNC(=O)Cn1cc(Cl)cn1,7gp2-a,7goy-a
O=C(CCc1c(-c2ccc(F)cc2)[nH]c2c(Cl)cccc12)N1CCC(n2cc(Cl)cn2)C1,7gp2-a,7goy-a
CCC(CNC(=O)CCc1c(-c2ccc(F)cc2)[nH]c2c(Cl)cccc12)n1cc(Cl)cn1,7gp2-a,7goy-a
Cc1nn(CCNC(=O)CCc2c(-c3ccc(F)cc3)[nH]c3c(Cl)cccc23)c(C)c1Cl,7gp2-a,7goy-a
CC(=O)NC(Cc1c[nH]c2cc(F)ccc12)C(=O)NNC(=O)Cn1cc(Cl)c([N+](=O)[O-])n1,7gp2-a,7goy-a
CC(=O)NC(Cc1c[nH]c2cc(F)ccc12)C(=O)NNC(=O)C(C)n1nc(C)c(Cl)c1C,7gp2-a,7goy-a
CC(=O)NC(Cc1c[nH]c2cc(F)ccc12)C(=O)NCC(C(C)C)n1nc(C)c(Cl)c1C,7gp2-a,7goy-a
COc1cccc2c(CCC(=O)NCCn3cc(Cl)c(C)n3)c(-c3ccc(F)cc3)[nH]c12,7gp2-a,7goy-a
COc1ccc(-c2[nH]c3ccc(F)cc3c2CCC(=O)N2CCn3ncc(Cl)c3C2)cc1,7gp2-a,7goy-a
COc1ccc(-c2[nH]c3ccc(F)cc3c2CCC(=O)NCCn2ncc(Cl)c2C)cc1,7gp2-a,7goy-a
COc1ccc(-c2[nH]c3ccc(F)cc3c2CCC(=O)N2CC(n3cc(Cl)cn3)C2)cc1,7gp2-a,7goy-a
COc1ccc(-c2[nH]c3ccc(F)cc3c2CCC(=O)NCCn2cc(Cl)c(C)n2)cc1,7gp2-a,7goy-a
CC(C(=O)NNC(=O)C(Cc1c[nH]c2ccccc12)N1C(=O)C=CC1=O)n1cc(Cl)cn1,7gp2-a,7goy-a
Cc1ccc(C)n1C(Cc1c[nH]c2ccccc12)C(=O)NNC(=O)C(C)n1cc(Cl)cn1,7gp2-a,7goy-a
Cc1nn(CC(=O)NNC(=O)C(Cc2c[nH]c3ccccc23)n2c(C)ccc2C)cc1Cl,7gp2-a,7goy-a
CC(C)CC(=O)NC(Cc1c[nH]c2ccccc12)C(=O)NNC(=O)C(C)n1cc(Cl)cn1,7gp2-a,7goy-a
Cc1nn(CC(=O)NNC(=O)C(Cc2c[nH]c3ccccc23)NC(=O)CC(C)C)cc1Cl,7gp2-a,7goy-a
Cc1nn(CC(=O)NNC(=O)C(Cc2c[nH]c3ccccc23)N2C(=O)C=CC2=O)cc1Cl,7gp2-a,7goy-a
CNC(=O)C(Cn1cc(Cl)cn1)NC(=O)C(Cc1c[nH]c2ccccc12)NC(=O)C(C)O,7gp2-a,7goy-a
CC(O)C(=O)NC(Cc1c[nH]c2ccccc12)C(=O)NCCn1cc(Cl)c(C(F)(F)F)n1,7gp2-a,7goy-a
Cc1nn(C(C)C(=O)NNC(=O)C(Cc2c[nH]c3ccccc23)NC(=O)C(C)O)cc1Cl,7gp2-a,7goy-a
CCC(C(=O)NNC(=O)C(Cc1c[nH]c2ccccc12)NC(=O)C(C)O)n1cc(Cl)cn1,7gp2-a,7goy-a
CCC(CNC(=O)C(Cc1c[nH]c2ccccc12)NC(=O)C(C)O)n1nc(C)c(Cl)c1Cl,7gp2-a,7goy-a
Cc1nn(CC(=O)NNC(=O)C(Cc2c[nH]c3ccccc23)NC(=O)C(C)O)c(C)c1Cl,7gp2-a,7goy-a
CCC(C(=O)NNC(=O)CC(c1c[nH]c2c(Br)cccc12)C(C)C)n1nc(C)c(Cl)c1C,7gp2-a,7goy-a
Cc1ccc2[nH]c(-c3ccc(Br)cc3)c(CCC(=O)NCCn3nc(C)c(Cl)c3C)c2c1,7gp2-a,7goy-a
COc1ccc2c(CCC(=O)NNC(=O)C(C)n3nc(C(F)(F)F)c(Cl)c3C)c[nH]c2c1,7gp2-a,7goy-a
COc1ccc2c(CCC(=O)NNC(=O)Cn3nc(C(F)F)c(Cl)c3C3CC3)c[nH]c2c1,7gp2-a,7goy-a
COc1cccc2c(CCC(=O)NCCn3nc(C)c(Cl)c3C)c(-c3ccccc3)[nH]c12,7gp2-a,7goy-a
Cc1ccc2[nH]cc(CCC(=O)N3CCN(C(=O)Cn4cc(Cl)c([N+](=O)[O-])n4)CC3)c2c1,7gp2-a,7goy-a
Cc1ccc2[nH]cc(CCC(=O)NNC(=O)Cn3nc(C(F)(F)F)c(Cl)c3C3CC3)c2c1,7gp2-a,7goy-a
Cc1c(Cl)c(C(F)(F)F)nn1C(C)C(=O)NNC(=O)C1Cc2c([nH]c3ccccc23)C=N1,7gp2-a,7goy-a
Cc1ccc2[nH]c(-c3ccc(Br)cc3)c(CCC(=O)NNC(=O)Cn3cc(Cl)cn3)c2c1,7gp2-a,7goy-a
Cc1ccc2[nH]c(-c3ccc(Br)cc3)c(CCC(=O)N3CCC(n4cc(Cl)cn4)C3)c2c1,7gp2-a,7goy-a
CCC(CNC(=O)CCc1c(-c2ccc(Br)cc2)[nH]c2ccc(C)cc12)n1cc(Cl)cn1,7gp2-a,7goy-a
CCC(C(=O)NNC(=O)C(Cc1c[nH]c2ccccc12)NC(C)=O)n1nc(C)c(Cl)c1C,7gp2-a,7goy-a
COc1cccc2c(CCC(=O)N3CCC(n4cc(Cl)cn4)C3)c(-c3ccccc3)[nH]c12,7gp2-a,7goy-a
CCC(CNC(=O)CCc1c(-c2ccccc2)[nH]c2c(OC)cccc12)n1cc(Cl)cn1,7gp2-a,7goy-a
Cc1[nH]c2ccccc2c1CCC(=O)N1CCN(C(=O)Cn2cc(Cl)c([N+](=O)[O-])n2)CC1,7gp2-a,7goy-a
CC(C(=O)NNC(=O)CCc1c(-c2ccccc2)[nH]c2c(Cl)cccc12)n1cc(Cl)cn1,7gp2-a,7goy-a
Cc1nn(CC(=O)NNC(=O)CCc2c(-c3ccccc3)[nH]c3c(Cl)cccc23)cc1Cl,7gp2-a,7goy-a
CC(=O)N1Cc2[nH]c3ccccc3c2CC1C(=O)NNC(=O)Cn1cc(Cl)c([N+](=O)[O-])n1,7gp2-a,7goy-a
CC(=O)N1Cc2[nH]c3ccccc3c2CC1C(=O)NNC(=O)C(C)n1nc(C)c(Cl)c1C,7gp2-a,7goy-a
CC(=O)N1Cc2[nH]c3ccccc3c2CC1C(=O)NCC(C(C)C)n1nc(C)c(Cl)c1C,7gp2-a,7goy-a
Cn1cc(CC(NC(=O)OC(C)(C)C)C(=O)N2CC(n3cc(Cl)cn3)C2)c2ccccc21,7gp2-a,7goy-a
Cc1nn(CCNC(=O)C(Cc2cn(C)c3ccccc23)NC(=O)OC(C)(C)C)cc1Cl,7gp2-a,7goy-a
COc1ccc(-c2[nH]c3ccccc3c2CCC(=O)NNC(=O)Cn2cc(Cl)cn2)cc1,7gp2-a,7goy-a
COc1ccc(-c2[nH]c3ccccc3c2CCC(=O)N2CCC(n3cc(Cl)cn3)C2)cc1,7gp2-a,7goy-a
CCC(CNC(=O)CCc1c(-c2ccc(OC)cc2)[nH]c2ccccc12)n1cc(Cl)cn1,7gp2-a,7goy-a
COc1ccc(-c2[nH]c3ccccc3c2CCC(=O)NCCn2nc(C)c(Cl)c2C)cc1,7gp2-a,7goy-a
Cc1c(Cl)c(C(F)(F)F)nn1CC(=O)NNC(=O)CC(c1c[nH]c2ccccc12)C(C)C,7gp2-a,7goy-a
CC(C(=O)NNC(=O)CCc1c(-c2ccccc2)[nH]c2c(F)cccc12)n1cc(Cl)cn1,7gp2-a,7goy-a
Cc1nn(CC(=O)NNC(=O)CCc2c(-c3ccccc3)[nH]c3c(F)cccc23)cc1Cl,7gp2-a,7goy-a
CC(=O)NC(Cc1c[nH]c2ccc(Br)cc12)C(=O)NNC(=O)Cn1cc(Cl)c([N+](=O)[O-])n1,7gp2-a,7goy-a
CC(=O)NC(Cc1c[nH]c2ccc(Br)cc12)C(=O)NNC(=O)C(C)n1nc(C)c(Cl)c1C,7gp2-a,7goy-a
CC(=O)NC(Cc1c[nH]c2ccc(Br)cc12)C(=O)NCC(C(C)C)n1nc(C)c(Cl)c1C,7gp2-a,7goy-a
CC(C)(C)OC(=O)NC(Cc1c[nH]c2ccccc12)C(=O)N1CCC(n2cc(Cl)cn2)C1,7gp2-a,7goy-a
CCC(CNC(=O)C(Cc1c[nH]c2ccccc12)NC(=O)OC(C)(C)C)n1cc(Cl)cn1,7gp2-a,7goy-a
CC(C)(C)OC(=O)NC(Cc1c[nH]c2cc(Cl)ccc12)C(=O)N1CCn2ncc(Cl)c2C1,7gp2-a,7goy-a
Cc1c(Cl)cnn1CCNC(=O)C(Cc1c[nH]c2cc(Cl)ccc12)NC(=O)OC(C)(C)C,7gp2-a,7goy-a
CC(C)(C)OC(=O)NC(Cc1c[nH]c2cc(Cl)ccc12)C(=O)N1CC(n2cc(Cl)cn2)C1,7gp2-a,7goy-a
Cc1nn(CCNC(=O)C(Cc2c[nH]c3cc(Cl)ccc23)NC(=O)OC(C)(C)C)cc1Cl,7gp2-a,7goy-a
CC(C(=O)NNC(=O)CCc1c(-c2ccccc2)[nH]c2ccc(Cl)cc12)n1cc(Cl)cn1,7gp2-a,7goy-a
Cc1nn(CC(=O)NNC(=O)CCc2c(-c3ccccc3)[nH]c3ccc(Cl)cc23)cc1Cl,7gp2-a,7goy-a
COc1ccc2[nH]c(-c3ccc(F)cc3)c(CCC(=O)NCCn3cc(Cl)c(C)n3)c2c1,7gp2-a,7goy-a
Cn1cc(CC(NC(=O)OC(C)(C)C)C(=O)N2CCn3ncc(Cl)c3C2)c2ccccc21,7gp2-a,7goy-a
Cc1c(Cl)cnn1CCNC(=O)C(Cc1cn(C)c2ccccc12)NC(=O)OC(C)(C)C,7gp2-a,7goy-a
O=C(CCc1c(-c2ccc(F)cc2)[nH]c2c(F)cccc12)NNC(=O)Cn1cc(Cl)cn1,7gp2-a,7goy-a
O=C(CCc1c(-c2ccc(F)cc2)[nH]c2c(F)cccc12)N1CCC(n2cc(Cl)cn2)C1,7gp2-a,7goy-a
CCC(CNC(=O)CCc1c(-c2ccc(F)cc2)[nH]c2c(F)cccc12)n1cc(Cl)cn1,7gp2-a,7goy-a
CCC(C(=O)NNC(=O)CC(c1c[nH]c2cc(Br)ccc12)C(C)C)n1nc(C)c(Cl)c1C,7gp2-a,7goy-a
Cc1nn(CCNC(=O)C(Cc2c[nH]c3ccccc23)NC(=O)OC(C)(C)C)c(C)c1Cl,7gp2-a,7goy-a
Cc1nn(CC(=O)NNC(=O)CCc2c(-c3ccccc3)[nH]c3c(Br)cccc23)cc1Cl,7gp2-a,7goy-a
CN(C(=O)OC(C)(C)C)C(Cc1c[nH]c2ccccc12)C(=O)N1CCn2ncc(Cl)c2C1,7gp2-a,7goy-a
Cc1c(Cl)cnn1CCNC(=O)C(Cc1c[nH]c2ccccc12)N(C)C(=O)OC(C)(C)C,7gp2-a,7goy-a
CN(C(=O)OC(C)(C)C)C(Cc1c[nH]c2ccccc12)C(=O)N1CC(n2cc(Cl)cn2)C1,7gp2-a,7goy-a
Cc1nn(CCNC(=O)C(Cc2c[nH]c3ccccc23)N(C)C(=O)OC(C)(C)C)cc1Cl,7gp2-a,7goy-a
COc1ccc2[nH]c(-c3ccc(F)cc3)c(CCC(=O)N3CCn4ncc(Cl)c4C3)c2c1,7gp2-a,7goy-a
COc1ccc2[nH]c(-c3ccc(F)cc3)c(CCC(=O)NCCn3ncc(Cl)c3C)c2c1,7gp2-a,7goy-a
COc1ccc2[nH]c(-c3ccc(F)cc3)c(CCC(=O)N3CC(n4cc(Cl)cn4)C3)c2c1,7gp2-a,7goy-a
Cc1cccc2[nH]cc(CC(NC(=O)OC(C)(C)C)C(=O)N3CCn4ncc(Cl)c4C3)c12,7gp2-a,7goy-a
Cc1cccc2[nH]cc(CC(NC(=O)OC(C)(C)C)C(=O)NCCn3ncc(Cl)c3C)c12,7gp2-a,7goy-a
Cc1cccc2[nH]cc(CC(NC(=O)OC(C)(C)C)C(=O)N3CC(n4cc(Cl)cn4)C3)c12,7gp2-a,7goy-a
Cc1nn(CCNC(=O)C(Cc2c[nH]c3cccc(C)c23)NC(=O)OC(C)(C)C)cc1Cl,7gp2-a,7goy-a
COc1cccc2c(CCC(=O)N3CCn4ncc(Cl)c4C3)c(-c3ccc(F)cc3)[nH]c12,7gp2-a,7goy-a
COc1cccc2c(CCC(=O)NCCn3ncc(Cl)c3C)c(-c3ccc(F)cc3)[nH]c12,7gp2-a,7goy-a
COc1cccc2c(CCC(=O)N3CC(n4cc(Cl)cn4)C3)c(-c3ccc(F)cc3)[nH]c12,7gp2-a,7goy-a
CCC(C(=O)NNC(=O)CC(c1c[nH]c2ccc(Br)cc12)C(C)C)n1nc(C)c(Cl)c1C,7gp2-a,7goy-a
Cc1nn(CCNC(=O)C(Cc2c[nH]c3c(F)cccc23)NC(=O)OC(C)(C)C)cc1Cl,7gp2-a,7goy-a
CC(C)(C)OC(=O)NC(Cc1c[nH]c2cccc(F)c12)C(=O)N1CCn2ncc(Cl)c2C1,7gp2-a,7goy-a
Cc1c(Cl)cnn1CCNC(=O)C(Cc1c[nH]c2cccc(F)c12)NC(=O)OC(C)(C)C,7gp2-a,7goy-a
CC(C)(C)OC(=O)NC(Cc1c[nH]c2cccc(F)c12)C(=O)N1CC(n2cc(Cl)cn2)C1,7gp2-a,7goy-a
Cc1nn(CCNC(=O)C(Cc2c[nH]c3cccc(F)c23)NC(=O)OC(C)(C)C)cc1Cl,7gp2-a,7goy-a
Cc1[nH]c2ccccc2c1CCC(=O)NNC(=O)Cn1nc(C(F)(F)F)c(Cl)c1C1CC1,7gp2-a,7goy-a
CC(C(=O)NNC(=O)CCc1c(-c2ccc(F)cc2)[nH]c2ccccc12)n1cc(Cl)cn1,7gp2-a,7goy-a
Cc1nn(CC(=O)NNC(=O)CCc2c(-c3ccc(F)cc3)[nH]c3ccccc23)cc1Cl,7gp2-a,7goy-a
CC(C(=O)NNC(=O)CCc1c(-c2ccccc2)[nH]c2c(Br)cccc12)n1cc(Cl)cn1,7gp2-a,7goy-a
O=C(Cn1cc(Cl)c([N+](=O)[O-])n1)NNC(=O)C(Cc1c[nH]c2ccccc12)NC(=O)CCl,7gp2-a,7goy-a
Cc1nn(C(C)C(=O)NNC(=O)C(Cc2c[nH]c3ccccc23)NC(=O)CCl)c(C)c1Cl,7gp2-a,7goy-a
Cc1nn(C(CNC(=O)C(Cc2c[nH]c3ccccc23)NC(=O)CCl)C(C)C)c(C)c1Cl,7gp2-a,7goy-a
CC(C(=O)NNC(=O)C(Cc1c[nH]c2ccccc12)NS(=O)(=O)N(C)C)n1cc(Cl)cn1,7gp2-a,7goy-a
Cc1nn(CC(=O)NNC(=O)C(Cc2c[nH]c3ccccc23)NS(=O)(=O)N(C)C)cc1Cl,7gp2-a,7goy-a
Cc1nn(CCNC(=O)CCc2c(-c3ccc(F)cc3)[nH]c3c(F)cccc23)c(C)c1Cl,7gp2-a,7goy-a
Cc1c(Cl)c(C(F)(F)F)nn1C(C)C(=O)NNC(=O)C1Cc2c(n(C)c3ccccc23)C1,7gp2-a,7goy-a
Cc1cccc2[nH]cc(CCC(=O)N3CCN(C(=O)Cn4cc(Cl)c([N+](=O)[O-])n4)CC3)c12,7gp2-a,7goy-a
Cc1cccc2[nH]cc(CCC(=O)NNC(=O)Cn3nc(C(F)(F)F)c(Cl)c3C3CC3)c12,7gp2-a,7goy-a
COc1ccc(-c2[nH]c3ccccc3c2CCC(=O)N2CCn3ncc(Cl)c3C2)c(OC)c1,7gp2-a,7goy-a
COc1ccc(-c2[nH]c3ccccc3c2CCC(=O)NCCn2ncc(Cl)c2C)c(OC)c1,7gp2-a,7goy-a
COc1ccc(-c2[nH]c3ccccc3c2CCC(=O)N2CC(n3cc(Cl)cn3)C2)c(OC)c1,7gp2-a,7goy-a
COc1ccc(-c2[nH]c3ccccc3c2CCC(=O)NCCn2cc(Cl)c(C)n2)c(OC)c1,7gp2-a,7goy-a
CC(C)(C)OC(=O)NC(Cc1c[nH]c2cccc(C#N)c12)C(=O)N1CCn2ncc(Cl)c2C1,7gp2-a,7goy-a
Cc1c(Cl)cnn1CCNC(=O)C(Cc1c[nH]c2cccc(C#N)c12)NC(=O)OC(C)(C)C,7gp2-a,7goy-a
CC(C)(C)OC(=O)NC(Cc1c[nH]c2cccc(C#N)c12)C(=O)N1CC(n2cc(Cl)cn2)C1,7gp2-a,7goy-a
Cn1cc(CCC(=O)Nc2c(Cl)cnn2C2CCN(Cc3ccccc3)C2)c2ccccc21,7gp2-a,7goy-a
CNC(=O)C(Cn1cc(Cl)cn1)NC(=O)CCc1c(-c2ccccc2)[nH]c2ccc(Br)cc12,7gp2-a,7goy-a
O=C(CCc1c(-c2ccccc2)[nH]c2ccc(Br)cc12)NCCn1cc(Cl)c(C(F)(F)F)n1,7gp2-a,7goy-a
Cc1nn(C(C)C(=O)NNC(=O)CCc2c(-c3ccccc3)[nH]c3ccc(Br)cc23)cc1Cl,7gp2-a,7goy-a
CCC(C(=O)NNC(=O)CCc1c(-c2ccccc2)[nH]c2ccc(Br)cc12)n1cc(Cl)cn1,7gp2-a,7goy-a
CCC(CNC(=O)CCc1c(-c2ccccc2)[nH]c2ccc(Br)cc12)n1nc(C)c(Cl)c1Cl,7gp2-a,7goy-a
Cc1nn(CC(=O)NNC(=O)CCc2c(-c3ccccc3)[nH]c3ccc(Br)cc23)c(C)c1Cl,7gp2-a,7goy-a
CNC(=O)C(Cn1cc(Cl)cn1)NC(=O)C(Cc1c[nH]c2ccccc12)NS(=O)(=O)N(C)C,7gp2-a,7goy-a
CN(C)S(=O)(=O)NC(Cc1c[nH]c2ccccc12)C(=O)NCCn1cc(Cl)c(C(F)(F)F)n1,7gp2-a,7goy-a
Cc1nn(C(C)C(=O)NNC(=O)C(Cc2c[nH]c3ccccc23)NS(=O)(=O)N(C)C)cc1Cl,7gp2-a,7goy-a
CCC(C(=O)NNC(=O)C(Cc1c[nH]c2ccccc12)NS(=O)(=O)N(C)C)n1cc(Cl)cn1,7gp2-a,7goy-a
CCC(CNC(=O)C(Cc1c[nH]c2ccccc12)NS(=O)(=O)N(C)C)n1nc(C)c(Cl)c1Cl,7gp2-a,7goy-a
Cc1nn(CC(=O)NNC(=O)C(Cc2c[nH]c3ccccc23)NS(=O)(=O)N(C)C)c(C)c1Cl,7gp2-a,7goy-a
CNC(=O)C(Cn1cc(Cl)cn1)NC(=O)CCc1c(-c2ccccc2)[nH]c2c(Br)cccc12,7gp2-a,7goy-a
O=C(CCc1c(-c2ccccc2)[nH]c2c(Br)cccc12)NCCn1cc(Cl)c(C(F)(F)F)n1,7gp2-a,7goy-a
CNC(=O)C(Cn1cc(Cl)cn1)NC(=O)CCc1c(-c2ccc(F)cc2)[nH]c2ccccc12,7gp2-a,7goy-a
O=C(CCc1c(-c2ccc(F)cc2)[nH]c2ccccc12)NCCn1cc(Cl)c(C(F)(F)F)n1,7gp2-a,7goy-a
Cc1nn(C(C)C(=O)NNC(=O)CCc2c(-c3ccc(F)cc3)[nH]c3ccccc23)cc1Cl,7gp2-a,7goy-a
CCC(C(=O)NNC(=O)CCc1c(-c2ccc(F)cc2)[nH]c2ccccc12)n1cc(Cl)cn1,7gp2-a,7goy-a
CCC(CNC(=O)CCc1c(-c2ccc(F)cc2)[nH]c2ccccc12)n1nc(C)c(Cl)c1Cl,7gp2-a,7goy-a
Cc1nn(CC(=O)NNC(=O)CCc2c(-c3ccc(F)cc3)[nH]c3ccccc23)c(C)c1Cl,7gp2-a,7goy-a
Cc1nn(C(C)C(=O)NNC(=O)CCc2c(-c3ccccc3)[nH]c3c(Br)cccc23)cc1Cl,7gp2-a,7goy-a
CCC(C(=O)NNC(=O)CCc1c(-c2ccccc2)[nH]c2c(Br)cccc12)n1cc(Cl)cn1,7gp2-a,7goy-a
CCC(CNC(=O)CCc1c(-c2ccccc2)[nH]c2c(Br)cccc12)n1nc(C)c(Cl)c1Cl,7gp2-a,7goy-a
Cc1nn(CC(=O)NNC(=O)CCc2c(-c3ccccc3)[nH]c3c(Br)cccc23)c(C)c1Cl,7gp2-a,7goy-a
Cc1nn(CCNC(=O)C(Cc2c[nH]c3ccccc23)N(C)C(=O)OC(C)(C)C)c(C)c1Cl,7gp2-a,7goy-a
COc1ccc2[nH]c(-c3ccc(F)cc3)c(CCC(=O)NNC(=O)Cn3cc(Cl)cn3)c2c1,7gp2-a,7goy-a
COc1ccc2[nH]c(-c3ccc(F)cc3)c(CCC(=O)N3CCC(n4cc(Cl)cn4)C3)c2c1,7gp2-a,7goy-a
CCC(CNC(=O)CCc1c(-c2ccc(F)cc2)[nH]c2ccc(OC)cc12)n1cc(Cl)cn1,7gp2-a,7goy-a
COc1ccc2[nH]c(-c3ccc(F)cc3)c(CCC(=O)NCCn3nc(C)c(Cl)c3C)c2c1,7gp2-a,7goy-a
CC(C)(C)OC(=O)NC(Cc1c[nH]c2cc(Cl)ccc12)C(=O)NNC(=O)Cn1cc(Cl)cn1,7gp2-a,7goy-a
CC(C)(C)OC(=O)NC(Cc1c[nH]c2cc(Cl)ccc12)C(=O)N1CCC(n2cc(Cl)cn2)C1,7gp2-a,7goy-a
CCC(CNC(=O)C(Cc1c[nH]c2cc(Cl)ccc12)NC(=O)OC(C)(C)C)n1cc(Cl)cn1,7gp2-a,7goy-a
Cc1nn(CCNC(=O)C(Cc2c[nH]c3cc(Cl)ccc23)NC(=O)OC(C)(C)C)c(C)c1Cl,7gp2-a,7goy-a
CN(C(=O)OC(C)(C)C)C(Cc1c[nH]c2ccccc12)C(=O)NNC(=O)Cn1cc(Cl)cn1,7gp2-a,7goy-a
CN(C(=O)OC(C)(C)C)C(Cc1c[nH]c2ccccc12)C(=O)N1CCC(n2cc(Cl)cn2)C1,7gp2-a,7goy-a
CCC(CNC(=O)C(Cc1c[nH]c2ccccc12)N(C)C(=O)OC(C)(C)C)n1cc(Cl)cn1,7gp2-a,7goy-a
CNC(=O)C(Cn1cc(Cl)cn1)NC(=O)CCc1c(-c2ccccc2)[nH]c2ccc(Cl)cc12,7gp2-a,7goy-a
O=C(CCc1c(-c2ccccc2)[nH]c2ccc(Cl)cc12)NCCn1cc(Cl)c(C(F)(F)F)n1,7gp2-a,7goy-a
Cc1nn(C(C)C(=O)NNC(=O)CCc2c(-c3ccccc3)[nH]c3ccc(Cl)cc23)cc1Cl,7gp2-a,7goy-a
CCC(C(=O)NNC(=O)CCc1c(-c2ccccc2)[nH]c2ccc(Cl)cc12)n1cc(Cl)cn1,7gp2-a,7goy-a
CCC(CNC(=O)CCc1c(-c2ccccc2)[nH]c2ccc(Cl)cc12)n1nc(C)c(Cl)c1Cl,7gp2-a,7goy-a
Cc1nn(CC(=O)NNC(=O)CCc2c(-c3ccccc3)[nH]c3ccc(Cl)cc23)c(C)c1Cl,7gp2-a,7goy-a
CNC(=O)C(Cn1cc(Cl)cn1)NC(=O)CCc1c(-c2ccccc2)[nH]c2c(F)cccc12,7gp2-a,7goy-a
O=C(CCc1c(-c2ccccc2)[nH]c2c(F)cccc12)NCCn1cc(Cl)c(C(F)(F)F)n1,7gp2-a,7goy-a
CNC(=O)C(Cn1cc(Cl)cn1)NC(=O)C1Cc2c([nH]c3ccccc23)C2(C)CCC(=O)N12,7gp2-a,7goy-a
Cc1nn(C(C)C(=O)NNC(=O)CCc2c(-c3ccccc3)[nH]c3c(F)cccc23)cc1Cl,7gp2-a,7goy-a
CCC(C(=O)NNC(=O)CCc1c(-c2ccccc2)[nH]c2c(F)cccc12)n1cc(Cl)cn1,7gp2-a,7goy-a
CCC(CNC(=O)CCc1c(-c2ccccc2)[nH]c2c(F)cccc12)n1nc(C)c(Cl)c1Cl,7gp2-a,7goy-a
Cc1nn(CC(=O)NNC(=O)CCc2c(-c3ccccc3)[nH]c3c(F)cccc23)c(C)c1Cl,7gp2-a,7goy-a
CNC(=O)C(Cn1cc(Cl)cn1)NC(=O)CCc1c(-c2ccccc2)[nH]c2c(Cl)cccc12,7gp2-a,7goy-a
O=C(CCc1c(-c2ccccc2)[nH]c2c(Cl)cccc12)NCCn1cc(Cl)c(C(F)(F)F)n1,7gp2-a,7goy-a
Cc1nn(C(C)C(=O)NNC(=O)CCc2c(-c3ccccc3)[nH]c3c(Cl)cccc23)cc1Cl,7gp2-a,7goy-a
CCC(C(=O)NNC(=O)CCc1c(-c2ccccc2)[nH]c2c(Cl)cccc12)n1cc(Cl)cn1,7gp2-a,7goy-a
CCC(CNC(=O)CCc1c(-c2ccccc2)[nH]c2c(Cl)cccc12)n1nc(C)c(Cl)c1Cl,7gp2-a,7goy-a
Cc1nn(CC(=O)NNC(=O)CCc2c(-c3ccccc3)[nH]c3c(Cl)cccc23)c(C)c1Cl,7gp2-a,7goy-a
CNC(=O)C(Cn1cc(Cl)cn1)NC(=O)C(Cc1c[nH]c2ccccc12)n1c(C)ccc1C,7gp2-a,7goy-a
Cc1ccc(C)n1C(Cc1c[nH]c2ccccc12)C(=O)NCCn1cc(Cl)c(C(F)(F)F)n1,7gp2-a,7goy-a
Cc1nn(C(C)C(=O)NNC(=O)C(Cc2c[nH]c3ccccc23)n2c(C)ccc2C)cc1Cl,7gp2-a,7goy-a
CCC(C(=O)NNC(=O)C(Cc1c[nH]c2ccccc12)n1c(C)ccc1C)n1cc(Cl)cn1,7gp2-a,7goy-a
CCC(CNC(=O)C(Cc1c[nH]c2ccccc12)n1c(C)ccc1C)n1nc(C)c(Cl)c1Cl,7gp2-a,7goy-a
Cc1nn(CC(=O)NNC(=O)C(Cc2c[nH]c3ccccc23)n2c(C)ccc2C)c(C)c1Cl,7gp2-a,7goy-a
CNC(=O)C(Cn1cc(Cl)cn1)NC(=O)C(Cc1c[nH]c2ccccc12)NC(=O)CC(C)C,7gp2-a,7goy-a
CC(C)CC(=O)NC(Cc1c[nH]c2ccccc12)C(=O)NCCn1cc(Cl)c(C(F)(F)F)n1,7gp2-a,7goy-a
Cc1nn(C(C)C(=O)NNC(=O)C(Cc2c[nH]c3ccccc23)NC(=O)CC(C)C)cc1Cl,7gp2-a,7goy-a
CCC(C(=O)NNC(=O)C(Cc1c[nH]c2ccccc12)NC(=O)CC(C)C)n1cc(Cl)cn1,7gp2-a,7goy-a
CCC(CNC(=O)C(Cc1c[nH]c2ccccc12)NC(=O)CC(C)C)n1nc(C)c(Cl)c1Cl,7gp2-a,7goy-a
Cc1nn(CC(=O)NNC(=O)C(Cc2c[nH]c3ccccc23)NC(=O)CC(C)C)c(C)c1Cl,7gp2-a,7goy-a
CC(O)C(=O)NC(Cc1c[nH]c2ccccc12)C(=O)NNC(=O)Cn1cc(Cl)c([N+](=O)[O-])n1,7gp2-a,7goy-a
Cc1nn(C(C)C(=O)NNC(=O)C(Cc2c[nH]c3ccccc23)NC(=O)C(C)O)c(C)c1Cl,7gp2-a,7goy-a
Cc1nn(C(CNC(=O)C(Cc2c[nH]c3ccccc23)NC(=O)C(C)O)C(C)C)c(C)c1Cl,7gp2-a,7goy-a
COc1ccc(-c2[nH]c3ccc(F)cc3c2CCC(=O)NNC(=O)Cn2cc(Cl)cn2)cc1,7gp2-a,7goy-a
COc1ccc(-c2[nH]c3ccc(F)cc3c2CCC(=O)N2CCC(n3cc(Cl)cn3)C2)cc1,7gp2-a,7goy-a
CCC(CNC(=O)CCc1c(-c2ccc(OC)cc2)[nH]c2ccc(F)cc12)n1cc(Cl)cn1,7gp2-a,7goy-a
COc1ccc(-c2[nH]c3ccc(F)cc3c2CCC(=O)NCCn2nc(C)c(Cl)c2C)cc1,7gp2-a,7goy-a
CNC(=O)C(Cn1cc(Cl)cn1)NC(=O)C(Cc1c[nH]c2ccccc12)N1C(=O)C=CC1=O,7gp2-a,7goy-a
O=C(NCCn1cc(Cl)c(C(F)(F)F)n1)C(Cc1c[nH]c2ccccc12)N1C(=O)C=CC1=O,7gp2-a,7goy-a
Cc1nn(C(C)C(=O)NNC(=O)C(Cc2c[nH]c3ccccc23)N2C(=O)C=CC2=O)cc1Cl,7gp2-a,7goy-a
CCC(C(=O)NNC(=O)C(Cc1c[nH]c2ccccc12)N1C(=O)C=CC1=O)n1cc(Cl)cn1,7gp2-a,7goy-a
CCC(CNC(=O)C(Cc1c[nH]c2ccccc12)N1C(=O)C=CC1=O)n1nc(C)c(Cl)c1Cl,7gp2-a,7goy-a
Cc1nn(CC(=O)NNC(=O)C(Cc2c[nH]c3ccccc23)N2C(=O)C=CC2=O)c(C)c1Cl,7gp2-a,7goy-a
CC(C)C(=O)NC(Cc1c[nH]c2ccccc12)C(=O)NNC(=O)Cn1cc(Cl)c([N+](=O)[O-])n1,7gp2-a,7goy-a
Cc1nn(C(C)C(=O)NNC(=O)C(Cc2c[nH]c3ccccc23)NC(=O)C(C)C)c(C)c1Cl,7gp2-a,7goy-a
Cc1nn(C(CNC(=O)C(Cc2c[nH]c3ccccc23)NC(=O)C(C)C)C(C)C)c(C)c1Cl,7gp2-a,7goy-a
Cc1ccc2[nH]c(-c3cccs3)c(CCC(=O)NNC(=O)Cn3cc(Cl)c([N+](=O)[O-])n3)c2c1,7gp2-a,7goy-a
Cc1ccc2[nH]c(-c3cccs3)c(CCC(=O)NNC(=O)C(C)n3nc(C)c(Cl)c3C)c2c1,7gp2-a,7goy-a
Cc1ccc2[nH]c(-c3cccs3)c(CCC(=O)NCC(C(C)C)n3nc(C)c(Cl)c3C)c2c1,7gp2-a,7goy-a
O=C(Cn1cc(Cl)c([N+](=O)[O-])n1)NNC(=O)C(Cc1c[nH]c2ccccc12)NC(=O)C1CC1,7gp2-a,7goy-a
Cc1nn(C(C)C(=O)NNC(=O)C(Cc2c[nH]c3ccccc23)NC(=O)C2CC2)c(C)c1Cl,7gp2-a,7goy-a
Cc1nn(C(CNC(=O)C(Cc2c[nH]c3ccccc23)NC(=O)C2CC2)C(C)C)c(C)c1Cl,7gp2-a,7goy-a
CNC(=O)C(Cn1cc(Cl)cn1)NC(=O)CCc1c(-c2ccccc2)[nH]c2ccc(F)cc12,7gp2-a,7goy-a
O=C(CCc1c(-c2ccccc2)[nH]c2ccc(F)cc12)NCCn1cc(Cl)c(C(F)(F)F)n1,7gp2-a,7goy-a
Cc1nn(C(C)C(=O)NNC(=O)CCc2c(-c3ccccc3)[nH]c3ccc(F)cc23)cc1Cl,7gp2-a,7goy-a
CCC(C(=O)NNC(=O)CCc1c(-c2ccccc2)[nH]c2ccc(F)cc12)n1cc(Cl)cn1,7gp2-a,7goy-a
CCC(CNC(=O)CCc1c(-c2ccccc2)[nH]c2ccc(F)cc12)n1nc(C)c(Cl)c1Cl,7gp2-a,7goy-a
Cc1nn(CC(=O)NNC(=O)CCc2c(-c3ccccc3)[nH]c3ccc(F)cc23)c(C)c1Cl,7gp2-a,7goy-a
O=C(CCc1c(-c2ccccc2)[nH]c2ccccc12)NNC(=O)Cn1cc(Cl)c([N+](=O)[O-])n1,7gp2-a,7goy-a
Cc1nn(C(C)C(=O)NNC(=O)CCc2c(-c3ccccc3)[nH]c3ccccc23)c(C)c1Cl,7gp2-a,7goy-a
Cc1nn(C(CNC(=O)CCc2c(-c3ccccc3)[nH]c3ccccc23)C(C)C)c(C)c1Cl,7gp2-a,7goy-a
CCC(C(=O)NNC(=O)CC(O)(c1c[nH]c2ccccc12)C(F)(F)F)n1nc(C)c(Cl)c1C,7gp2-a,7goy-a
CCC(C(=O)NNC(=O)C(Cc1c[nH]c2c(C)cccc12)NC(C)=O)n1nc(C)c(Cl)c1C,7gp2-a,7goy-a
CCC(C(=O)NNC(=O)C(Cc1c[nH]c2cc(F)ccc12)NC(C)=O)n1nc(C)c(Cl)c1C,7gp2-a,7goy-a
CCC(C(=O)NNC(=O)C1Cc2c([nH]c3ccccc23)CN1C(C)=O)n1nc(C)c(Cl)c1C,7gp2-a,7goy-a
CCC(C(=O)NNC(=O)C(Cc1c[nH]c2ccc(Br)cc12)NC(C)=O)n1nc(C)c(Cl)c1C,7gp2-a,7goy-a
Cc1nn(CCNC(=O)C(Cc2c[nH]c3cccc(C)c23)NC(=O)OC(C)(C)C)c(C)c1Cl,7gp2-a,7goy-a
Cn1cc(CC(NC(=O)OC(C)(C)C)C(=O)NNC(=O)Cn2cc(Cl)cn2)c2ccccc21,7gp2-a,7goy-a
Cn1cc(CC(NC(=O)OC(C)(C)C)C(=O)N2CCC(n3cc(Cl)cn3)C2)c2ccccc21,7gp2-a,7goy-a
CCC(CNC(=O)C(Cc1cn(C)c2ccccc12)NC(=O)OC(C)(C)C)n1cc(Cl)cn1,7gp2-a,7goy-a
Cc1nn(CCNC(=O)C(Cc2cn(C)c3ccccc23)NC(=O)OC(C)(C)C)c(C)c1Cl,7gp2-a,7goy-a
COc1cccc2c(CCC(=O)NNC(=O)Cn3cc(Cl)cn3)c(-c3ccc(F)cc3)[nH]c12,7gp2-a,7goy-a
COc1cccc2c(CCC(=O)N3CCC(n4cc(Cl)cn4)C3)c(-c3ccc(F)cc3)[nH]c12,7gp2-a,7goy-a
CCC(CNC(=O)CCc1c(-c2ccc(F)cc2)[nH]c2c(OC)cccc12)n1cc(Cl)cn1,7gp2-a,7goy-a
COc1cccc2c(CCC(=O)NCCn3nc(C)c(Cl)c3C)c(-c3ccc(F)cc3)[nH]c12,7gp2-a,7goy-a
CCC(C(=O)NNC(=O)C(Cc1c[nH]c2ccccc12)NC(=O)CCl)n1nc(C)c(Cl)c1C,7gp2-a,7goy-a
Cc1c(Cl)c(C(F)(F)F)nn1CC(=O)NNC(=O)CC(c1c[nH]c2ccc(Br)cc12)C(C)C,7gp2-a,7goy-a
Cc1c(Cl)c(C(F)(F)F)nn1CC(=O)NNC(=O)CC(c1c[nH]c2cc(Br)ccc12)C(C)C,7gp2-a,7goy-a
Cc1c(Cl)c(C(F)(F)F)nn1CC(=O)NNC(=O)CC(c1c[nH]c2c(Br)cccc12)C(C)C,7gp2-a,7goy-a
COCCn1cc(CCC(=O)NNC(=O)Cn2nc(C(F)(F)F)c(Cl)c2C)c2ccccc21,7gp2-a,7goy-a
CC(C(=O)NNC(=O)CCc1c(-c2ccc(F)cc2)[nH]c2ccc(F)cc12)n1cc(Cl)cn1,7gp2-a,7goy-a
Cc1nn(CC(=O)NNC(=O)CCc2c(-c3ccc(F)cc3)[nH]c3ccc(F)cc23)cc1Cl,7gp2-a,7goy-a
CC(C(=O)NNC(=O)C(Cc1c[nH]c2ccccc12)NC(=O)OC(C)(C)C)n1cc(Cl)cn1,7gp2-a,7goy-a
Cc1nn(CC(=O)NNC(=O)C(Cc2c[nH]c3ccccc23)NC(=O)OC(C)(C)C)cc1Cl,7gp2-a,7goy-a
O=C(Cn1cc(Cl)cn1)NNC(=O)C(Cc1c[nH]c2ccccc12)NS(=O)(=O)c1cccs1,7gp2-a,7goy-a
O=C(C(Cc1c[nH]c2ccccc12)NS(=O)(=O)c1cccs1)N1CCC(n2cc(Cl)cn2)C1,7gp2-a,7goy-a
CCC(CNC(=O)C(Cc1c[nH]c2ccccc12)NS(=O)(=O)c1cccs1)n1cc(Cl)cn1,7gp2-a,7goy-a
Cc1nn(CCNC(=O)C(Cc2c[nH]c3ccccc23)NS(=O)(=O)c2cccs2)c(C)c1Cl,7gp2-a,7goy-a
Cc1cccc2[nH]cc(CC(NC(=O)OC(C)(C)C)C(=O)NNC(=O)Cn3cc(Cl)cn3)c12,7gp2-a,7goy-a
Cc1cccc2[nH]cc(CC(NC(=O)OC(C)(C)C)C(=O)N3CCC(n4cc(Cl)cn4)C3)c12,7gp2-a,7goy-a
CCC(CNC(=O)C(Cc1c[nH]c2cccc(C)c12)NC(=O)OC(C)(C)C)n1cc(Cl)cn1,7gp2-a,7goy-a
Cc1c(Cl)c(C(F)(F)F)nn1CC(=O)NNC(=O)C(Cc1c[nH]c2ccccc12)NC(N)=O,7gp2-a,7goy-a
CC(=O)NC(Cc1c[nH]c2ccccc12)C(=O)NNC(=O)Cn1nc(C(F)(F)F)c(Cl)c1C,7gp2-a,7goy-a
CC(C)(C)OC(=O)NC(Cc1c[nH]c2cccc(F)c12)C(=O)NNC(=O)Cn1cc(Cl)cn1,7gp2-a,7goy-a
CC(C)(C)OC(=O)NC(Cc1c[nH]c2cccc(F)c12)C(=O)N1CCC(n2cc(Cl)cn2)C1,7gp2-a,7goy-a
CCC(CNC(=O)C(Cc1c[nH]c2cccc(F)c12)NC(=O)OC(C)(C)C)n1cc(Cl)cn1,7gp2-a,7goy-a
Cc1nn(CCNC(=O)C(Cc2c[nH]c3cccc(F)c23)NC(=O)OC(C)(C)C)c(C)c1Cl,7gp2-a,7goy-a
Cc1c(Cl)c(C(F)(F)F)nn1C(C)C(=O)NNC(=O)CC(c1c[nH]c2ccccc12)C(C)C,7gp2-a,7goy-a
CC(C)C(CC(=O)NNC(=O)Cn1nc(C(F)F)c(Cl)c1C1CC1)c1c[nH]c2ccccc12,7gp2-a,7goy-a
Cc1[nH]c2ccccc2c1CC(F)(F)C(=O)NNC(=O)C(C)n1nc(C(F)(F)F)c(Cl)c1C,7gp2-a,7goy-a
Cc1[nH]c2ccccc2c1CC(F)(F)C(=O)NNC(=O)Cn1nc(C(F)F)c(Cl)c1C1CC1,7gp2-a,7goy-a
CC(C(=O)NNC(=O)CCc1c(-c2ccc(Cl)cc2)[nH]c2ccc(Cl)cc12)n1cc(Cl)cn1,7gp2-a,7goy-a
Cc1nn(CC(=O)NNC(=O)CCc2c(-c3ccc(Cl)cc3)[nH]c3ccc(Cl)cc23)cc1Cl,7gp2-a,7goy-a
COc1cccc2c(CCC(=O)NNC(=O)C(C)n3cc(Cl)cn3)c(-c3ccccc3)[nH]c12,7gp2-a,7goy-a
COc1cccc2c(CCC(=O)NNC(=O)Cn3cc(Cl)c(C)n3)c(-c3ccccc3)[nH]c12,7gp2-a,7goy-a
O=C(NC(Cc1c[nH]c2ccccc12)C(=O)N1CCn2ncc(Cl)c2C1)c1ccc(Cl)cc1,7gp2-a,7goy-a
Cc1c(Cl)cnn1CCNC(=O)C(Cc1c[nH]c2ccccc12)NC(=O)c1ccc(Cl)cc1,7gp2-a,7goy-a
O=C(NC(Cc1c[nH]c2ccccc12)C(=O)N1CC(n2cc(Cl)cn2)C1)c1ccc(Cl)cc1,7gp2-a,7goy-a
Cc1nn(CCNC(=O)C(Cc2c[nH]c3ccccc23)NC(=O)c2ccc(Cl)cc2)cc1Cl,7gp2-a,7goy-a
CC(C)(C)OC(=O)NC(Cc1c[nH]c2c(F)cccc12)C(=O)NNC(=O)Cn1cc(Cl)cn1,7gp2-a,7goy-a
CC(C)(C)OC(=O)NC(Cc1c[nH]c2c(F)cccc12)C(=O)N1CCC(n2cc(Cl)cn2)C1,7gp2-a,7goy-a
CCC(CNC(=O)C(Cc1c[nH]c2c(F)cccc12)NC(=O)OC(C)(C)C)n1cc(Cl)cn1,7gp2-a,7goy-a
Cc1nn(CCNC(=O)C(Cc2c[nH]c3c(F)cccc23)NC(=O)OC(C)(C)C)c(C)c1Cl,7gp2-a,7goy-a
CCC(CC(=O)N1CCN(C(=O)Cn2cc(Cl)c([N+](=O)[O-])n2)CC1)c1c[nH]c2ccccc12,7gp2-a,7goy-a
CCC(CC(=O)NNC(=O)Cn1nc(C(F)(F)F)c(Cl)c1C1CC1)c1c[nH]c2ccccc12,7gp2-a,7goy-a
CC(C(=O)NNC(=O)CCc1c(-c2ccc(F)cc2)[nH]c2c(F)cccc12)n1cc(Cl)cn1,7gp2-a,7goy-a
Cc1nn(CC(=O)NNC(=O)CCc2c(-c3ccc(F)cc3)[nH]c3c(F)cccc23)cc1Cl,7gp2-a,7goy-a
Cn1c2c(c3ccccc31)CC(C(=O)N1CCN(C(=O)Cn3cc(Cl)c([N+](=O)[O-])n3)CC1)C2,7gp2-a,7goy-a
Cc1ccc2[nH]c(-c3ccc(Br)cc3)c(CCC(=O)NNC(=O)C(C)n3cc(Cl)cn3)c2c1,7gp2-a,7goy-a
Cc1ccc2[nH]c(-c3ccc(Br)cc3)c(CCC(=O)NNC(=O)Cn3cc(Cl)c(C)n3)c2c1,7gp2-a,7goy-a
Cc1c(Cl)cnn1CCNC(=O)C(Cc1c[nH]c2ccccc12)NC(=O)c1ccc(F)cc1,7gp2-a,7goy-a
O=C(NC(Cc1c[nH]c2ccccc12)C(=O)N1CC(n2cc(Cl)cn2)C1)c1ccc(F)cc1,7gp2-a,7goy-a
Cc1nn(CCNC(=O)C(Cc2c[nH]c3ccccc23)NC(=O)c2ccc(F)cc2)cc1Cl,7gp2-a,7goy-a
O=C(NC(Cc1c[nH]c2ccccc12)C(=O)N1CCn2ncc(Cl)c2C1)c1ccccc1Cl,7gp2-a,7goy-a
Cc1c(Cl)cnn1CCNC(=O)C(Cc1c[nH]c2ccccc12)NC(=O)c1ccccc1Cl,7gp2-a,7goy-a
O=C(NC(Cc1c[nH]c2ccccc12)C(=O)N1CC(n2cc(Cl)cn2)C1)c1ccccc1Cl,7gp2-a,7goy-a
Cc1nn(CCNC(=O)C(Cc2c[nH]c3ccccc23)NC(=O)c2ccccc2Cl)cc1Cl,7gp2-a,7goy-a
COc1ccc2c(CCC(=O)N3CCN(C(=O)Cn4cc(Cl)c([N+](=O)[O-])n4)CC3)c[nH]c2c1,7gp2-a,7goy-a
COc1ccc2c(CCC(=O)NNC(=O)Cn3nc(C(F)(F)F)c(Cl)c3C3CC3)c[nH]c2c1,7gp2-a,7goy-a
O=C(Cn1cc(Cl)c([N+](=O)[O-])n1)N1CCN(C(=O)C2Cc3c([nH]c4ccccc34)C=N2)CC1,7gp2-a,7goy-a
COc1ccc(-c2[nH]c3ccccc3c2CCC(=O)NNC(=O)C(C)n2cc(Cl)cn2)cc1,7gp2-a,7goy-a
COc1ccc(-c2[nH]c3ccccc3c2CCC(=O)NNC(=O)Cn2cc(Cl)c(C)n2)cc1,7gp2-a,7goy-a
CC(C(=O)NNC(=O)CCc1c(-c2ccc(F)cc2)[nH]c2c(Cl)cccc12)n1cc(Cl)cn1,7gp2-a,7goy-a
Cc1nn(CC(=O)NNC(=O)CCc2c(-c3ccc(F)cc3)[nH]c3c(Cl)cccc23)cc1Cl,7gp2-a,7goy-a
CC(C(=O)NNC(=O)CCc1cn(Cc2ccc(Cl)cc2)c2ccccc12)n1cc(Cl)cn1,7gp2-a,7goy-a
Cc1nn(CC(=O)NNC(=O)CCc2cn(Cc3ccc(Cl)cc3)c3ccccc23)cc1Cl,7gp2-a,7goy-a
Cc1nn(CCNC(=O)C(Cc2c[nH]c3cccc(C#N)c23)NC(=O)OC(C)(C)C)cc1Cl,7gp2-a,7goy-a
O=C(C(Cc1c[nH]c2ccccc12)NS(=O)(=O)c1ccccc1)N1CCn2ncc(Cl)c2C1,7gp2-a,7goy-a
Cc1c(Cl)cnn1CCNC(=O)C(Cc1c[nH]c2ccccc12)NS(=O)(=O)c1ccccc1,7gp2-a,7goy-a
O=C(C(Cc1c[nH]c2ccccc12)NS(=O)(=O)c1ccccc1)N1CC(n2cc(Cl)cn2)C1,7gp2-a,7goy-a
Cc1nn(CCNC(=O)C(Cc2c[nH]c3ccccc23)NS(=O)(=O)c2ccccc2)cc1Cl,7gp2-a,7goy-a
O=C(NC(Cc1c[nH]c2ccccc12)C(=O)N1CCn2ncc(Cl)c2C1)c1ccc(F)cc1,7gp2-a,7goy-a
CC(CC(=O)Nc1c(Cl)cnn1C1CCN(Cc2ccccc2)C1)c1c[nH]c2ccccc12,7gp2-a,7goy-a
O=C(CCc1c[nH]c2cc(Cl)ccc12)Nc1c(Cl)cnn1C1CCN(Cc2ccccc2)C1,7gp2-a,7goy-a
Cc1cccc2c(CCC(=O)Nc3c(Cl)cnn3C3CCN(Cc4ccccc4)C3)c[nH]c12,7gp2-a,7goy-a
Cc1ccc2[nH]cc(CCC(=O)Nc3c(Cl)cnn3C3CCN(Cc4ccccc4)C3)c2c1,7gp2-a,7goy-a
Cc1[nH]c2ccccc2c1CCC(=O)Nc1c(Cl)cnn1C1CCN(Cc2ccccc2)C1,7gp2-a,7goy-a
Cc1ccc2c(CCC(=O)Nc3c(Cl)cnn3C3CCN(Cc4ccccc4)C3)c[nH]c2c1,7gp2-a,7goy-a
CC(C(=O)NNC(=O)C(Cc1c[nH]c2ccccc12)NC(=O)c1cccs1)n1cc(Cl)cn1,7gp2-a,7goy-a
Cc1nn(CC(=O)NNC(=O)C(Cc2c[nH]c3ccccc23)NC(=O)c2cccs2)cc1Cl,7gp2-a,7goy-a
Cc1cccc2[nH]cc(CCC(=O)Nc3c(Cl)cnn3C3CCN(Cc4ccccc4)C3)c12,7gp2-a,7goy-a
COc1ccc(-c2[nH]c3ccccc3c2CCC(=O)NNC(=O)Cn2cc(Cl)cn2)c(OC)c1,7gp2-a,7goy-a
COc1ccc(-c2[nH]c3ccccc3c2CCC(=O)N2CCC(n3cc(Cl)cn3)C2)c(OC)c1,7gp2-a,7goy-a
CCC(CNC(=O)CCc1c(-c2ccc(OC)cc2OC)[nH]c2ccccc12)n1cc(Cl)cn1,7gp2-a,7goy-a
COc1ccc(-c2[nH]c3ccccc3c2CCC(=O)NCCn2nc(C)c(Cl)c2C)c(OC)c1,7gp2-a,7goy-a
CC(C)(C)OC(=O)NC(Cc1c[nH]c2cccc(C#N)c12)C(=O)NNC(=O)Cn1cc(Cl)cn1,7gp2-a,7goy-a
CC(C)(C)OC(=O)NC(Cc1c[nH]c2cccc(C#N)c12)C(=O)N1CCC(n2cc(Cl)cn2)C1,7gp2-a,7goy-a
CCC(CNC(=O)C(Cc1c[nH]c2cccc(C#N)c12)NC(=O)OC(C)(C)C)n1cc(Cl)cn1,7gp2-a,7goy-a
Cc1nn(CCNC(=O)C(Cc2c[nH]c3cccc(C#N)c23)NC(=O)OC(C)(C)C)c(C)c1Cl,7gp2-a,7goy-a
CNC(=O)C(Cn1cc(Cl)cn1)NC(=O)C(Cc1c[nH]c2ccccc12)NC(=O)c1cccs1,7gp2-a,7goy-a
O=C(NC(Cc1c[nH]c2ccccc12)C(=O)NCCn1cc(Cl)c(C(F)(F)F)n1)c1cccs1,7gp2-a,7goy-a
Cc1nn(C(C)C(=O)NNC(=O)C(Cc2c[nH]c3ccccc23)NC(=O)c2cccs2)cc1Cl,7gp2-a,7goy-a
CCC(C(=O)NNC(=O)C(Cc1c[nH]c2ccccc12)NC(=O)c1cccs1)n1cc(Cl)cn1,7gp2-a,7goy-a
CCC(CNC(=O)C(Cc1c[nH]c2ccccc12)NC(=O)c1cccs1)n1nc(C)c(Cl)c1Cl,7gp2-a,7goy-a
Cc1nn(CC(=O)NNC(=O)C(Cc2c[nH]c3ccccc23)NC(=O)c2cccs2)c(C)c1Cl,7gp2-a,7goy-a
CNC(=O)C(Cn1cc(Cl)cn1)NC(=O)CCc1cn(Cc2ccc(Cl)cc2)c2ccccc12,7gp2-a,7goy-a
O=C(CCc1cn(Cc2ccc(Cl)cc2)c2ccccc12)NCCn1cc(Cl)c(C(F)(F)F)n1,7gp2-a,7goy-a
Cc1nn(C(C)C(=O)NNC(=O)CCc2cn(Cc3ccc(Cl)cc3)c3ccccc23)cc1Cl,7gp2-a,7goy-a
CCC(C(=O)NNC(=O)CCc1cn(Cc2ccc(Cl)cc2)c2ccccc12)n1cc(Cl)cn1,7gp2-a,7goy-a
CCC(CNC(=O)CCc1cn(Cc2ccc(Cl)cc2)c2ccccc12)n1nc(C)c(Cl)c1Cl,7gp2-a,7goy-a
Cc1nn(CC(=O)NNC(=O)CCc2cn(Cc3ccc(Cl)cc3)c3ccccc23)c(C)c1Cl,7gp2-a,7goy-a
CNC(=O)C(Cn1cc(Cl)cn1)NC(=O)CCc1c(-c2ccc(OC)cc2)[nH]c2ccccc12,7gp2-a,7goy-a
COc1ccc(-c2[nH]c3ccccc3c2CCC(=O)NCCn2cc(Cl)c(C(F)(F)F)n2)cc1,7gp2-a,7goy-a
COc1ccc(-c2[nH]c3ccccc3c2CCC(=O)NNC(=O)C(C)n2cc(Cl)c(C)n2)cc1,7gp2-a,7goy-a
CCC(C(=O)NNC(=O)CCc1c(-c2ccc(OC)cc2)[nH]c2ccccc12)n1cc(Cl)cn1,7gp2-a,7goy-a
CCC(CNC(=O)CCc1c(-c2ccc(OC)cc2)[nH]c2ccccc12)n1nc(C)c(Cl)c1Cl,7gp2-a,7goy-a
COc1ccc(-c2[nH]c3ccccc3c2CCC(=O)NNC(=O)Cn2nc(C)c(Cl)c2C)cc1,7gp2-a,7goy-a
CNC(=O)C(Cn1cc(Cl)cn1)NC(=O)CCc1c(-c2ccc(F)cc2)[nH]c2c(Cl)cccc12,7gp2-a,7goy-a
O=C(CCc1c(-c2ccc(F)cc2)[nH]c2c(Cl)cccc12)NCCn1cc(Cl)c(C(F)(F)F)n1,7gp2-a,7goy-a
Cc1nn(C(C)C(=O)NNC(=O)CCc2c(-c3ccc(F)cc3)[nH]c3c(Cl)cccc23)cc1Cl,7gp2-a,7goy-a
CCC(C(=O)NNC(=O)CCc1c(-c2ccc(F)cc2)[nH]c2c(Cl)cccc12)n1cc(Cl)cn1,7gp2-a,7goy-a
CCC(CNC(=O)CCc1c(-c2ccc(F)cc2)[nH]c2c(Cl)cccc12)n1nc(C)c(Cl)c1Cl,7gp2-a,7goy-a
Cc1nn(CC(=O)NNC(=O)CCc2c(-c3ccc(F)cc3)[nH]c3c(Cl)cccc23)c(C)c1Cl,7gp2-a,7goy-a
CNC(=O)C(Cn1cc(Cl)cn1)NC(=O)CCc1c(-c2ccc(Br)cc2)[nH]c2ccc(C)cc12,7gp2-a,7goy-a
Cc1ccc2[nH]c(-c3ccc(Br)cc3)c(CCC(=O)NCCn3cc(Cl)c(C(F)(F)F)n3)c2c1,7gp2-a,7goy-a
Cc1ccc2[nH]c(-c3ccc(Br)cc3)c(CCC(=O)NNC(=O)C(C)n3cc(Cl)c(C)n3)c2c1,7gp2-a,7goy-a
CCC(C(=O)NNC(=O)CCc1c(-c2ccc(Br)cc2)[nH]c2ccc(C)cc12)n1cc(Cl)cn1,7gp2-a,7goy-a
CCC(CNC(=O)CCc1c(-c2ccc(Br)cc2)[nH]c2ccc(C)cc12)n1nc(C)c(Cl)c1Cl,7gp2-a,7goy-a
Cc1ccc2[nH]c(-c3ccc(Br)cc3)c(CCC(=O)NNC(=O)Cn3nc(C)c(Cl)c3C)c2c1,7gp2-a,7goy-a
CNC(=O)C(Cn1cc(Cl)cn1)NC(=O)CCc1c(-c2ccc(F)cc2)[nH]c2c(F)cccc12,7gp2-a,7goy-a
O=C(CCc1c(-c2ccc(F)cc2)[nH]c2c(F)cccc12)NCCn1cc(Cl)c(C(F)(F)F)n1,7gp2-a,7goy-a
Cc1nn(C(C)C(=O)NNC(=O)CCc2c(-c3ccc(F)cc3)[nH]c3c(F)cccc23)cc1Cl,7gp2-a,7goy-a
CCC(C(=O)NNC(=O)CCc1c(-c2ccc(F)cc2)[nH]c2c(F)cccc12)n1cc(Cl)cn1,7gp2-a,7goy-a
CCC(CNC(=O)CCc1c(-c2ccc(F)cc2)[nH]c2c(F)cccc12)n1nc(C)c(Cl)c1Cl,7gp2-a,7goy-a
Cc1nn(CC(=O)NNC(=O)CCc2c(-c3ccc(F)cc3)[nH]c3c(F)cccc23)c(C)c1Cl,7gp2-a,7goy-a
CNC(=O)C(Cn1cc(Cl)cn1)NC(=O)CCc1c(-c2ccccc2)[nH]c2c(OC)cccc12,7gp2-a,7goy-a
COc1cccc2c(CCC(=O)NCCn3cc(Cl)c(C(F)(F)F)n3)c(-c3ccccc3)[nH]c12,7gp2-a,7goy-a
CNC(=O)C(Cn1cc(Cl)cn1)NC(=O)CCc1c(-c2ccc(Cl)cc2)[nH]c2ccc(Cl)cc12,7gp2-a,7goy-a
O=C(CCc1c(-c2ccc(Cl)cc2)[nH]c2ccc(Cl)cc12)NCCn1cc(Cl)c(C(F)(F)F)n1,7gp2-a,7goy-a
Cc1nn(C(C)C(=O)NNC(=O)CCc2c(-c3ccc(Cl)cc3)[nH]c3ccc(Cl)cc23)cc1Cl,7gp2-a,7goy-a
CCC(C(=O)NNC(=O)CCc1c(-c2ccc(Cl)cc2)[nH]c2ccc(Cl)cc12)n1cc(Cl)cn1,7gp2-a,7goy-a
CCC(CNC(=O)CCc1c(-c2ccc(Cl)cc2)[nH]c2ccc(Cl)cc12)n1nc(C)c(Cl)c1Cl,7gp2-a,7goy-a
Cc1nn(CC(=O)NNC(=O)CCc2c(-c3ccc(Cl)cc3)[nH]c3ccc(Cl)cc23)c(C)c1Cl,7gp2-a,7goy-a
COc1cccc2c(CCC(=O)NNC(=O)C(C)n3cc(Cl)c(C)n3)c(-c3ccccc3)[nH]c12,7gp2-a,7goy-a
CCC(C(=O)NNC(=O)CCc1c(-c2ccccc2)[nH]c2c(OC)cccc12)n1cc(Cl)cn1,7gp2-a,7goy-a
CCC(CNC(=O)CCc1c(-c2ccccc2)[nH]c2c(OC)cccc12)n1nc(C)c(Cl)c1Cl,7gp2-a,7goy-a
COc1cccc2c(CCC(=O)NNC(=O)Cn3nc(C)c(Cl)c3C)c(-c3ccccc3)[nH]c12,7gp2-a,7goy-a
CNC(=O)C(Cn1cc(Cl)cn1)NC(=O)CCc1c(-c2ccc(F)cc2)[nH]c2ccc(F)cc12,7gp2-a,7goy-a
O=C(CCc1c(-c2ccc(F)cc2)[nH]c2ccc(F)cc12)NCCn1cc(Cl)c(C(F)(F)F)n1,7gp2-a,7goy-a
Cc1nn(C(C)C(=O)NNC(=O)CCc2c(-c3ccc(F)cc3)[nH]c3ccc(F)cc23)cc1Cl,7gp2-a,7goy-a
CCC(C(=O)NNC(=O)CCc1c(-c2ccc(F)cc2)[nH]c2ccc(F)cc12)n1cc(Cl)cn1,7gp2-a,7goy-a
CCC(CNC(=O)CCc1c(-c2ccc(F)cc2)[nH]c2ccc(F)cc12)n1nc(C)c(Cl)c1Cl,7gp2-a,7goy-a
Cc1nn(CC(=O)NNC(=O)CCc2c(-c3ccc(F)cc3)[nH]c3ccc(F)cc23)c(C)c1Cl,7gp2-a,7goy-a
CNC(=O)C(Cn1cc(Cl)cn1)NC(=O)C(Cc1c[nH]c2ccccc12)NC(=O)OC(C)(C)C,7gp2-a,7goy-a
CC(C)(C)OC(=O)NC(Cc1c[nH]c2ccccc12)C(=O)NCCn1cc(Cl)c(C(F)(F)F)n1,7gp2-a,7goy-a
Cc1nn(C(C)C(=O)NNC(=O)C(Cc2c[nH]c3ccccc23)NC(=O)OC(C)(C)C)cc1Cl,7gp2-a,7goy-a
CCC(C(=O)NNC(=O)C(Cc1c[nH]c2ccccc12)NC(=O)OC(C)(C)C)n1cc(Cl)cn1,7gp2-a,7goy-a
CCC(CNC(=O)C(Cc1c[nH]c2ccccc12)NC(=O)OC(C)(C)C)n1nc(C)c(Cl)c1Cl,7gp2-a,7goy-a
Cc1nn(CC(=O)NNC(=O)C(Cc2c[nH]c3ccccc23)NC(=O)OC(C)(C)C)c(C)c1Cl,7gp2-a,7goy-a
CC(C(=O)NNC(=O)C(Cc1cn(C)c2ccccc12)NC(=O)OC(C)(C)C)n1cc(Cl)cn1,7gp2-a,7goy-a
Cc1nn(CC(=O)NNC(=O)C(Cc2cn(C)c3ccccc23)NC(=O)OC(C)(C)C)cc1Cl,7gp2-a,7goy-a
O=C(CCc1c(-c2ccccc2)[nH]c2ccc(F)cc12)NNC(=O)Cn1cc(Cl)c([N+](=O)[O-])n1,7gp2-a,7goy-a
Cc1nn(C(C)C(=O)NNC(=O)CCc2c(-c3ccccc3)[nH]c3ccc(F)cc23)c(C)c1Cl,7gp2-a,7goy-a
Cc1nn(C(CNC(=O)CCc2c(-c3ccccc3)[nH]c3ccc(F)cc23)C(C)C)c(C)c1Cl,7gp2-a,7goy-a
O=C(Cn1cc(Cl)c([N+](=O)[O-])n1)NNC(=O)C(Cc1c[nH]c2ccccc12)N1C(=O)C=CC1=O,7gp2-a,7goy-a
Cc1nn(C(C)C(=O)NNC(=O)C(Cc2c[nH]c3ccccc23)N2C(=O)C=CC2=O)c(C)c1Cl,7gp2-a,7goy-a
Cc1nn(C(CNC(=O)C(Cc2c[nH]c3ccccc23)N2C(=O)C=CC2=O)C(C)C)c(C)c1Cl,7gp2-a,7goy-a
Cc1ccc(C)n1C(Cc1c[nH]c2ccccc12)C(=O)NNC(=O)Cn1cc(Cl)c([N+](=O)[O-])n1,7gp2-a,7goy-a
Cc1nn(C(C)C(=O)NNC(=O)C(Cc2c[nH]c3ccccc23)n2c(C)ccc2C)c(C)c1Cl,7gp2-a,7goy-a
Cc1nn(C(CNC(=O)C(Cc2c[nH]c3ccccc23)n2c(C)ccc2C)C(C)C)c(C)c1Cl,7gp2-a,7goy-a
Cc1nn(C(C)C(=O)NNC(=O)C2Cc3c([nH]c4ccccc34)C3(C)CCC(=O)N23)c(C)c1Cl,7gp2-a,7goy-a
Cc1nn(C(CNC(=O)C2Cc3c([nH]c4ccccc34)C3(C)CCC(=O)N23)C(C)C)c(C)c1Cl,7gp2-a,7goy-a
COc1ccc2[nH]c(-c3ccc(F)cc3)c(CCC(=O)NNC(=O)C(C)n3cc(Cl)cn3)c2c1,7gp2-a,7goy-a
COc1ccc2[nH]c(-c3ccc(F)cc3)c(CCC(=O)NNC(=O)Cn3cc(Cl)c(C)n3)c2c1,7gp2-a,7goy-a
O=C(CCc1c(-c2ccc(F)cc2)[nH]c2ccccc12)NNC(=O)Cn1cc(Cl)c([N+](=O)[O-])n1,7gp2-a,7goy-a
Cc1nn(C(C)C(=O)NNC(=O)CCc2c(-c3ccc(F)cc3)[nH]c3ccccc23)c(C)c1Cl,7gp2-a,7goy-a
Cc1nn(C(CNC(=O)CCc2c(-c3ccc(F)cc3)[nH]c3ccccc23)C(C)C)c(C)c1Cl,7gp2-a,7goy-a
O=C(CCc1c(-c2ccccc2)[nH]c2ccc(Br)cc12)NNC(=O)Cn1cc(Cl)c([N+](=O)[O-])n1,7gp2-a,7goy-a
Cc1nn(C(C)C(=O)NNC(=O)CCc2c(-c3ccccc3)[nH]c3ccc(Br)cc23)c(C)c1Cl,7gp2-a,7goy-a
Cc1nn(C(CNC(=O)CCc2c(-c3ccccc3)[nH]c3ccc(Br)cc23)C(C)C)c(C)c1Cl,7gp2-a,7goy-a
CN(C)S(=O)(=O)NC(Cc1c[nH]c2ccccc12)C(=O)NNC(=O)Cn1cc(Cl)c([N+](=O)[O-])n1,7gp2-a,7goy-a
Cc1nn(C(C)C(=O)NNC(=O)C(Cc2c[nH]c3ccccc23)NS(=O)(=O)N(C)C)c(C)c1Cl,7gp2-a,7goy-a
Cc1nn(C(CNC(=O)C(Cc2c[nH]c3ccccc23)NS(=O)(=O)N(C)C)C(C)C)c(C)c1Cl,7gp2-a,7goy-a
O=C(CCc1c(-c2ccccc2)[nH]c2c(Br)cccc12)NNC(=O)Cn1cc(Cl)c([N+](=O)[O-])n1,7gp2-a,7goy-a
Cc1nn(C(C)C(=O)NNC(=O)CCc2c(-c3ccccc3)[nH]c3c(Br)cccc23)c(C)c1Cl,7gp2-a,7goy-a
Cc1nn(C(CNC(=O)CCc2c(-c3ccccc3)[nH]c3c(Br)cccc23)C(C)C)c(C)c1Cl,7gp2-a,7goy-a
O=C(CCc1c(-c2ccccc2)[nH]c2ccc(Cl)cc12)NNC(=O)Cn1cc(Cl)c([N+](=O)[O-])n1,7gp2-a,7goy-a
Cc1nn(C(C)C(=O)NNC(=O)CCc2c(-c3ccccc3)[nH]c3ccc(Cl)cc23)c(C)c1Cl,7gp2-a,7goy-a
CC(C(=O)NNC(=O)C(Cc1c[nH]c2ccccc12)N(C)C(=O)OC(C)(C)C)n1cc(Cl)cn1,7gp2-a,7goy-a
Cc1nn(CC(=O)NNC(=O)C(Cc2c[nH]c3ccccc23)N(C)C(=O)OC(C)(C)C)cc1Cl,7gp2-a,7goy-a
Cc1nn(C(CNC(=O)CCc2c(-c3ccccc3)[nH]c3ccc(Cl)cc23)C(C)C)c(C)c1Cl,7gp2-a,7goy-a
O=C(CCc1c(-c2ccccc2)[nH]c2c(F)cccc12)NNC(=O)Cn1cc(Cl)c([N+](=O)[O-])n1,7gp2-a,7goy-a
Cc1nn(C(C)C(=O)NNC(=O)CCc2c(-c3ccccc3)[nH]c3c(F)cccc23)c(C)c1Cl,7gp2-a,7goy-a
Cc1nn(C(CNC(=O)CCc2c(-c3ccccc3)[nH]c3c(F)cccc23)C(C)C)c(C)c1Cl,7gp2-a,7goy-a
O=C(CCc1c(-c2ccccc2)[nH]c2c(Cl)cccc12)NNC(=O)Cn1cc(Cl)c([N+](=O)[O-])n1,7gp2-a,7goy-a
Cc1nn(C(C)C(=O)NNC(=O)CCc2c(-c3ccccc3)[nH]c3c(Cl)cccc23)c(C)c1Cl,7gp2-a,7goy-a
Cc1nn(C(CNC(=O)CCc2c(-c3ccccc3)[nH]c3c(Cl)cccc23)C(C)C)c(C)c1Cl,7gp2-a,7goy-a
CC(C)CC(=O)NC(Cc1c[nH]c2ccccc12)C(=O)NNC(=O)Cn1cc(Cl)c([N+](=O)[O-])n1,7gp2-a,7goy-a
Cc1nn(C(C)C(=O)NNC(=O)C(Cc2c[nH]c3ccccc23)NC(=O)CC(C)C)c(C)c1Cl,7gp2-a,7goy-a
Cc1nn(C(CNC(=O)C(Cc2c[nH]c3ccccc23)NC(=O)CC(C)C)C(C)C)c(C)c1Cl,7gp2-a,7goy-a
CCC(C(=O)NNC(=O)C(Cc1c[nH]c2ccccc12)NC(=O)C(C)O)n1nc(C)c(Cl)c1C,7gp2-a,7goy-a
COc1ccc(-c2[nH]c3ccc(F)cc3c2CCC(=O)NNC(=O)C(C)n2cc(Cl)cn2)cc1,7gp2-a,7goy-a
COc1ccc(-c2[nH]c3ccc(F)cc3c2CCC(=O)NNC(=O)Cn2cc(Cl)c(C)n2)cc1,7gp2-a,7goy-a
CC(C(=O)NNC(=O)C(Cc1c[nH]c2cc(Cl)ccc12)NC(=O)OC(C)(C)C)n1cc(Cl)cn1,7gp2-a,7goy-a
Cc1nn(CC(=O)NNC(=O)C(Cc2c[nH]c3cc(Cl)ccc23)NC(=O)OC(C)(C)C)cc1Cl,7gp2-a,7goy-a
CCC(C(=O)NNC(=O)C(Cc1c[nH]c2ccccc12)NC(=O)C(C)C)n1nc(C)c(Cl)c1C,7gp2-a,7goy-a
CCC(C(=O)NNC(=O)CCc1c(-c2cccs2)[nH]c2ccc(C)cc12)n1nc(C)c(Cl)c1C,7gp2-a,7goy-a
CCC(C(=O)NNC(=O)C(Cc1c[nH]c2ccccc12)NC(=O)C1CC1)n1nc(C)c(Cl)c1C,7gp2-a,7goy-a
CCC(C(=O)NNC(=O)CCc1c(-c2ccccc2)[nH]c2ccccc12)n1nc(C)c(Cl)c1C,7gp2-a,7goy-a
Cc1c(Cl)c(C(F)(F)F)nn1CC(=O)NNC(=O)CC(O)(c1c[nH]c2ccccc12)C(F)(F)F,7gp2-a,7goy-a
CC(=O)NC(Cc1c[nH]c2c(C)cccc12)C(=O)NNC(=O)Cn1nc(C(F)(F)F)c(Cl)c1C,7gp2-a,7goy-a
CC(=O)NC(Cc1c[nH]c2cc(F)ccc12)C(=O)NNC(=O)Cn1nc(C(F)(F)F)c(Cl)c1C,7gp2-a,7goy-a
CC(=O)N1Cc2[nH]c3ccccc3c2CC1C(=O)NNC(=O)Cn1nc(C(F)(F)F)c(Cl)c1C,7gp2-a,7goy-a
CC(=O)NC(Cc1c[nH]c2ccc(Br)cc12)C(=O)NNC(=O)Cn1nc(C(F)(F)F)c(Cl)c1C,7gp2-a,7goy-a
COc1cccc2c(CCC(=O)NNC(=O)C(C)n3cc(Cl)cn3)c(-c3ccc(F)cc3)[nH]c12,7gp2-a,7goy-a
COc1cccc2c(CCC(=O)NNC(=O)Cn3cc(Cl)c(C)n3)c(-c3ccc(F)cc3)[nH]c12,7gp2-a,7goy-a
Cc1c(Cl)c(C(F)(F)F)nn1CC(=O)NNC(=O)C(Cc1c[nH]c2ccccc12)NC(=O)CCl,7gp2-a,7goy-a
Cc1c(Cl)c(C(F)(F)F)nn1C(C)C(=O)NNC(=O)CC(c1c[nH]c2ccc(Br)cc12)C(C)C,7gp2-a,7goy-a
CC(C)C(CC(=O)NNC(=O)Cn1nc(C(F)F)c(Cl)c1C1CC1)c1c[nH]c2ccc(Br)cc12,7gp2-a,7goy-a
Cc1c(Cl)c(C(F)(F)F)nn1C(C)C(=O)NNC(=O)CC(c1c[nH]c2cc(Br)ccc12)C(C)C,7gp2-a,7goy-a
CC(C)C(CC(=O)NNC(=O)Cn1nc(C(F)F)c(Cl)c1C1CC1)c1c[nH]c2cc(Br)ccc12,7gp2-a,7goy-a
Cc1c(Cl)c(C(F)(F)F)nn1C(C)C(=O)NNC(=O)CC(c1c[nH]c2c(Br)cccc12)C(C)C,7gp2-a,7goy-a
CC(C)C(CC(=O)NNC(=O)Cn1nc(C(F)F)c(Cl)c1C1CC1)c1c[nH]c2c(Br)cccc12,7gp2-a,7goy-a
COCCn1cc(CCC(=O)NNC(=O)C(C)n2nc(C(F)(F)F)c(Cl)c2C)c2ccccc21,7gp2-a,7goy-a
COCCn1cc(CCC(=O)NNC(=O)Cn2nc(C(F)F)c(Cl)c2C2CC2)c2ccccc21,7gp2-a,7goy-a
Cc1cccc2[nH]cc(CC(NC(=O)OC(C)(C)C)C(=O)NNC(=O)C(C)n3cc(Cl)cn3)c12,7gp2-a,7goy-a
Cc1nn(CC(=O)NNC(=O)C(Cc2c[nH]c3cccc(C)c23)NC(=O)OC(C)(C)C)cc1Cl,7gp2-a,7goy-a
Cc1c(Cl)c(C(F)(F)F)nn1C(C)C(=O)NNC(=O)C(Cc1c[nH]c2ccccc12)NC(N)=O,7gp2-a,7goy-a
NC(=O)NC(Cc1c[nH]c2ccccc12)C(=O)NNC(=O)Cn1nc(C(F)F)c(Cl)c1C1CC1,7gp2-a,7goy-a
CC(=O)NC(Cc1c[nH]c2ccccc12)C(=O)NNC(=O)C(C)n1nc(C(F)(F)F)c(Cl)c1C,7gp2-a,7goy-a
CC(=O)NC(Cc1c[nH]c2ccccc12)C(=O)NNC(=O)Cn1nc(C(F)F)c(Cl)c1C1CC1,7gp2-a,7goy-a
CC(C(=O)NNC(=O)C(Cc1c[nH]c2cccc(F)c12)NC(=O)OC(C)(C)C)n1cc(Cl)cn1,7gp2-a,7goy-a
Cc1nn(CC(=O)NNC(=O)C(Cc2c[nH]c3cccc(F)c23)NC(=O)OC(C)(C)C)cc1Cl,7gp2-a,7goy-a
CC(C(=O)NNC(=O)C(Cc1c[nH]c2ccccc12)NS(=O)(=O)c1cccs1)n1cc(Cl)cn1,7gp2-a,7goy-a
Cc1nn(CC(=O)NNC(=O)C(Cc2c[nH]c3ccccc23)NS(=O)(=O)c2cccs2)cc1Cl,7gp2-a,7goy-a
CC(C)C(CC(=O)NNC(=O)Cn1nc(C(F)(F)F)c(Cl)c1C1CC1)c1c[nH]c2ccccc12,7gp2-a,7goy-a
Cc1[nH]c2ccccc2c1CC(F)(F)C(=O)N1CCN(C(=O)Cn2cc(Cl)c([N+](=O)[O-])n2)CC1,7gp2-a,7goy-a
Cc1[nH]c2ccccc2c1CC(F)(F)C(=O)NNC(=O)Cn1nc(C(F)(F)F)c(Cl)c1C1CC1,7gp2-a,7goy-a
Cc1nn(CCNC(=O)C(Cc2c[nH]c3ccccc23)NC(=O)c2ccc(Cl)cc2)c(C)c1Cl,7gp2-a,7goy-a
CC(C(=O)NNC(=O)C(Cc1c[nH]c2c(F)cccc12)NC(=O)OC(C)(C)C)n1cc(Cl)cn1,7gp2-a,7goy-a
Cc1nn(CC(=O)NNC(=O)C(Cc2c[nH]c3c(F)cccc23)NC(=O)OC(C)(C)C)cc1Cl,7gp2-a,7goy-a
CCC(CC(=O)Nc1c(Cl)cnn1C1CCN(Cc2ccccc2)C1)c1c[nH]c2ccccc12,7gp2-a,7goy-a
Cn1c2c(c3ccccc31)CC(C(=O)Nc1c(Cl)cnn1C1CCN(Cc3ccccc3)C1)C2,7gp2-a,7goy-a
O=C(Cn1cc(Cl)cn1)NNC(=O)C(Cc1c[nH]c2ccccc12)NC(=O)c1ccccc1Cl,7gp2-a,7goy-a
O=C(NC(Cc1c[nH]c2ccccc12)C(=O)N1CCC(n2cc(Cl)cn2)C1)c1ccccc1Cl,7gp2-a,7goy-a
CCC(CNC(=O)C(Cc1c[nH]c2ccccc12)NC(=O)c1ccccc1Cl)n1cc(Cl)cn1,7gp2-a,7goy-a
Cc1nn(CCNC(=O)C(Cc2c[nH]c3ccccc23)NC(=O)c2ccccc2Cl)c(C)c1Cl,7gp2-a,7goy-a
O=C(Cn1cc(Cl)cn1)NNC(=O)C(Cc1c[nH]c2ccccc12)NC(=O)c1ccc(Cl)cc1,7gp2-a,7goy-a
O=C(NC(Cc1c[nH]c2ccccc12)C(=O)N1CCC(n2cc(Cl)cn2)C1)c1ccc(Cl)cc1,7gp2-a,7goy-a
CCC(CNC(=O)C(Cc1c[nH]c2ccccc12)NC(=O)c1ccc(Cl)cc1)n1cc(Cl)cn1,7gp2-a,7goy-a
COc1ccc2c(CCC(=O)Nc3c(Cl)cnn3C3CCN(Cc4ccccc4)C3)c[nH]c2c1,7gp2-a,7goy-a
O=C(Cn1cc(Cl)cn1)NNC(=O)C(Cc1c[nH]c2ccccc12)NS(=O)(=O)c1ccccc1,7gp2-a,7goy-a
O=C(C(Cc1c[nH]c2ccccc12)NS(=O)(=O)c1ccccc1)N1CCC(n2cc(Cl)cn2)C1,7gp2-a,7goy-a
CCC(CNC(=O)C(Cc1c[nH]c2ccccc12)NS(=O)(=O)c1ccccc1)n1cc(Cl)cn1,7gp2-a,7goy-a
Cc1nn(CCNC(=O)C(Cc2c[nH]c3ccccc23)NS(=O)(=O)c2ccccc2)c(C)c1Cl,7gp2-a,7goy-a
O=C(Cn1cc(Cl)cn1)NNC(=O)C(Cc1c[nH]c2ccccc12)NC(=O)c1ccc(F)cc1,7gp2-a,7goy-a
O=C(NC(Cc1c[nH]c2ccccc12)C(=O)N1CCC(n2cc(Cl)cn2)C1)c1ccc(F)cc1,7gp2-a,7goy-a
CCC(CNC(=O)C(Cc1c[nH]c2ccccc12)NC(=O)c1ccc(F)cc1)n1cc(Cl)cn1,7gp2-a,7goy-a
Cc1nn(CCNC(=O)C(Cc2c[nH]c3ccccc23)NC(=O)c2ccc(F)cc2)c(C)c1Cl,7gp2-a,7goy-a
COC(=O)C(Cc1cc[nH]n1)NC(=O)C1Cc2[nH]ncc2C(=O)N1,7go4-a,7gpo-a
O=[N+]([O-])c1ccc2nsc(NCc3cc(-n4ccnc4)cs3)c2c1,7gpg-a,7gph-a
