,smiles,inchi_key,error_type,error_message,retro_tool,db_search_tool,1_r1_smiles,1_r2_smiles,1_reaction,elab_single_reactant,hit1,num_placed,num_successful,route_uuid,template,to_hippo,total_num_products_enumstereo,total_num_unique_products,compound_set,hit2,hit3,hit4
0,<rdkit.Chem.rdchem.Mol object at 0x7f60fc64af10>,KROAYLUXSSWQAI-UHFFFAOYSA-N,ReactionError,No atoms found involved in reaction N-nucleophilic_aromatic_substitution in mol c1cc(C2CCCNC2)ccn1 and Brc1ccnc2nccn12,aizynthfinder,hippo,c1cc(C2CCCNC2)ccn1,Brc1ccnc2nccn12,N-nucleophilic_aromatic_substitution,0.0,,,,3e4548bb46a5fd32a3d5da3a9b1b700f,,,,,,,,
0,<rdkit.Chem.rdchem.Mol object at 0x7f52d1ffef10>,DIAOTMXFEKFWKS-UHFFFAOYSA-N,ReactionError,No atoms found involved in reaction Amidation in mol Nc1cnn(CC(=O)O)c1 and CC(CC(=O)O)n1cccn1,aizynthfinder,hippo,Nc1cnn(CC(=O)O)c1,CC(CC(=O)O)n1cccn1,Amidation,0.0,,,,6d971159dc5a5570648d16fac1aa446c,,,,,,,,
0,<rdkit.Chem.rdchem.Mol object at 0x7f340bb51ee0>,PDTZHWIYSPFLPG-UHFFFAOYSA-N,ReactionError,The reactants do not match the reaction SMARTS in reaction Amidation in mol CC(Cc1cnc[nH]1)C(=O)O and Cc1cccc2c1CNCC2.,aizynthfinder,hippo,CC(Cc1cnc[nH]1)C(=O)O,Cc1cccc2c1CNCC2,Amidation,0.0,,,,da0fbc1f1a1869812595803e6a927d36,,,,,,,,
0,<rdkit.Chem.rdchem.Mol object at 0x7f8d281daf10>,NZYNFQSCGBAHER-UHFFFAOYSA-N,ReactionError,The reactants do not match the reaction SMARTS in reaction Formation_of_urea_from_two_amines in mol NCCc1nc2ccccc2[nH]1 and CNCc1nc(-c2ccccc2)c[nH]1.,aizynthfinder,hippo,NCCc1nc2ccccc2[nH]1,CNCc1nc(-c2ccccc2)c[nH]1,Formation_of_urea_from_two_amines,0.0,,,,6d94b439971bc63812d8770bae095344,,,,,,,,
0,<rdkit.Chem.rdchem.Mol object at 0x7f856899af10>,DDLZRWRFDIOAEM-UHFFFAOYSA-N,ReactionError,The reactants do not match the reaction SMARTS in reaction N-nucleophilic_aromatic_substitution in mol C1CCN(C2CCNC2)C1 and CC(C)Oc1nccnc1Cl.,aizynthfinder,hippo,C1CCN(C2CCNC2)C1,CC(C)Oc1nccnc1Cl,N-nucleophilic_aromatic_substitution,0.0,,,,52d0e384fd8c5e8391cd937bedc6579f,,,,,,,,
0,<rdkit.Chem.rdchem.Mol object at 0x7f45bf92ae30>,BBBAAHYRRAHWRH-UHFFFAOYSA-N,ReactionError,No atoms found involved in reaction Amidation in mol O=C(O)Cn1cnc2ccccc21 and Cc1cccc2[nH]c(N)nc12,aizynthfinder,hippo,O=C(O)Cn1cnc2ccccc21,Cc1cccc2[nH]c(N)nc12,Amidation,0.0,,,,51350d3998e2c96a3cf6672aee448f15,,,,,,,,
0,<rdkit.Chem.rdchem.Mol object at 0x7f455f13dee0>,OZBIAXQJPCEDIX-UHFFFAOYSA-N,ReactionError,No atoms found involved in reaction Amidation in mol NCCC1CCCN1 and CC(Cc1cnc[nH]1)C(=O)O,aizynthfinder,hippo,NCCC1CCCN1,CC(Cc1cnc[nH]1)C(=O)O,Amidation,0.0,,,,d91324791d0eaeb8f709d6e1728777a3,,,,,,,,
0,<rdkit.Chem.rdchem.Mol object at 0x7f9b693e6f10>,JBKAMAAHFPNPPK-UHFFFAOYSA-N,ReactionError,The reactants do not match the reaction SMARTS in reaction Amidation in mol O=C(O)C1CCCN1 and NCCc1c[nH]cn1.,aizynthfinder,hippo,O=C(O)C1CCCN1,NCCc1c[nH]cn1,Amidation,0.0,,,,7277481581fd53d413cf9aabee1a6a0a,,,,,,,,
0,CCCOCC[C@@H](O)c1nccs1,JNWOLVOKGCREMK-UHFFFAOYSA-N,SMARTSError,Reaction name Sp2-sp2_Suzuki_coupling not found in SMARTS handler.,,,,,,,7gph-a,,,,/opt/xchem-fragalysis-2/maxwin/openbind-hippo/d68ev3c/cycle_01/syndirella/elabs/templates/7go9-a_apo-desolv.pdb,,,,C48494,7gny-a,,
0,<rdkit.Chem.rdchem.Mol object at 0x7fab0fe36f10>,UXIUBXYLYUMWDO-UHFFFAOYSA-N,ReactionError,No atoms found involved in reaction Amidation in mol O=C(O)c1cnc2n1CCS2 and Nc1cccc2c1ccn2C(F)F,aizynthfinder,hippo,O=C(O)c1cnc2n1CCS2,Nc1cccc2c1ccn2C(F)F,Amidation,0.0,,,,149c12f7ed57e529de69541dcf7851b9,,,,,,,,
0,c1cncc(CN(c2nc3ccccc3o2)C2CC2)c1,CBCRYHSNKWEKFW-UHFFFAOYSA-N,SMARTSError,Reaction name Petasis-borono_Mannich_reaction not found in SMARTS handler.,,,,,,,7goq-a,,,,/opt/xchem-fragalysis-2/maxwin/openbind-hippo/d68ev3c/cycle_01/syndirella/elabs/templates/7gpp-a_apo-desolv.pdb,,,,C25412,7gqr-a,7gor-a,7gnz-a
0,CC(C)(CO)NC[C@@H]1CCC(=O)N1,IXDYUDZBPRMIOE-UHFFFAOYSA-N,SMARTSError,Reaction name Formation_of_sulfonamide_from_halide_-_Shavnya_reaction not found in SMARTS handler.,,,,,,,7gpg-a,,,,/opt/xchem-fragalysis-2/maxwin/openbind-hippo/d68ev3c/cycle_01/syndirella/elabs/templates/7gq3-a_apo-desolv.pdb,,,,C28511,7gpc-a,,
0,<rdkit.Chem.rdchem.Mol object at 0x7f68e5c62f10>,OFPVAOREIQMTEN-UHFFFAOYSA-N,ReactionError,The reactants do not match the reaction SMARTS in reaction Amidation in mol O=C(O)c1ccn2ccnc2c1 and NCCCCc1ccc(Cl)s1.,aizynthfinder,hippo,O=C(O)c1ccn2ccnc2c1,NCCCCc1ccc(Cl)s1,Amidation,0.0,,,,0c433bde7f789b0209cefb6c8249c525,,,,,,,,
0,<rdkit.Chem.rdchem.Mol object at 0x7f7d0f5aef10>,JISBYFSRVRABCN-UHFFFAOYSA-N,ReactionError,No atoms found involved in reaction Mitsunobu_reaction_with_amine_alcohol_and_thioalcohol in mol OCc1cn2cccnc2n1 and NC(c1cccnc1)C1CC1,aizynthfinder,hippo,OCc1cn2cccnc2n1,NC(c1cccnc1)C1CC1,Mitsunobu_reaction_with_amine_alcohol_and_thioalcohol,0.0,,,,d598daa0f249d33c448814e94e40786a,,,,,,,,
0,<rdkit.Chem.rdchem.Mol object at 0x7f24895b5ee0>,HNALUMAJNFAMNZ-UHFFFAOYSA-N,ReactionError,The reactants do not match the reaction SMARTS in reaction Formation_of_urea_from_two_amines in mol COc1ccc2sc(N)nc2c1 and CC(N)CN1CCCC1.,aizynthfinder,hippo,COc1ccc2sc(N)nc2c1,CC(N)CN1CCCC1,Formation_of_urea_from_two_amines,0.0,,,,88e9d542fcee86bbcc3f2381d436bca6,,,,,,,,
0,<rdkit.Chem.rdchem.Mol object at 0x7f5355fc6f10>,GPRXFODVDHCODX-UHFFFAOYSA-N,ReactionError,The reactants do not match the reaction SMARTS in reaction Amidation in mol Cc1nc(CC(=O)O)c[nH]1 and CCC(N)c1ncccn1.,aizynthfinder,hippo,Cc1nc(CC(=O)O)c[nH]1,CCC(N)c1ncccn1,Amidation,0.0,,,,0aa5869ed13403f2a66dbc2ef1e1e3e6,,,,,,,,
0,<rdkit.Chem.rdchem.Mol object at 0x7fc48a74ef10>,GLBQTXJNOOXOJP-UHFFFAOYSA-N,ReactionError,The reactants do not match the reaction SMARTS in reaction Amidation in mol O=C(O)c1ccc2ncsc2c1 and CC(N)c1ncc[nH]1.,aizynthfinder,hippo,O=C(O)c1ccc2ncsc2c1,CC(N)c1ncc[nH]1,Amidation,0.0,,,,c735132eebe1db8d4060a87565a56d50,,,,,,,,
0,<rdkit.Chem.rdchem.Mol object at 0x7f5241bd6f10>,LHSFJXGRKBZNON-UHFFFAOYSA-N,ReactionError,The reactants do not match the reaction SMARTS in reaction Amidation in mol c1c[nH]c(N2CCNCC2)n1 and O=C(O)CCc1ccc2ncsc2c1.,aizynthfinder,hippo,c1c[nH]c(N2CCNCC2)n1,O=C(O)CCc1ccc2ncsc2c1,Amidation,0.0,,,,86822f5c3731b237a47a1b99da145008,,,,,,,,
0,<rdkit.Chem.rdchem.Mol object at 0x7fc2eb292dc0>,ANMUYLRRNIUXQH-UHFFFAOYSA-N,ReactionError,The reactants do not match the reaction SMARTS in reaction Amidation in mol O=C(O)c1csc(N2CCCCC2)n1 and CC(CN)[S+](C)[O-].,aizynthfinder,hippo,O=C(O)c1csc(N2CCCCC2)n1,CC(CN)[S+](C)[O-],Amidation,0.0,,,,5024e507c5f93e7149831a9e336edd30,,,,,,,,
0,<rdkit.Chem.rdchem.Mol object at 0x7f5d44d6af10>,MYDDBNWGRYXPHP-UHFFFAOYSA-N,ReactionError,The reactants do not match the reaction SMARTS in reaction Amidation in mol CNC(C)c1ccccn1 and O=C(O)c1cnc2ccccn12.,aizynthfinder,hippo,CNC(C)c1ccccn1,O=C(O)c1cnc2ccccn12,Amidation,0.0,,,,f87612efceada007ae57e6b0f95f7368,,,,,,,,
0,CN(C[C@H]1CCCN1)S(=O)(=O)C1=Cc2cc(Cl)ccc2OC1,QAVRYIAESSIWCZ-UHFFFAOYSA-N,SMARTSError,Reaction name Imine_formation not found in SMARTS handler.,,,,,,,7go5-a,,,,/opt/xchem-fragalysis-2/maxwin/openbind-hippo/d68ev3c/cycle_01/syndirella/elabs/templates/7gpp-a_apo-desolv.pdb,,,,C20035,7gp7-a,,
0,<rdkit.Chem.rdchem.Mol object at 0x7f293b99af10>,GPOFCOUNAYENFK-UHFFFAOYSA-N,ReactionError,The reactants do not match the reaction SMARTS in reaction Amidation in mol O=C(O)CSCc1ncc[nH]1 and COCCn1ccnc1N.,aizynthfinder,hippo,O=C(O)CSCc1ncc[nH]1,COCCn1ccnc1N,Amidation,0.0,,,,93e05def135b8b2d385ecc428dd8fd2b,,,,,,,,
0,<rdkit.Chem.rdchem.Mol object at 0x7fc0e1126e30>,RAMPZJFOIXXNFS-UHFFFAOYSA-N,ReactionError,The reactants do not match the reaction SMARTS in reaction Amidation in mol NC1CC(c2ncc[nH]2)C1 and CC(C)CC(C(=O)O)n1ccnc1.,aizynthfinder,hippo,NC1CC(c2ncc[nH]2)C1,CC(C)CC(C(=O)O)n1ccnc1,Amidation,0.0,,,,ed19413cb89a390049ed34d1011fc6f1,,,,,,,,
0,<rdkit.Chem.rdchem.Mol object at 0x7f4dd6baef10>,DNGKBGHQXVSNMF-UHFFFAOYSA-N,ReactionError,No atoms found involved in reaction Reductive_amination in mol NC(Cc1cnc[nH]1)C(=O)O and Cc1nc2ccccn2c1C=O,aizynthfinder,hippo,NC(Cc1cnc[nH]1)C(=O)O,Cc1nc2ccccn2c1C=O,Reductive_amination,0.0,,,,e7950be53bd78e88d5084d5373ad6361,,,,,,,,
0,<rdkit.Chem.rdchem.Mol object at 0x7f2d9fc56f10>,RBWRVERALIRLCR-UHFFFAOYSA-N,ReactionError,The reactants do not match the reaction SMARTS in reaction N-nucleophilic_aromatic_substitution in mol c1c[nH]c(C2CCNCC2)n1 and Brc1nc2ccccc2[nH]1.,aizynthfinder,hippo,c1c[nH]c(C2CCNCC2)n1,Brc1nc2ccccc2[nH]1,N-nucleophilic_aromatic_substitution,0.0,,,,15f14bdf4c0549be87d9c3ceeff8aa36,,,,,,,,
0,<rdkit.Chem.rdchem.Mol object at 0x7f03e58eef10>,WJVGTNXVKUNILB-UHFFFAOYSA-N,ReactionError,No atoms found involved in reaction Amidation in mol Nc1ccnn1C1CCCC1 and O=C(O)Cc1cn[nH]c1,aizynthfinder,hippo,Nc1ccnn1C1CCCC1,O=C(O)Cc1cn[nH]c1,Amidation,0.0,,,,409b0ee536b40d4b98e46d69620236ad,,,,,,,,
0,CC[C@H](c1nc2ccccc2[nH]1)N(C)CCO,SESBYCNBNWIVJN-UHFFFAOYSA-N,SMARTSError,Reaction name Formation_of_sulfonamide_from_halide_-_Shavnya_reaction not found in SMARTS handler.,,,,,,,7gpc-a,,,,/opt/xchem-fragalysis-2/maxwin/openbind-hippo/d68ev3c/cycle_01/syndirella/elabs/templates/7gqa-a_apo-desolv.pdb,,,,C52064,7gqa-a,,
0,c1c[nH]c(-c2cocn2)n1,PTMCAOZLPQJHJG-UHFFFAOYSA-N,SMARTSError,Reaction name Isocyanate_to_urea not found in SMARTS handler.,,,,,,,B1307a,,,,/opt/xchem-fragalysis-2/maxwin/openbind-hippo/d68ev3c/cycle_01/syndirella/elabs/templates/7got-a_apo-desolv.pdb,,,,C50489,7gor-a,7goj-a,7gnz-a
0,<rdkit.Chem.rdchem.Mol object at 0x7fd02b532dc0>,GQWWCXLENLOKKV-UHFFFAOYSA-N,ReactionError,The reactants do not match the reaction SMARTS in reaction Reductive_amination in mol O=Cc1c[nH]nc1-c1ccc2c(c1)OCO2 and NCCn1ccc2ccccc21.,aizynthfinder,hippo,O=Cc1c[nH]nc1-c1ccc2c(c1)OCO2,NCCn1ccc2ccccc21,Reductive_amination,0.0,,,,4e84bbb2b2ea23a7fca9d6d804eaa3ac,,,,,,,,
0,c1c[nH]c(-c2ccsn2)n1,MZLCRBBQISVYAT-UHFFFAOYSA-N,SMARTSError,Reaction name Formation_of_sulfonamide_from_halide_-_Shavnya_reaction not found in SMARTS handler.,,,,,,,B1307a,,,,/opt/xchem-fragalysis-2/maxwin/openbind-hippo/d68ev3c/cycle_01/syndirella/elabs/templates/7got-a_apo-desolv.pdb,,,,C52888,7gor-a,7goj-a,7gnz-a
0,c1cc([C@@H]2CCCN2)n2ccnc2n1,HPHZYKNWMVBKKR-UHFFFAOYSA-N,,,aizynthfinder,hippo,NCCc1cccc2cc[nH]c12,NC(Cc1cc[nH]n1)C(=O)O,Amidation,0.0,7go4-a,72.0,35.0,bb016eada0d39ab85709150626b74ab8,/opt/xchem-fragalysis-2/maxwin/openbind-hippo/d68ev3c/cycle_01/syndirella/elabs/templates/7got-a_apo-desolv.pdb,/opt/xchem-fragalysis-2/maxwin/openbind-hippo/d68ev3c/cycle_01/syndirella/elabs/d68ev3c_c01_elabs_C30265/HPHZYKNWMVBKKR-UHFFFAOYSA-N/HPHZYKNWMVBKKR-UHFFFAOYSA-N_bb016eada0d39ab85709150626b74ab8_to_hippo.pkl.gz,72.0,18.0,C30265,7gpo-a,,
0,c1cc([C@@H]2NCCS2)cs1,SZBYFRWZPWIHRW-UHFFFAOYSA-N,NoReactants,All reactants were filtered for r1. No products will be found.,aizynthfinder,hippo,O=C(O)c1ccn2ccnc2n1,NCc1csc(Cl)c1,Amidation,0.0,7gpk-b,,,84fb6223690e0312d889f1caf4492527,/opt/xchem-fragalysis-2/maxwin/openbind-hippo/d68ev3c/cycle_01/syndirella/elabs/templates/7gpo-a_apo-desolv.pdb,,,,C15762,7gpq-a,7gpo-a,
0,CN(c1cccnc1)S(=O)(=O)CCN1CCOC1=O,PWDSCNLXJQLYKV-UHFFFAOYSA-N,,,aizynthfinder,hippo,NCc1cncnc1,CNC(C)CN1CCCCC1,Formation_of_urea_from_two_amines,0.0,7gp9-a,540.0,0.0,ecf817ad7f74b5acddc512b5aec748a5,/opt/xchem-fragalysis-2/maxwin/openbind-hippo/d68ev3c/cycle_01/syndirella/elabs/templates/7gq5-b_apo-desolv.pdb,/opt/xchem-fragalysis-2/maxwin/openbind-hippo/d68ev3c/cycle_01/syndirella/elabs/d68ev3c_c01_elabs_C12064/PWDSCNLXJQLYKV-UHFFFAOYSA-N/PWDSCNLXJQLYKV-UHFFFAOYSA-N_ecf817ad7f74b5acddc512b5aec748a5_to_hippo.pkl.gz,540.0,68.0,C12064,7gor-a,,
0,C[C@H](c1nc(-c2cccs2)no1)N1CCCC1,SVFONNXIYMKIID-UHFFFAOYSA-N,SMARTSError,Reaction name Sp2-sp2_Suzuki_coupling not found in SMARTS handler.,,,,,,,7gpc-a,,,,/opt/xchem-fragalysis-2/maxwin/openbind-hippo/d68ev3c/cycle_01/syndirella/elabs/templates/7go7-a_apo-desolv.pdb,,,,C24299,7gp4-a,7gpo-a,
0,O[C@@H](CNCc1ccon1)COCc1ccc2c(c1)OCO2,HJCSXYYFDUKRNW-UHFFFAOYSA-N,SMARTSError,Reaction name Isocyanate_to_urea not found in SMARTS handler.,,,,,,,7gp9-a,,,,/opt/xchem-fragalysis-2/maxwin/openbind-hippo/d68ev3c/cycle_01/syndirella/elabs/templates/7gpp-a_apo-desolv.pdb,,,,C22769,7goy-a,,
0,<rdkit.Chem.rdchem.Mol object at 0x7ff60d17af10>,IBIIIMQRYGQSMI-UHFFFAOYSA-N,ReactionError,No atoms found involved in reaction Steglich_esterification in mol OC1CCN(c2ccccn2)C1 and COCCOC(C)C(=O)O,aizynthfinder,hippo,OC1CCN(c2ccccn2)C1,COCCOC(C)C(=O)O,Steglich_esterification,0.0,,,,5a88a345e606ce24493ef5a7ad6d12b9,,,,,,,,
0,<rdkit.Chem.rdchem.Mol object at 0x7f6e4d9e2f10>,YJEFOIVJAQVXHT-UHFFFAOYSA-N,ReactionError,The reactants do not match the reaction SMARTS in reaction Amidation in mol O=C(O)C(O)Cc1c[nH]cn1 and Cc1ccc2nc(N)sc2c1.,aizynthfinder,hippo,O=C(O)C(O)Cc1c[nH]cn1,Cc1ccc2nc(N)sc2c1,Amidation,0.0,,,,1b93d0c255b924baa245af94ec89ab36,,,,,,,,
0,<rdkit.Chem.rdchem.Mol object at 0x7f65b8ccef10>,MVDFCCRVMZOIFR-UHFFFAOYSA-N,ReactionError,No atoms found involved in reaction Amidation in mol Nc1ccc2c(c1)CCO2 and Cc1nc2c(C(=O)O)cccc2o1,aizynthfinder,hippo,Nc1ccc2c(c1)CCO2,Cc1nc2c(C(=O)O)cccc2o1,Amidation,0.0,,,,962a2ccdb9e629d54bff7c9c5196bc66,,,,,,,,
0,CC(F)(F)CCS(=O)(=O)NC(=O)c1cnc2ncccn12,CPBHXLLDUVMIBF-UHFFFAOYSA-N,SMARTSError,Reaction name Sp2-sp2_Suzuki_coupling not found in SMARTS handler.,,,,,,,7gph-a,,,,/opt/xchem-fragalysis-2/maxwin/openbind-hippo/d68ev3c/cycle_01/syndirella/elabs/templates/7gpo-a_apo-desolv.pdb,,,,C55785,7go4-a,,
0,<rdkit.Chem.rdchem.Mol object at 0x7f60f5f52f10>,UXSJVVMKXXRTTH-UHFFFAOYSA-N,ReactionError,The reactants do not match the reaction SMARTS in reaction Steglich_esterification in mol OCc1cnc2sccn12 and O=C(O)CC1CCCC(C(F)(F)F)O1.,aizynthfinder,hippo,OCc1cnc2sccn12,O=C(O)CC1CCCC(C(F)(F)F)O1,Steglich_esterification,0.0,,,,3af3d18cebbd61098874d2fe32aa1479,,,,,,,,
0,<rdkit.Chem.rdchem.Mol object at 0x7f9061612f10>,WBGSURIGGKMBEN-UHFFFAOYSA-N,ReactionError,The reactants do not match the reaction SMARTS in reaction Amidation in mol O=C(O)c1ccc2[nH]c3c(c2c1)CCCC3 and NCc1nc(-c2ccccn2)no1.,aizynthfinder,hippo,O=C(O)c1ccc2[nH]c3c(c2c1)CCCC3,NCc1nc(-c2ccccn2)no1,Amidation,0.0,,,,58e8c23d96fac25b699ea0e84f354ebf,,,,,,,,
0,<rdkit.Chem.rdchem.Mol object at 0x7fb61192edc0>,VQWJQJWRWJGSHN-UHFFFAOYSA-N,ReactionError,The reactants do not match the reaction SMARTS in reaction Steglich_esterification in mol O=C(O)c1ccc2[nH]c3c(c2c1)CCCC3 and CC(O)c1csnn1.,aizynthfinder,hippo,O=C(O)c1ccc2[nH]c3c(c2c1)CCCC3,CC(O)c1csnn1,Steglich_esterification,0.0,,,,e3ba7b2e3151facb5717a6a7f849f287,,,,,,,,
0,<rdkit.Chem.rdchem.Mol object at 0x7ff8a3271d20>,RZPPGMRKUOFLEA-UHFFFAOYSA-N,ReactionError,No atoms found involved in reaction Amidation in mol CCOC(=O)c1cnc(N)n1C and CCC(CC(C)C)C(=O)O,aizynthfinder,hippo,CCOC(=O)c1cnc(N)n1C,CCC(CC(C)C)C(=O)O,Amidation,0.0,,,,a116d671f0b6ca5c09a025782228f266,,,,,,,,
0,<rdkit.Chem.rdchem.Mol object at 0x7ff038f3ed50>,WTBMTGXUUSDKQR-UHFFFAOYSA-N,ReactionError,The reactants do not match the reaction SMARTS in reaction Amidation in mol Nc1ccc2[nH]ccc2c1 and CCOC(=O)c1ccc(C(=O)O)cc1.,aizynthfinder,hippo,Nc1ccc2[nH]ccc2c1,CCOC(=O)c1ccc(C(=O)O)cc1,Amidation,0.0,,,,560206597940e24d2fb8c90c602fd5bb,,,,,,,,
0,<rdkit.Chem.rdchem.Mol object at 0x7fabac61ad50>,GWBUXVQVLPJDKM-UHFFFAOYSA-N,ReactionError,No atoms found involved in reaction Amidation in mol CCOC(=O)C1CCNC1 and O=C(O)C(O)C1CCOCC1,aizynthfinder,hippo,CCOC(=O)C1CCNC1,O=C(O)C(O)C1CCOCC1,Amidation,0.0,,,,1b932a3591513425e5a2801cea449f95,,,,,,,,
0,CCn1nc(-c2cccs2)nc1-c1cccc2ccnn12,XJGNZQBQTJEOAB-UHFFFAOYSA-N,,,aizynthfinder,hippo,C1CNCCN1,NC(Cc1ccccc1)c1nc2ccccc2s1,Formation_of_urea_from_two_amines,0.0,7gqr-a,608.0,0.0,a7ecf11837e528f63537a5f4874cc876,/opt/xchem-fragalysis-2/maxwin/openbind-hippo/d68ev3c/cycle_01/syndirella/elabs/templates/7go9-a_apo-desolv.pdb,/opt/xchem-fragalysis-2/maxwin/openbind-hippo/d68ev3c/cycle_01/syndirella/elabs/d68ev3c_c01_elabs_C56761/XJGNZQBQTJEOAB-UHFFFAOYSA-N/XJGNZQBQTJEOAB-UHFFFAOYSA-N_a7ecf11837e528f63537a5f4874cc876_to_hippo.pkl.gz,608.0,147.0,C56761,7gnv-a,,
0,CC(C)(CO)N(Cc1ccccc1)[C@@H]1CCC(=O)C1,NKKFTVXUYLTPOD-UHFFFAOYSA-N,,,aizynthfinder,hippo,CC(C)(C)c1nc2cc(N)ccc2o1,CC(=O)c1c[nH]cn1,Reductive_amination,0.0,7gpg-a,3066.0,527.0,be76147bbd3cea42509659d7d9f9f194,/opt/xchem-fragalysis-2/maxwin/openbind-hippo/d68ev3c/cycle_01/syndirella/elabs/templates/7gq3-a_apo-desolv.pdb,/opt/xchem-fragalysis-2/maxwin/openbind-hippo/d68ev3c/cycle_01/syndirella/elabs/d68ev3c_c01_elabs_C55308/NKKFTVXUYLTPOD-UHFFFAOYSA-N/NKKFTVXUYLTPOD-UHFFFAOYSA-N_be76147bbd3cea42509659d7d9f9f194_to_hippo.pkl.gz,3066.0,1533.0,C55308,7gpc-a,,
0,CC(C)(CNC(=O)c1cc(-c2ccccc2)on1)C1CCNCC1,FLYGYKUVOOPTJB-UHFFFAOYSA-N,,,aizynthfinder,hippo,O=C(O)CCc1c[nH]c2ccccc12,NCCn1cc(Cl)cn1,Amidation,0.0,7goy-a,5721.0,996.0,96a085ed52ba1f8263278717c4c1c8cd,/opt/xchem-fragalysis-2/maxwin/openbind-hippo/d68ev3c/cycle_01/syndirella/elabs/templates/7go7-a_apo-desolv.pdb,/opt/xchem-fragalysis-2/maxwin/openbind-hippo/d68ev3c/cycle_01/syndirella/elabs/d68ev3c_c01_elabs_C33797/FLYGYKUVOOPTJB-UHFFFAOYSA-N/FLYGYKUVOOPTJB-UHFFFAOYSA-N_96a085ed52ba1f8263278717c4c1c8cd_to_hippo.pkl.gz,5721.0,2201.0,C33797,7gp2-a,,
0,<rdkit.Chem.rdchem.Mol object at 0x7fde40d92d50>,JHMPYHFIPYTERB-UHFFFAOYSA-N,ReactionError,The reactants do not match the reaction SMARTS in reaction Amidation in mol Cc1cccc2[nH]cc(CC(=O)O)c12 and CC(N)CCC1CCCC1.,aizynthfinder,hippo,Cc1cccc2[nH]cc(CC(=O)O)c12,CC(N)CCC1CCCC1,Amidation,0.0,,,,175ad24c3a14df397b3a871a3b39746f,,,,,,,,
0,<rdkit.Chem.rdchem.Mol object at 0x7f068eededc0>,PIWYUWMHQMXWEY-UHFFFAOYSA-N,ReactionError,No atoms found involved in reaction Amidation in mol CNCc1ncc[nH]1 and CCOC(=O)c1cccc(C(=O)O)c1,aizynthfinder,hippo,CNCc1ncc[nH]1,CCOC(=O)c1cccc(C(=O)O)c1,Amidation,0.0,,,,211c799850c8f5e9be3dc150aa15ede8,,,,,,,,
0,<rdkit.Chem.rdchem.Mol object at 0x7fb557216f10>,AQSUCCOMAMIPKV-UHFFFAOYSA-N,ReactionError,The reactants do not match the reaction SMARTS in reaction Amidation in mol O=C(O)COc1ccsc1 and COC(=O)C1CCCN1.,aizynthfinder,hippo,O=C(O)COc1ccsc1,COC(=O)C1CCCN1,Amidation,0.0,,,,10fac2b7b9ea5b8eb19f7c9e1a449310,,,,,,,,
0,<rdkit.Chem.rdchem.Mol object at 0x7f9393c1adc0>,IMILAJFTUQKFKA-UHFFFAOYSA-N,ReactionError,The reactants do not match the reaction SMARTS in reaction Ester_amidation in mol Nc1ccc2c(c1)CCO2 and CC(C)(C)OC(=O)c1csc(C2CCNCC2)n1.,aizynthfinder,hippo,Nc1ccc2c(c1)CCO2,CC(C)(C)OC(=O)c1csc(C2CCNCC2)n1,Ester_amidation,0.0,,,,19e1d2811321d9794a5001a1da706195,,,,,,,,
0,<rdkit.Chem.rdchem.Mol object at 0x7ff8eb4cef10>,WIVMRJUXSGKZRU-UHFFFAOYSA-N,ReactionError,The reactants do not match the reaction SMARTS in reaction Amidation in mol Cc1nc2ccccc2n1CCC(=O)O and CC(N)c1ccc2c(c1)CCCO2.,aizynthfinder,hippo,Cc1nc2ccccc2n1CCC(=O)O,CC(N)c1ccc2c(c1)CCCO2,Amidation,0.0,,,,7d588b10bf24d5b55b0a079fcbc37a88,,,,,,,,
0,<rdkit.Chem.rdchem.Mol object at 0x7f49c9242e30>,UACHCRJAKAJRCM-UHFFFAOYSA-N,ReactionError,The reactants do not match the reaction SMARTS in reaction Ester_amidation in mol CCOC(=O)c1cn2c(n1)CCCC2 and Nc1ccnn1C1CCCC1.,aizynthfinder,hippo,CCOC(=O)c1cn2c(n1)CCCC2,Nc1ccnn1C1CCCC1,Ester_amidation,0.0,,,,85fc6ea6e25a1095895c335303f03f63,,,,,,,,
0,<rdkit.Chem.rdchem.Mol object at 0x7f4bf02aaf10>,VWIBTEMEDYPTIY-UHFFFAOYSA-N,ReactionError,The reactants do not match the reaction SMARTS in reaction Amidation in mol Nc1ccc2c(c1)CCO2 and Cn1cnc2cccc(C(=O)O)c21.,aizynthfinder,hippo,Nc1ccc2c(c1)CCO2,Cn1cnc2cccc(C(=O)O)c21,Amidation,0.0,,,,034119da7da0626e44587c4bcd5cb17f,,,,,,,,
0,<rdkit.Chem.rdchem.Mol object at 0x7faa3eaf1ee0>,WKUJSKQGVFLBCX-UHFFFAOYSA-N,ReactionError,The reactants do not match the reaction SMARTS in reaction Amidation in mol CC(Cc1cnc[nH]1)C(=O)O and N#CCCNCc1cccnc1.,aizynthfinder,hippo,CC(Cc1cnc[nH]1)C(=O)O,N#CCCNCc1cccnc1,Amidation,0.0,,,,873b5f940e44e6db4d366d5d34f408f9,,,,,,,,
0,<rdkit.Chem.rdchem.Mol object at 0x7fdac3ffedc0>,WQOUBXWIDJZODR-UHFFFAOYSA-N,ReactionError,No atoms found involved in reaction Amidation in mol O=C(O)c1cn2ccnc2s1 and CC(C)(C(=O)O)n1cc(N)cn1,aizynthfinder,hippo,O=C(O)c1cn2ccnc2s1,CC(C)(C(=O)O)n1cc(N)cn1,Amidation,0.0,,,,9927682e017acdd6689877447bf1a4a6,,,,,,,,
0,<rdkit.Chem.rdchem.Mol object at 0x7f8eb372dee0>,CSPGPAKKUZOWLI-UHFFFAOYSA-N,ReactionError,No atoms found involved in reaction Amidation in mol O=C(O)Cn1cnc2ccccc21 and Cc1[nH]ncc1CCCN,aizynthfinder,hippo,O=C(O)Cn1cnc2ccccc21,Cc1[nH]ncc1CCCN,Amidation,0.0,,,,4280f270df14674f0f246776f44d0264,,,,,,,,
0,CN(C)CCN1CCN(Cc2cn[nH]c2)CC1=O,MFLKQQZESMAFCG-UHFFFAOYSA-N,NoReactants,All reactants were filtered for r1. No products will be found.,aizynthfinder,hippo,O=C(O)c1cc2ccc(C(F)(F)F)cc2[nH]1,NCCc1nc2ccccc2[nH]1,Amidation,0.0,B0426a,,,f8d8e0c12cfa6c40b837ece1eb2fdbbf,/opt/xchem-fragalysis-2/maxwin/openbind-hippo/d68ev3c/cycle_01/syndirella/elabs/templates/7go4-b_apo-desolv.pdb,,,,C39995,7gpj-a,,
0,CCn1nc(-c2cccs2)nc1-c1ccc2cccnn12,PSLBVSKDONZPNQ-UHFFFAOYSA-N,,,aizynthfinder,hippo,O=C(O)c1cnc2ncc(Cl)cn12,NCc1n[nH]c2c1CCC2,Amidation,0.0,7gqr-a,9.0,0.0,08efb7d5ef9b33fe3ba27a1b51227fdc,/opt/xchem-fragalysis-2/maxwin/openbind-hippo/d68ev3c/cycle_01/syndirella/elabs/templates/7go9-a_apo-desolv.pdb,/opt/xchem-fragalysis-2/maxwin/openbind-hippo/d68ev3c/cycle_01/syndirella/elabs/d68ev3c_c01_elabs_C48981/PSLBVSKDONZPNQ-UHFFFAOYSA-N/PSLBVSKDONZPNQ-UHFFFAOYSA-N_08efb7d5ef9b33fe3ba27a1b51227fdc_to_hippo.pkl.gz,9.0,7.0,C48981,7gnv-a,,
0,c1cnc2ncc([C@H]3CCCNC3)n2c1,MGUYISHNWLYIEE-UHFFFAOYSA-N,ProductFormationError,All products filtered for step 1.,aizynthfinder,hippo,CNCc1ncc[nH]1,CCOC(=O)C1CNCCO1,Formation_of_urea_from_two_amines,0.0,7go4-a,,,41e3998296e314b28e2e710013669100,/opt/xchem-fragalysis-2/maxwin/openbind-hippo/d68ev3c/cycle_01/syndirella/elabs/templates/7got-a_apo-desolv.pdb,,,,C60665,7gpo-a,,
0,C[C@H](NC(=O)OC(C)(C)C)C1=NN(c2ccnn2C)C(=O)C1,RSPINUKCCGWWQX-UHFFFAOYSA-N,,,aizynthfinder,hippo,O=Cc1cc(-n2ccnc2)cs1,Nc1ccc2nscc2c1,Reductive_amination,0.0,7gpg-a,1.0,1.0,dcc0f86c69b6ff1dccbd98903ff225ad,/opt/xchem-fragalysis-2/maxwin/openbind-hippo/d68ev3c/cycle_01/syndirella/elabs/templates/7go9-a_apo-desolv.pdb,/opt/xchem-fragalysis-2/maxwin/openbind-hippo/d68ev3c/cycle_01/syndirella/elabs/d68ev3c_c01_elabs_C46521/RSPINUKCCGWWQX-UHFFFAOYSA-N/RSPINUKCCGWWQX-UHFFFAOYSA-N_dcc0f86c69b6ff1dccbd98903ff225ad_to_hippo.pkl.gz,1.0,1.0,C46521,7gph-a,,
0,C[C@@H](NCc1cc2n(n1)CCC2)[C@@H](O)c1ccc2c(c1)OCO2,ASGYZCAKHPQBAB-UHFFFAOYSA-N,,,aizynthfinder,hippo,O=C(O)Cn1ccccc1=O,Nc1ccc2nc(C(F)F)sc2c1,Amidation,0.0,7gp9-a,64.0,0.0,586a63f006f1b502e43b762268651198,/opt/xchem-fragalysis-2/maxwin/openbind-hippo/d68ev3c/cycle_01/syndirella/elabs/templates/7gqa-a_apo-desolv.pdb,/opt/xchem-fragalysis-2/maxwin/openbind-hippo/d68ev3c/cycle_01/syndirella/elabs/d68ev3c_c01_elabs_C64715/ASGYZCAKHPQBAB-UHFFFAOYSA-N/ASGYZCAKHPQBAB-UHFFFAOYSA-N_586a63f006f1b502e43b762268651198_to_hippo.pkl.gz,64.0,52.0,C64715,7gnz-a,7goy-a,
0,O=C(Nc1ccccc1I)[C@@H]1COCCO1,XNMKDWFKLKTDAP-UHFFFAOYSA-N,SMARTSError,Reaction name Sp3-sp2_Suzuki_coupling not found in SMARTS handler.,,,,,,,7gnv-a,,,,/opt/xchem-fragalysis-2/maxwin/openbind-hippo/d68ev3c/cycle_01/syndirella/elabs/templates/7gqd-a_apo-desolv.pdb,,,,C793,7goz-a,,
0,<rdkit.Chem.rdchem.Mol object at 0x7faf4cf56f10>,ZNZCANVPAVRIIV-UHFFFAOYSA-N,ReactionError,No atoms found involved in reaction N-nucleophilic_aromatic_substitution in mol CC(N)Cc1cnn(C)c1 and Brc1ccn2ccnc2n1,aizynthfinder,hippo,CC(N)Cc1cnn(C)c1,Brc1ccn2ccnc2n1,N-nucleophilic_aromatic_substitution,0.0,,,,36f9a83f32698871e6c30a658f542e82,,,,,,,,
0,<rdkit.Chem.rdchem.Mol object at 0x7fce9dcaaf10>,BSDHUVBPMNBOKK-UHFFFAOYSA-N,ReactionError,The reactants do not match the reaction SMARTS in reaction Reductive_amination in mol O=Cc1cc2sccc2[nH]1 and Nc1nc2cccc(F)c2o1.,aizynthfinder,hippo,O=Cc1cc2sccc2[nH]1,Nc1nc2cccc(F)c2o1,Reductive_amination,0.0,,,,dac6a11bfbb29d03e81da18a3044f50b,,,,,,,,
0,<rdkit.Chem.rdchem.Mol object at 0x7f27b09fadc0>,WDPSCPBNDNHOQD-UHFFFAOYSA-N,ReactionError,The reactants do not match the reaction SMARTS in reaction Formation_of_urea_from_two_amines in mol CC(C)S(=O)(=O)C1CCNC1 and CC(N)c1cn[nH]c1.,aizynthfinder,hippo,CC(C)S(=O)(=O)C1CCNC1,CC(N)c1cn[nH]c1,Formation_of_urea_from_two_amines,0.0,,,,5e3c49f474ee759de27d1745004bd13e,,,,,,,,
0,O=S(=O)(C(Cl)Cl)N1CCCC1,UMKJXDGWQXFMMZ-UHFFFAOYSA-N,,,aizynthfinder,hippo,c1ccc2c(c1)CCNC2,O=C(O)CCCCCl,Amidation,0.0,7gpl-a,4535.0,0.0,0d3026235b57da86e7d23824ba7acdd6,/opt/xchem-fragalysis-2/maxwin/openbind-hippo/d68ev3c/cycle_01/syndirella/elabs/templates/7go9-a_apo-desolv.pdb,/opt/xchem-fragalysis-2/maxwin/openbind-hippo/d68ev3c/cycle_01/syndirella/elabs/d68ev3c_c01_elabs_C79165/UMKJXDGWQXFMMZ-UHFFFAOYSA-N/UMKJXDGWQXFMMZ-UHFFFAOYSA-N_0d3026235b57da86e7d23824ba7acdd6_to_hippo.pkl.gz,4535.0,1528.0,C79165,7gp4-a,,
0,O=C(NCCNc1cnccn1)c1ccn2ccnc2c1,GBZOQXIRNOXLEJ-UHFFFAOYSA-N,,,aizynthfinder,hippo,c1coc(C2CCNC2)c1,Nc1cnc2nccn2c1,Formation_of_urea_from_two_amines,0.0,7gqm-a,1.0,0.0,805077c044eda363bc7397b5a0f0ea54,/opt/xchem-fragalysis-2/maxwin/openbind-hippo/d68ev3c/cycle_01/syndirella/elabs/templates/7gpo-a_apo-desolv.pdb,/opt/xchem-fragalysis-2/maxwin/openbind-hippo/d68ev3c/cycle_01/syndirella/elabs/d68ev3c_c01_elabs_C81324/GBZOQXIRNOXLEJ-UHFFFAOYSA-N/GBZOQXIRNOXLEJ-UHFFFAOYSA-N_805077c044eda363bc7397b5a0f0ea54_to_hippo.pkl.gz,1.0,1.0,C81324,7go6-a,,
0,CC(=Cc1cscn1)CNCC(C)C,JEMJYRVIKBLLAF-UHFFFAOYSA-N,,,aizynthfinder,hippo,O=C(CCl)NCCc1ccsc1,FC(F)(F)CCCS,Nucleophilic_substitution_with_thiol,0.0,7go0-a,4.0,0.0,d5c6816809a2b0a459167cc250801989,/opt/xchem-fragalysis-2/maxwin/openbind-hippo/d68ev3c/cycle_01/syndirella/elabs/templates/7gqa-a_apo-desolv.pdb,/opt/xchem-fragalysis-2/maxwin/openbind-hippo/d68ev3c/cycle_01/syndirella/elabs/d68ev3c_c01_elabs_C84677/JEMJYRVIKBLLAF-UHFFFAOYSA-N/JEMJYRVIKBLLAF-UHFFFAOYSA-N_d5c6816809a2b0a459167cc250801989_to_hippo.pkl.gz,4.0,1.0,C84677,7gny-a,,
0,<rdkit.Chem.rdchem.Mol object at 0x7ff3c275af10>,HIFQUWMQVAZNTE-UHFFFAOYSA-N,ReactionError,The reactants do not match the reaction SMARTS in reaction Amidation in mol NCc1cccs1 and Cc1ccc2c(c1)C=C(C(=O)O)CO2.,aizynthfinder,hippo,NCc1cccs1,Cc1ccc2c(c1)C=C(C(=O)O)CO2,Amidation,0.0,,,,f67c52d506a982f83ce5b656f693a321,,,,,,,,
0,<rdkit.Chem.rdchem.Mol object at 0x7f2e8f802f10>,MVUXSEZWCQLDBZ-UHFFFAOYSA-N,ReactionError,The reactants do not match the reaction SMARTS in reaction Formation_of_urea_from_two_amines in mol NCc1ccncc1 and Cc1ccc(C(=O)NN)s1.,aizynthfinder,hippo,NCc1ccncc1,Cc1ccc(C(=O)NN)s1,Formation_of_urea_from_two_amines,0.0,,,,9e1ee9b2a6ad92377d37fef5205c09c5,,,,,,,,
0,c1cc2c(c(-c3nc([C@H]4CCCN4)no3)c1)CCNC2,XMIYBCIIBJRBFZ-UHFFFAOYSA-N,,,aizynthfinder,hippo,CC1NCCC1c1ccccc1,Brc1ccnc2nccn12,N-nucleophilic_aromatic_substitution,0.0,B0693a,116.0,8.0,37019f9ea767e3673d9ddd8560648bb4,/opt/xchem-fragalysis-2/maxwin/openbind-hippo/d68ev3c/cycle_01/syndirella/elabs/templates/7gpp-a_apo-desolv.pdb,/opt/xchem-fragalysis-2/maxwin/openbind-hippo/d68ev3c/cycle_01/syndirella/elabs/d68ev3c_c01_elabs_C8782/XMIYBCIIBJRBFZ-UHFFFAOYSA-N/XMIYBCIIBJRBFZ-UHFFFAOYSA-N_37019f9ea767e3673d9ddd8560648bb4_to_hippo.pkl.gz,116.0,37.0,C8782,7gpo-a,,
0,<rdkit.Chem.rdchem.Mol object at 0x7f94c9812dc0>,GNJZOFQWXUDAEZ-UHFFFAOYSA-N,ReactionError,No atoms found involved in reaction Amidation in mol O=C(O)c1[nH]c2ccccc2c1Cl and NCCc1ncc[nH]1,aizynthfinder,hippo,O=C(O)c1[nH]c2ccccc2c1Cl,NCCc1ncc[nH]1,Amidation,0.0,,,,693ff98a6e8489e543255989e97b27a5,,,,,,,,
0,<rdkit.Chem.rdchem.Mol object at 0x7f73659d9ee0>,HIYSBDGXDXOLHO-UHFFFAOYSA-N,ReactionError,The reactants do not match the reaction SMARTS in reaction Amidation in mol NCCC1CCCN1 and N#Cc1c(C(=O)O)[nH]c2ccccc12.,aizynthfinder,hippo,NCCC1CCCN1,N#Cc1c(C(=O)O)[nH]c2ccccc12,Amidation,0.0,,,,94a4d0938fd76c66b2be35a882933fda,,,,,,,,
