target-names,no-steps,concentration-required-mM,amount-required-uL,batch-tag,reactant-1-1,reactant-2-1,reaction-product-smiles-1,reaction-name-1,reaction-recipe-1,reaction-groupby-column-1,reactant-3-1
C62668,1,,,,Cc1ccc(N)c2cccnc12,O=C(O)c1cccc2scnc12,Cc1ccc(NC(=O)c2cccc3scnc23)c2cccnc12,Amidation,,,
C61598,1,,,,O=Cc1ccc2c(c1)CNC2,CCCCN,CCCCNCc1ccc2c(c1)CNC2,Reductive_amination,,,
C67555,1,,,,O=C1CC(C(=O)O)CCN1,Nc1nnc(C2CCNC2)[nH]1,O=C1CC(C(=O)Nc2nnc(C3CCNC3)[nH]2)CCN1,Amidation,,,
C59954,1,,,,CC(=O)O,NCC12CCCN1CCC2,CC(=O)NCC12CCCN1CCC2,Amidation,,,
C69956,1,,,,NC1Cc2cscc2C1,COC(=O)c1cnc2c(C=O)cccn12,COC(=O)c1cnc2c(CNC3Cc4cscc4C3)cccn12,Reductive_amination,,,
C56722,1,,,,CC(O)C(=O)O,Nc1nccs1,CC(O)C(=O)Nc1nccs1,Amidation,,,
C64151,1,,,,O=C(O)c1cccc2nccn12,Cc1nc(CCN)c[nH]1,Cc1nc(CCNC(=O)c2cccc3nccn23)c[nH]1,Amidation,,,
C63174,1,,,,CC(N)c1cccc2cccnc12,O=C(O)c1noc2c1CNCC2,CC(NC(=O)c1noc2c1CNCC2)c1cccc2cccnc12,Amidation,,,
C66225,1,,,,CC=O,OB(O)c1cscn1,CSCCN(C)C(C)c1cscn1,Petasis-borono_Mannich_reaction,,,CNCCSC
C70444,1,,,,Brc1nc2ccccc2[nH]1,NCc1cccc(OCC(N)=O)c1,NC(=O)COc1cccc(CNc2nc3ccccc3[nH]2)c1,N-nucleophilic_aromatic_substitution,,,
C58144,1,,,,CNCc1ccc2cc[nH]c2c1,C=CCC(C)C(=O)O,C=CCC(C)C(=O)N(C)Cc1ccc2cc[nH]c2c1,Amidation,,,
C61950,1,,,,O=C(O)c1ccnc2c1CNC2,CNC(=O)Cc1cccc(N)c1,CNC(=O)Cc1cccc(NC(=O)c2ccnc3c2CNC3)c1,Amidation,,,
C61266,1,,,,CC(C)N,Brc1cnccn1,CC(C)Nc1cnccn1,N-nucleophilic_aromatic_substitution,,,
C61575,1,,,,O=Cc1ccc2c(c1)CNC2,CNCC(F)(F)F,CN(Cc1ccc2c(c1)CNC2)CC(F)(F)F,Reductive_amination,,,
C7770,1,,,,CNCc1c[nH]cn1,O=C(O)Cn1cccn1,CN(Cc1c[nH]cn1)C(=O)Cn1cccn1,Amidation,,,
C68932,1,,,,CC1(C)OB(C2CCCNC2)OC1(C)C,Brc1ccc2[nH]c3c(c2c1)CCCC3,c1cc2[nH]c3c(c2cc1C1CCCNC1)CCCC3,Sp3-sp2_Suzuki_coupling,,,
C62267,1,,,,CCC(=O)O,Nc1ccsn1,CCC(=O)Nc1ccsn1,Amidation,,,
C53862,1,,,,CC(C)(C)OC(=O)N1CCNCC1c1cccnc1,,c1cncc(C2CNCCN2)c1,N-Boc_deprotection,,,
C66393,1,,,,O=Cc1cccc2[nH]ccc12,Nc1ccc2c(c1)CN(CC(F)(F)F)C2,FC(F)(F)CN1Cc2ccc(NCc3cccc4[nH]ccc34)cc2C1,Reductive_amination,,,
C59572,1,,,,Fc1cccc2c1CNC2,O=C(O)c1ccc2n[nH]c(=O)n2c1,O=C(c1ccc2n[nH]c(=O)n2c1)N1Cc2cccc(F)c2C1,Amidation,,,
C63038,1,,,,Nc1cncs1,C#CCOC(C)C(=O)O,C#CCOC(C)C(=O)Nc1cncs1,Amidation,,,
C60777,1,,,,O=C(O)C1CCNC1,CC(C)(N)COc1ncccc1Br,CC(C)(COc1ncccc1Br)NC(=O)C1CCNC1,Amidation,,,
C61309,1,,,,O=C(O)Cc1cccc2c1CCNC2,COCC1(CN)CCC1,COCC1(CNC(=O)Cc2cccc3c2CCNC3)CCC1,Amidation,,,
C71544,1,,,,O=c1[nH]ncn1C1CCNCC1,O=Cc1c[nH]c2cc(Cl)ccc12,O=c1[nH]ncn1C1CCN(Cc2c[nH]c3cc(Cl)ccc23)CC1,Reductive_amination,,,
C62788,1,,,,O=C(O)c1ccc2nc(C(F)(F)F)cn2c1,NCc1cnco1,O=C(NCc1cnco1)c1ccc2nc(C(F)(F)F)cn2c1,Amidation,,,
C62695,1,,,,Nc1ccc2cn[nH]c2n1,O=C(O)c1nc2ccccc2s1,O=C(Nc1ccc2cn[nH]c2n1)c1nc2ccccc2s1,Amidation,,,
C58690,1,,,,CCCN,Brc1nc2ccccc2s1,CCCNc1nc2ccccc2s1,N-nucleophilic_aromatic_substitution,,,
C64241,1,,,,c1ccc2[nH]c(C3CCNCC3)cc2c1,C=CCNC(=O)CO,C=CCNC(=O)CN1CCC(c2cc3ccccc3[nH]2)CC1,Mitsunobu_reaction_with_amine_alcohol_and_thioalcohol,,,
C62280,1,,,,O=C1CCNCCN1,O=C(O)c1cc(C(O)C(F)(F)F)ccn1,O=C1CCN(C(=O)c2cc(C(O)C(F)(F)F)ccn2)CCN1,Amidation,,,
C67471,1,,,,CC=O,OB(O)c1cccc2cn[nH]c12,CC(NCc1cnc2ccccc2c1)c1cccc2cn[nH]c12,Petasis-borono_Mannich_reaction,,,NCc1cnc2ccccc2c1
C64652,1,,,,Clc1ccnc2ccsc12,C1CNCCNC1,c1cc(N2CCCNCC2)c2sccc2n1,N-nucleophilic_aromatic_substitution,,,
C60764,1,,,,CC(C)(N)CO,O=C(O)C1NCC2CC21,CC(C)(CO)NC(=O)C1NCC2CC21,Amidation,,,
C61607,1,,,,C#CCNC,O=Cc1ccc2c(c1)CNC2,C#CCN(C)Cc1ccc2c(c1)CNC2,Reductive_amination,,,
C64791,1,,,,O=C(O)c1cccc2cc[nH]c12,COc1ccc(CC(C)(N)CO)cc1,COc1ccc(CC(C)(CO)NC(=O)c2cccc3cc[nH]c23)cc1,Amidation,,,
C68003,1,,,,NCc1cccc2nccn12,CN(C)CCN1CCC(C=O)CC1,CN(C)CCN1CCC(CNCc2cccc3nccn23)CC1,Reductive_amination,,,
C63241,1,,,,CC1(C)OB(c2ccc3nc[nH]c3c2)OC1(C)C,Brc1nccc2ncncc12,c1cc2ncncc2c(-c2ccc3nc[nH]c3c2)n1,Sp2-sp2_Suzuki_coupling,,,
C59624,1,,,,CN1CCn2nc(N)cc2C1,O=C(O)c1nccc2c1CNCC2,CN1CCn2nc(NC(=O)c3nccc4c3CNCC4)cc2C1,Amidation,,,
C58671,1,,,,CC1(C)OB(CCCN)OC1(C)C,Brc1cc2cccnc2s1,NCCCc1cc2cccnc2s1,Sp3-sp2_Suzuki_coupling,,,
C64798,1,,,,O=C(O)c1cccc2cc[nH]c12,CC(N)(CO)Cc1ccc(F)cc1,CC(CO)(Cc1ccc(F)cc1)NC(=O)c1cccc2cc[nH]c12,Amidation,,,
C60616,1,,,,Ic1cc[nH]n1,CC1(C)OB(C2CCCNCC2)OC1(C)C,c1cc(C2CCCNCC2)n[nH]1,Sp3-sp2_Suzuki_coupling,,,
C57216,1,,,,CNCc1c[nH]cn1,NS(=O)(=O)c1cnn2c1CNCC2,CN(Cc1c[nH]cn1)C(=O)N1CCn2ncc(S(N)(=O)=O)c2C1,Formation_of_urea_from_two_amines,,,
C63904,1,,,,Ic1ccncn1,CC1(C)OB(C2=CCNC2)OC1(C)C,C1=C(c2ccncn2)CNC1,Sp2-sp2_Suzuki_coupling,,,
C68640,1,,,,O=C(O)c1ccns1,CC(N)(CO)Cc1ccc(Br)cc1,CC(CO)(Cc1ccc(Br)cc1)NC(=O)c1ccns1,Amidation,,,
C70364,1,,,,Nc1cc[nH]n1,ClCCCCCl,O=S(=O)(CCCCCl)Nc1cc[nH]n1,Formation_of_sulfonamide_from_halide_-_Shavnya_reaction,,,
C64147,1,,,,NCc1csc2nccn12,Cc1nc(CC(=O)O)c[nH]1,Cc1nc(CC(=O)NCc2csc3nccn23)c[nH]1,Amidation,,,
C65040,1,,,,O=C(O)Cn1c(=O)[nH]c2ccccc21,CC(CN)CO,CC(CO)CNC(=O)Cn1c(=O)[nH]c2ccccc21,Amidation,,,
C64818,1,,,,O=C(O)c1cccc2[nH]ncc12,Nc1nc(C2CCC2)cs1,O=C(Nc1nc(C2CCC2)cs1)c1cccc2[nH]ncc12,Amidation,,,
C58201,1,,,,O=C(O)C1CCCCN1,CCC(C)(C)CN,CCC(C)(C)CNC(=O)C1CCCCN1,Amidation,,,
C59808,1,,,,c1cncc(C2CCCCN2)c1,,[O-][n+]1cccc(C2CCCCN2)c1,N-oxide_formation,,,
C67777,1,,,,O=C(O)c1ccc2n[nH]c(=O)n2c1,CC(N)c1ccncc1Cl,CC(NC(=O)c1ccc2n[nH]c(=O)n2c1)c1ccncc1Cl,Amidation,,,
C63027,1,,,,OB(O)c1ccncc1,COCC(N)COC,COCC(COC)Nc1ccncc1,Chan-Lam_coupling_(amination),,,
C65217,1,,,,OC1CCCNC1,CC(O)C(=O)N(C)C,CC(OC1CCCNC1)C(=O)N(C)C,Mitsunobu_reaction_with_amine_alcohol_and_thioalcohol,,,
C60166,1,,,,OCCCC1CNC1,O=C(Nc1ccc2c(c1)CNC2)C(F)(F)F,O=C(Nc1ccc2c(c1)CN(CCCC1CNC1)C2)C(F)(F)F,Mitsunobu_reaction_with_amine_alcohol_and_thioalcohol,,,
C66477,1,,,,NCc1ccncn1,O=C(O)c1nccc2c1CNCC2,O=C(NCc1ccncn1)c1nccc2c1CNCC2,Amidation,,,
C68732,1,,,,O=C(O)c1cn2ccnc2s1,CCSc1ccc(N)cn1,CCSc1ccc(NC(=O)c2cn3ccnc3s2)cn1,Amidation,,,
C3469,1,,,,Nc1ccc2[nH]c(=O)[nH]c2c1,CC(C)Cc1ccc(C=O)cn1,CC(C)Cc1ccc(CNc2ccc3[nH]c(=O)[nH]c3c2)cn1,Reductive_amination,,,
C66556,1,,,,CC(CN)n1cccn1,OCCNc1nc(Cl)nc2ccccc12,CC(CNc1nc(NCCO)c2ccccc2n1)n1cccn1,N-nucleophilic_aromatic_substitution,,,
C69166,1,,,,c1cnc(N2CCNCC2)nc1,O=C(O)Cc1csc2nccn12,O=C(Cc1csc2nccn12)N1CCN(c2ncccn2)CC1,Amidation,,,
C13296,1,,,,c1cncc(C2CNCCN2)c1,O=C(O)c1ccc2ncsc2c1,O=C(c1ccc2ncsc2c1)N1CCNC(c2cccnc2)C1,Amidation,,,
C60302,1,,,,CCC(C#N)C(=O)O,CC(N)c1nnc2ccccn12,CCC(C#N)C(=O)NC(C)c1nnc2ccccn12,Amidation,,,
C60723,1,,,,COCC(=O)O,Nc1cncc2c1CCCC2,COCC(=O)Nc1cncc2c1CCCC2,Amidation,,,
C6489,1,,,,O=C(O)CCn1ccnc1,CNC(c1ccccc1)c1ncc[nH]1,CN(C(=O)CCn1ccnc1)C(c1ccccc1)c1ncc[nH]1,Amidation,,,
C61450,1,,,,N#CCN,O=C1Cc2cc(B(O)O)ccc2N1,N#CCNc1ccc2c(c1)CC(=O)N2,Chan-Lam_coupling_(amination),,,
C65268,1,,,,CCC(C)N,Brc1ccc2ccccc2n1,CCC(C)Nc1ccc2ccccc2n1,N-nucleophilic_aromatic_substitution,,,
C15448,1,,,,OCc1cccc2ncccc12,O=C(O)c1cccc2c1CNC2,O=C(O)c1cccc2c1CN(Cc1cccc3ncccc13)C2,Mitsunobu_reaction_with_amine_alcohol_and_thioalcohol,,,
C68073,1,,,,Nc1cccc2[nH]c(=O)[nH]c12,Cn1cncc1CCC(=O)O,Cn1cncc1CCC(=O)Nc1cccc2[nH]c(=O)[nH]c12,Amidation,,,
C76716,1,,,,Cc1cccc(Br)c1,C=CB1OC(C)(C)C(C)(C)O1,C=Cc1cccc(C)c1,Sp2-sp2_Suzuki_coupling,,,
C61273,1,,,,CC(N)Cc1cnccn1,CC(C)(O)c1ccc(Br)nn1,CC(Cc1cnccn1)Nc1ccc(C(C)(C)O)nn1,Buchwald-Hartwig_amination,,,
C59569,1,,,,c1ccc2c(c1)CNC2,O=C(O)c1ccn2c(=O)[nH]nc2c1,O=C(c1ccn2c(=O)[nH]nc2c1)N1Cc2ccccc2C1,Amidation,,,
C66681,1,,,,CC(O)C(N)=O,OC1CCCCNC1,CC(OC1CCCCNC1)C(N)=O,Mitsunobu_reaction_with_amine_alcohol_and_thioalcohol,,,
C68443,1,,,,O=C(O)c1ccc2nc(C(F)(F)F)cn2c1,NCc1ccco1,O=C(NCc1ccco1)c1ccc2nc(C(F)(F)F)cn2c1,Amidation,,,
C10365,1,,,,O=C(O)c1cn2ccccc2n1,COc1cc(N)c2ccccc2n1,COc1cc(NC(=O)c2cn3ccccc3n2)c2ccccc2n1,Amidation,,,
C60806,1,,,,O=C(O)c1nnn2ccccc12,Cn1cnc2cc(CN)ccc21,Cn1cnc2cc(CNC(=O)c3nnn4ccccc34)ccc21,Amidation,,,
C74983,1,,,,OC1CCCN2CCCC12,CCNC,CCN(C)C1CCCN2CCCC12,Mitsunobu_reaction_with_amine_alcohol_and_thioalcohol,,,
C59027,1,,,,CC1(C)OB(c2ccns2)OC1(C)C,Cc1cc(Br)cc2[nH]c(Cl)nc12,Cc1cc(Br)cc2[nH]c(-c3ccns3)nc12,Sp2-sp2_Suzuki_coupling,,,
C58592,1,,,,OCc1cccc2c1CCNC2,OCCCNCc1ccccn1,OCCCN(Cc1ccccn1)Cc1cccc2c1CCNC2,Mitsunobu_reaction_with_amine_alcohol_and_thioalcohol,,,
C63711,1,,,,Oc1cnn2c1CNCC2,O=C(O)c1nccc2occc12,O=C(c1nccc2occc12)N1CCn2ncc(O)c2C1,Amidation,,,
C76707,1,,,,Cc1cc(N)cc(Br)c1,C=CB1OC(C)(C)C(C)(C)O1,C=Cc1cc(C)cc(N)c1,Sp2-sp2_Suzuki_coupling,,,
C62980,1,,,,Nc1ccccn1,CCCC(OCC)C(=O)O,CCCC(OCC)C(=O)Nc1ccccn1,Amidation,,,
C49245,1,,,,CC(Oc1ccccn1)C(=O)O,Nc1cnc2ccsc2c1,CC(Oc1ccccn1)C(=O)Nc1cnc2ccsc2c1,Amidation,,,
C9697,1,,,,c1nc(C2CCNCC2)c[nH]1,CC(C)(C(=O)O)c1c[nH]cn1,CC(C)(C(=O)N1CCC(c2c[nH]cn2)CC1)c1c[nH]cn1,Amidation,,,
C67775,1,,,,Nc1ccc2cn[nH]c2n1,CC(C(=O)O)c1cncc(F)c1,CC(C(=O)Nc1ccc2cn[nH]c2n1)c1cncc(F)c1,Amidation,,,
C7563,1,,,,Brc1ncnc2ccccc12,c1csc(C2CNCCO2)n1,c1ccc2c(N3CCOC(c4nccs4)C3)ncnc2c1,N-nucleophilic_aromatic_substitution,,,
C58017,1,,,,OCCOC1CNC1,O=C(O)CNc1nc2ccccc2s1,O=C(CNc1nc2ccccc2s1)N1CC(OCCO)C1,Amidation,,,
C66459,1,,,,c1cnc(C2CCCCN2)nc1,O=C(O)c1ccnc2c1CNC2,O=C(c1ccnc2c1CNC2)N1CCCCC1c1ncccn1,Amidation,,,
C64544,1,,,,NCc1cnc2sccn12,Cc1nc2ccccc2cc1C(=O)O,Cc1nc2ccccc2cc1C(=O)NCc1cnc2sccn12,Amidation,,,
C2807,1,,,,NC(Cc1c[nH]cn1)C(=O)O,Cc1ccc2c(c1)CNC2,Cc1ccc2c(c1)CN(C(=O)C(N)Cc1c[nH]cn1)C2,Amidation,,,
C110920,1,,,,CCC(N)c1ncc[nH]1,CSC(C)CCC(=O)O,CCC(NC(=O)CCC(C)SC)c1ncc[nH]1,Amidation,,,
C107826,1,,,,Brc1ncnc2ccccc12,CC(CN)C(C)(C)C,CC(CNc1ncnc2ccccc12)C(C)(C)C,N-nucleophilic_aromatic_substitution,,,
C62013,1,,,,Cc1cc2n(n1)CCNC2,O=C(O)c1cccn2nncc12,Cc1cc2n(n1)CCN(C(=O)c1cccn3nncc13)C2,Amidation,,,
C62098,1,,,,CCOCCCN=C=O,CC(N)C(=O)N1Cc2ccccc2C1,CCOCCCNC(=O)NC(C)C(=O)N1Cc2ccccc2C1,Isocyanate_to_urea,,,
C112745,1,,,,O=C(O)c1ccc2ccccc2n1,CNc1nc2cccc(Cl)c2s1,CN(C(=O)c1ccc2ccccc2n1)c1nc2cccc(Cl)c2s1,Amidation,,,
C112217,1,,,,O=C(O)Cc1csc2nccn12,CC(C)(C(N)=O)N1CCNCC1,CC(C)(C(N)=O)N1CCN(C(=O)Cc2csc3nccn23)CC1,Amidation,,,
C62126,1,,,,CCC(C)(C)CN,CC(N)C(=O)N1Cc2ccccc2C1,CCC(C)(C)CNC(=O)NC(C)C(=O)N1Cc2ccccc2C1,Formation_of_urea_from_two_amines,,,
C108386,1,,,,Nc1ccnc2ccsc12,CCC(=O)CCl,CCC(CCl)Nc1ccnc2ccsc12,Reductive_amination,,,
C59176,1,,,,Ic1nccs1,CC1(C)OB(c2cnsc2)OC1(C)C,c1csc(-c2cnsc2)n1,Sp2-sp2_Suzuki_coupling,,,
C59115,1,,,,O=C(O)Cc1cnn2ccccc12,CNC1CC(OC)C12CCC2,COC1CC(N(C)C(=O)Cc2cnn3ccccc23)C12CCC2,Amidation,,,
C108373,1,,,,Nc1ccnc2ccsc12,C=C(Br)CO,C=C(Br)CNc1ccnc2ccsc12,Mitsunobu_reaction_with_amine_alcohol_and_thioalcohol,,,
C109200,1,,,,O=C(O)c1cccc2cc[nH]c12,Nc1cccc(C2CC2)n1,O=C(Nc1cccc(C2CC2)n1)c1cccc2cc[nH]c12,Amidation,,,
C108379,1,,,,Brc1ccnc2ccsc12,CC(C)(C)CN,CC(C)(C)CNc1ccnc2ccsc12,N-nucleophilic_aromatic_substitution,,,
C108381,1,,,,Brc1ccnc2ccsc12,CC(C)(N)CCl,CC(C)(CCl)Nc1ccnc2ccsc12,N-nucleophilic_aromatic_substitution,,,
C109220,1,,,,O=C(O)c1cccc2cc[nH]c12,NC1CCOC(c2ccccn2)C1,O=C(NC1CCOC(c2ccccn2)C1)c1cccc2cc[nH]c12,Amidation,,,
C108383,1,,,,Brc1ccnc2ccsc12,CC(C)C(C)N,CC(C)C(C)Nc1ccnc2ccsc12,N-nucleophilic_aromatic_substitution,,,
C111558,1,,,,O=C(O)C(F)(F)c1nccs1,CC(NCC(N)=O)c1ccccc1,CC(c1ccccc1)N(CC(N)=O)C(=O)C(F)(F)c1nccs1,Amidation,,,
C108385,1,,,,CC(C)CN,Brc1ccnc2ccsc12,CC(C)CNc1ccnc2ccsc12,N-nucleophilic_aromatic_substitution,,,
C60959,1,,,,O=Cc1ccc2c(c1)CNC2,c1coc(CNCc2ccco2)c1,c1coc(CN(Cc2ccc3c(c2)CNC3)Cc2ccco2)c1,Reductive_amination,,,
C111861,1,,,,CC1(C)OB(C2CCCNC2)OC1(C)C,Brc1cccc2c1CCS2,c1cc2c(c(C3CCCNC3)c1)CCS2,Sp3-sp2_Suzuki_coupling,,,
C57833,1,,,,CNCc1ccc2cc[nH]c2c1,O=C(O)c1nc(Cl)cs1,CN(Cc1ccc2cc[nH]c2c1)C(=O)c1nc(Cl)cs1,Amidation,,,
C108392,1,,,,Clc1ccnc2ccsc12,C[S+]([O-])CCN,C[S+]([O-])CCNc1ccnc2ccsc12,N-nucleophilic_aromatic_substitution,,,
C108396,1,,,,Nc1ccnc2ccsc12,CC#CC=O,CC#CCNc1ccnc2ccsc12,Reductive_amination,,,
C61503,1,,,,Nc1cccc2c1CNC2,OCC1CCOC1,Nc1cccc2c1CN(CC1CCOC1)C2,Mitsunobu_reaction_with_amine_alcohol_and_thioalcohol,,,
C108399,1,,,,Brc1ccnc2ccsc12,CCCCCN,CCCCCNc1ccnc2ccsc12,N-nucleophilic_aromatic_substitution,,,
C13903,1,,,,O=C(O)c1cc(-c2ccccc2)nc2ccccc12,NCCc1c[nH]cn1,O=C(NCCc1c[nH]cn1)c1cc(-c2ccccc2)nc2ccccc12,Amidation,,,
C6014,1,,,,O=C(O)Cc1nc(-c2ccccc2)cs1,NCc1ncccn1,O=C(Cc1nc(-c2ccccc2)cs1)NCc1ncccn1,Amidation,,,
C108403,1,,,,C#CC=O,Nc1ccnc2ccsc12,C#CCNc1ccnc2ccsc12,Reductive_amination,,,
C59573,1,,,,CC1NCc2ccccc21,O=C(O)c1ccc2n[nH]c(=O)n2c1,CC1c2ccccc2CN1C(=O)c1ccc2n[nH]c(=O)n2c1,Amidation,,,
C108408,1,,,,Nc1ccnc2ccsc12,C=CCC(C)=O,C=CCC(C)Nc1ccnc2ccsc12,Reductive_amination,,,
C108410,1,,,,CC(N)C(F)F,Brc1ccnc2ccsc12,CC(Nc1ccnc2ccsc12)C(F)F,Buchwald-Hartwig_amination,,,
C59253,1,,,,O=C(O)c1ccc2c(c1)CNC2,O=C(O)c1csc2cccnc12,O=C(O)c1ccc2c(c1)CN(C(=O)c1csc3cccnc13)C2,Amidation,,,
C17917,1,,,,O=S(=O)(Cl)c1ccc2ncsc2c1,CCN1CCC(NC)CC1,CCN1CCC(N(C)S(=O)(=O)c2ccc3ncsc3c2)CC1,Sulfonamide_Schotten-Baumann_with_amine_(intermolecular),,,
C68259,1,,,,O=C(O)c1cccc2cnsc12,Nc1cc2[nH]cnc2cc1F,O=C(Nc1cc2[nH]cnc2cc1F)c1cccc2cnsc12,Amidation,,,
C17132,1,,,,NCC(O)c1c[nH]cn1,Cc1nc2c(C(=O)O)cccc2[nH]1,Cc1nc2c(C(=O)NCC(O)c3c[nH]cn3)cccc2[nH]1,Amidation,,,
C59837,1,,,,c1csc(N2CCNCC2)n1,O=C(O)COCc1nc2ccccc2s1,O=C(COCc1nc2ccccc2s1)N1CCN(c2nccs2)CC1,Amidation,,,
C111931,1,,,,O=C1CCCC(O)CN1,CC(=O)NCc1ccc(C(=O)O)s1,CC(=O)NCc1ccc(C(=O)OC2CCCC(=O)NC2)s1,Steglich_esterification,,,
C59959,1,,,,CNC(=O)CO,C1CNC2(CCN1)CC2,CNC(=O)CN1CCNCCC12CC2,Mitsunobu_reaction_with_amine_alcohol_and_thioalcohol,,,
C8117,1,,,,O=C(O)Cc1ncc[nH]1,CC1NC(=O)CCC1CN,CC1NC(=O)CCC1CNC(=O)Cc1ncc[nH]1,Amidation,,,
C110260,1,,,,O=C(O)c1cc2ccsc2[nH]1,CC(C)(C)c1nc[nH]c1CO,CC(C)(C)c1nc[nH]c1COC(=O)c1cc2ccsc2[nH]1,Steglich_esterification,,,
C59613,1,,,,Cc1ccc2c(c1)CNC2,O=C(O)c1nccn2nccc12,Cc1ccc2c(c1)CN(C(=O)c1nccn3nccc13)C2,Amidation,,,
C13880,1,,,,Brc1ncc[nH]1,COc1nc2ccccc2cc1CCl,COc1nc2ccccc2cc1CS(=O)(=O)c1ncc[nH]1,Formation_of_sulfone_from_halide_-_Shavnya_reaction,,,
C108828,1,,,,O=CC(F)(F)F,NCCc1nc2ccccc2[nH]1,FC(F)(F)CNCCc1nc2ccccc2[nH]1,Reductive_amination,,,
C62670,1,,,,O=C(O)c1cc2ncccc2o1,COc1ccc2ncccc2c1N,COc1ccc2ncccc2c1NC(=O)c1cc2ncccc2o1,Amidation,,,
C108304,1,,,,Clc1cnn2c1CNCC2,Nc1ccc2nscc2c1,O=C(Nc1ccc2nscc2c1)N1CCn2ncc(Cl)c2C1,Formation_of_urea_from_two_amines,,,
C60230,1,,,,O=C(O)CC1CCCCN1,Cn1c(=O)[nH]c2ccc(N)cc21,Cn1c(=O)[nH]c2ccc(NC(=O)CC3CCCCN3)cc21,Amidation,,,
C61042,1,,,,Nc1nc2ccccc2n1-c1ccccc1,O=C(O)c1ccn[nH]1,O=C(Nc1nc2ccccc2n1-c1ccccc1)c1cc[nH]n1,Amidation,,,
C62466,1,,,,C1CNCCN1,Brc1nc2c(s1)CCCCC2,C1CCc2nc(N3CCNCC3)sc2CC1,N-nucleophilic_aromatic_substitution,,,
C59541,1,,,,c1cc(C2CCNC2)n[nH]1,O=C(O)CCc1cncs1,O=C(CCc1cncs1)N1CCC(c2ccn[nH]2)C1,Amidation,,,
C110950,1,,,,NCC(F)(F)F,CC(C)(C(=O)O)c1c[nH]cn1,CC(C)(C(=O)NCC(F)(F)F)c1c[nH]cn1,Amidation,,,
C13853,1,,,,CC(N)c1ncc[nH]1,COc1ccc2c(C(=O)O)ccnc2c1,COc1ccc2c(C(=O)NC(C)c3ncc[nH]3)ccnc2c1,Amidation,,,
C110271,1,,,,NCCc1cccc2cc[nH]c12,CCCn1ccnc1C=O,CCCn1ccnc1CNCCc1cccc2cc[nH]c12,Reductive_amination,,,
C1047,1,,,,Cc1cnn2c1CNCC2,CC(N)c1cccnc1,Cc1cnn2c1CN(C(=O)NC(C)c1cccnc1)CC2,Formation_of_urea_from_two_amines,,,
C107817,1,,,,Brc1ncnc2ccccc12,C#CC(C)(C)N,C#CC(C)(C)Nc1ncnc2ccccc12,N-nucleophilic_aromatic_substitution,,,
C59923,1,,,,Nc1cc(C2CC2)ccn1,CCC(N)c1ncccn1,CCC(NC(=O)Nc1cc(C2CC2)ccn1)c1ncccn1,Formation_of_urea_from_two_amines,,,
C5200,1,,,,O=C(O)c1cnc(C2CCOCC2)s1,CC(N)c1ncc[nH]1,CC(NC(=O)c1cnc(C2CCOCC2)s1)c1ncc[nH]1,Amidation,,,
C15917,1,,,,NCC1CCNCC1,N#Cc1ccc2c(c1)CNC2,N#Cc1ccc2c(c1)CN(C(=O)NCC1CCNCC1)C2,Formation_of_urea_from_two_amines,,,
C112705,1,,,,NCc1ccc2[nH]cnc2c1,NCC1CCC(CC(=O)O)CC1,NCC1CCC(CC(=O)NCc2ccc3[nH]cnc3c2)CC1,Amidation,,,
C59610,1,,,,Clc1ccc2c(c1)CNC2,O=C(O)c1nccn2nccc12,O=C(c1nccn2nccc12)N1Cc2ccc(Cl)cc2C1,Amidation,,,
C68984,1,,,,c1c[nH]c(C2CCCN2)n1,COC(=O)c1nccc2c1CNCC2,O=C(c1nccc2c1CNCC2)N1CCCC1c1ncc[nH]1,Ester_amidation,,,
C58440,1,,,,c1ccc2oc(N3CCNCC3)nc2c1,O=C(O)CCc1cncnc1,O=C(CCc1cncnc1)N1CCN(c2nc3ccccc3o2)CC1,Amidation,,,
C63742,1,,,,Nc1ccc2ncc(Cl)n2c1,O=C(O)c1ccc2cccnn12,O=C(Nc1ccc2ncc(Cl)n2c1)c1ccc2cccnn12,Amidation,,,
C112609,1,,,,O=C(O)c1cccc2cc[nH]c12,Cc1cccn2c(N)cnc12,Cc1cccn2c(NC(=O)c3cccc4cc[nH]c34)cnc12,Amidation,,,
C111786,1,,,,Nc1ccc2cn[nH]c2n1,O=C(O)c1ccnn1C1CCCCC1,O=C(Nc1ccc2cn[nH]c2n1)c1ccnn1C1CCCCC1,Amidation,,,
C108280,1,,,,O=C(O)c1cnn2c1CNCC2,O=C(O)c1ccn2nccc2c1,O=C(O)c1cnn2c1CN(C(=O)c1ccn3nccc3c1)CC2,Amidation,,,
C59260,1,,,,Oc1ccc2c(c1)CNC2,Nc1snc2ccccc12,O=C(Nc1snc2ccccc12)N1Cc2ccc(O)cc2C1,Formation_of_urea_from_two_amines,,,
C70416,1,,,,Cc1nc2cc(O)ccc2n1C,CC(C)CCNC(=O)CCl,Cc1nc2cc(OCC(=O)NCCC(C)C)ccc2n1C,Williamson_ether_synthesis,,,
C60966,1,,,,c1ccc2c(c1)CNC2,O=C(O)c1sccc1-n1cccc1,O=C(c1sccc1-n1cccc1)N1Cc2ccccc2C1,Amidation,,,
C110510,1,,,,O=C(O)c1cccc2ccncc12,C#CC(N)C(C)C,C#CC(NC(=O)c1cccc2ccncc12)C(C)C,Amidation,,,
C109286,1,,,,O=C(O)c1ccc2[nH]c3c(c2c1)CCCCC3,CC(=O)N1CCNCC1,CC(=O)N1CCN(C(=O)c2ccc3[nH]c4c(c3c2)CCCCC4)CC1,Amidation,,,
C9946,1,,,,CC1(C)OB(C2CCNCC2)OC1(C)C,Ic1cccc2[nH]ccc12,c1cc(C2CCNCC2)c2cc[nH]c2c1,Sp3-sp2_Suzuki_coupling,,,
C108375,1,,,,Brc1ccnc2ccsc12,CSCCCN,CSCCCNc1ccnc2ccsc12,N-nucleophilic_aromatic_substitution,,,
C63872,1,,,,C1CNCCN1,Ic1ncccn1,c1cnc(N2CCNCC2)nc1,N-nucleophilic_aromatic_substitution,,,
C55897,1,,,,O=C(O)CCc1cccnc1Br,CC(N)c1cc(=O)[nH][nH]1,CC(NC(=O)CCc1cccnc1Br)c1cc(=O)[nH][nH]1,Amidation,,,
C112762,1,,,,O=C(O)c1ccc2c(n1)CCCN2,CC(N)CCc1ccncc1,CC(CCc1ccncc1)NC(=O)c1ccc2c(n1)CCCN2,Amidation,,,
C48749,1,,,,CC(N)Cc1c[nH]cn1,N#Cc1cc2cccnc2nc1Cl,CC(Cc1c[nH]cn1)Nc1nc2ncccc2cc1C#N,N-nucleophilic_aromatic_substitution,,,
C118335,1,,,,Nc1ccn2ccnc2c1,CC(OC(C)(C)C)C(=O)O,CC(OC(C)(C)C)C(=O)Nc1ccn2ccnc2c1,Amidation,,,
C118342,1,,,,Nc1ccn2ccnc2c1,C=CCCOC(C)C(=O)O,C=CCCOC(C)C(=O)Nc1ccn2ccnc2c1,Amidation,,,
C65345,1,,,,CC(C(=O)O)n1cnc2ccccc21,CCC(N)CO,CCC(CO)NC(=O)C(C)n1cnc2ccccc21,Amidation,,,
C118458,1,,,,c1cn[nH]c1,Clc1ncnc2c1CCC2,c1cnn(-c2ncnc3c2CCC3)c1,N-nucleophilic_aromatic_substitution,,,
C118843,1,,,,O=C(O)CCl,NCc1cccn2ccnc12,O=C(CCl)NCc1cccn2ccnc12,Amidation,,,
C108582,1,,,,O=C(O)C(O)c1c[nH]cn1,NCC1(OCCO)CCC1,O=C(NCC1(OCCO)CCC1)C(O)c1c[nH]cn1,Amidation,,,
C118995,1,,,,CC(N)CB1OC(C)(C)C(C)(C)O1,Brc1cccc2cc[nH]c12,CC(N)Cc1cccc2cc[nH]c12,Sp3-sp2_Suzuki_coupling,,,
C11169,1,,,,CC(C)N,Brc1cccc2cc[nH]c12,CC(C)Nc1cccc2cc[nH]c12,Buchwald-Hartwig_amination,,,
C119032,1,,,,CCC=O,Nc1ncnc2scnc12,CCCNc1ncnc2scnc12,Reductive_amination,,,
C119040,1,,,,CCCN,Brc1ncnc2sccc12,CCCNc1ncnc2sccc12,N-nucleophilic_aromatic_substitution,,,
C119043,1,,,,CCC=O,Nc1ncnc2cccnc12,CCCNc1ncnc2cccnc12,Reductive_amination,,,
C119044,1,,,,CCCN,Brc1ncnc2ncccc12,CCCNc1ncnc2ncccc12,N-nucleophilic_aromatic_substitution,,,
C119052,1,,,,CCCN,Brc1ncnc2ccsc12,CCCNc1ncnc2ccsc12,N-nucleophilic_aromatic_substitution,,,
C119797,1,,,,O=C(O)c1ccc2scnc2c1,CNCCNC(C)=O,CC(=O)NCCN(C)C(=O)c1ccc2scnc2c1,Amidation,,,
C119143,1,,,,CC(N)CO,CNc1ncnc2ccccc12,CC(N)CN(C)c1ncnc2ccccc12,Mitsunobu_reaction_with_amine_alcohol_and_thioalcohol,,,
C119,1,,,,Nc1ccc2c(c1)CNC2,O=C(O)c1cc(F)cc2[nH]nnc12,O=C(Nc1ccc2c(c1)CNC2)c1cc(F)cc2[nH]nnc12,Amidation,,,
C118804,1,,,,O=C(O)CCN1CCNCC1,CC(C)C(C)(C)CN,CC(C)C(C)(C)CNC(=O)CCN1CCNCC1,Amidation,,,
C58094,1,,,,Brc1cc2cccnc2s1,CC1(C)OB(c2cncs2)OC1(C)C,c1cnc2sc(-c3cncs3)cc2c1,Sp2-sp2_Suzuki_coupling,,,
C68703,1,,,,O=C(O)c1cn2ccnc2s1,CCC(O)c1ccncc1,CCC(OC(=O)c1cn2ccnc2s1)c1ccncc1,Steglich_esterification,,,
C64361,1,,,,O=C(O)Cc1cccc2cccnc12,CC(O)C(C)(C)CN,CC(O)C(C)(C)CNC(=O)Cc1cccc2cccnc12,Amidation,,,
C61750,1,,,,O=C(O)CCC1CCCN1,Nc1n[nH]c2nc(C(F)(F)F)ccc12,O=C(CCC1CCCN1)Nc1n[nH]c2nc(C(F)(F)F)ccc12,Amidation,,,
C109063,1,,,,Nc1cccc2[nH]cnc12,CCCCCC(=O)O,CCCCCC(=O)Nc1cccc2[nH]cnc12,Amidation,,,
C64434,1,,,,O=C(O)Cc1ccncc1,CCCCNC(C)CCCC,CCCCC(C)N(CCCC)C(=O)Cc1ccncc1,Amidation,,,
C67611,1,,,,CNc1nccc2ccccc12,O=C(O)c1nc2ccccc2s1,CN(C(=O)c1nc2ccccc2s1)c1nccc2ccccc12,Amidation,,,
C120734,1,,,,NC1CCCNC1=O,CCC(CC)C(=O)O,CCC(CC)C(=O)NC1CCCNC1=O,Amidation,,,
C113212,1,,,,O=C(O)c1cnc[nH]1,CC(C)NCCO,CC(C)N(CCO)C(=O)c1c[nH]cn1,Amidation,,,
C66691,1,,,,CC(O)C(N)=O,OC1CNCC2(CC2)C1,CC(OC1CNCC2(CC2)C1)C(N)=O,Mitsunobu_reaction_with_amine_alcohol_and_thioalcohol,,,
C120359,1,,,,Nc1ccncc1,CC(C)CCCC(=O)O,CC(C)CCCC(=O)Nc1ccncc1,Amidation,,,
C3146,1,,,,OCCc1cscn1,CN1C(=O)Cc2c(C(=O)O)cccc21,CN1C(=O)Cc2c(C(=O)OCCc3cscn3)cccc21,Steglich_esterification,,,
C65943,1,,,,O=C(O)c1ccc2ccnn2c1,CC(C)(C(=O)O)n1cc(N)cn1,CC(C)(C(=O)O)n1cc(NC(=O)c2ccc3ccnn3c2)cn1,Amidation,,,
C60165,1,,,,O=C(O)C12CCN(CC1)C2,CC(=O)c1ccc2c(c1)CNC2,CC(=O)c1ccc2c(c1)CN(C(=O)C13CCN(CC1)C3)C2,Amidation,,,
C60098,1,,,,CC1NC(=O)CCC1N,Brc1ccc2c(c1)CCCNC2,CC1NC(=O)CCC1NS(=O)(=O)c1ccc2c(c1)CCCNC2,Formation_of_sulfonamide_from_halide_-_Shavnya_reaction,,,
C51409,1,,,,NC(CO)Cc1c[nH]cn1,CCCn1c(C(=O)O)cc2ccccc21,CCCn1c(C(=O)NC(CO)Cc2c[nH]cn2)cc2ccccc21,Amidation,,,
C120894,1,,,,CCC(C)N,O=C(O)c1cccc2[nH]ncc12,CCC(C)NC(=O)c1cccc2[nH]ncc12,Amidation,,,
C6613,1,,,,CNc1nc2ccccc2s1,Cc1csc(=O)n1CC(=O)O,Cc1csc(=O)n1CC(=O)N(C)c1nc2ccccc2s1,Amidation,,,
C59157,1,,,,Ic1cccnc1,CC1(C)OB(C23CCNCC2C3)OC1(C)C,c1cncc(C23CCNCC2C3)c1,Sp3-sp2_Suzuki_coupling,,,
C51363,1,,,,NCCc1ncc[nH]1,COc1ccc2cc(C(=O)O)[nH]c2c1,COc1ccc2cc(C(=O)NCCc3ncc[nH]3)[nH]c2c1,Amidation,,,
C99513,1,,,,Nc1ccc2c(c1)CNC2,Cn1cc2c(C(=O)O)cc(F)cc2n1,Cn1cc2c(C(=O)Nc3ccc4c(c3)CNC4)cc(F)cc2n1,Amidation,,,
C137,1,,,,Nc1ccc2c(c1)CNC2,Cc1nc2cc(Cl)cc(C(=O)O)c2[nH]1,Cc1nc2c(C(=O)Nc3ccc4c(c3)CNC4)cc(Cl)cc2[nH]1,Amidation,,,
C74617,1,,,,CC(C)N,Brc1nnc2ccccn12,CC(C)Nc1nnc2ccccn12,N-nucleophilic_aromatic_substitution,,,
C101237,1,,,,Nc1ccc2c(c1)CNC2,NC1c2ccccc2CC1C(=O)O,NC1c2ccccc2CC1C(=O)Nc1ccc2c(c1)CNC2,Amidation,,,
C173,1,,,,O=C1Cc2c(cccc2C(=O)O)N1,NCCc1cccc(N)c1,NCCc1cccc(NC(=O)c2cccc3c2CC(=O)N3)c1,Amidation,,,
C18613,1,,,,Nc1ccc2c(c1)CNC2,CC1C(=O)Nc2ccc(C(=O)O)cc21,CC1C(=O)Nc2ccc(C(=O)Nc3ccc4c(c3)CNC4)cc21,Amidation,,,
C18682,1,,,,Nc1ccc2c(c1)CNC2,O=C(O)c1ccc2c(c1)C1(CCOCC1)C(=O)N2,O=C(Nc1ccc2c(c1)CNC2)c1ccc2c(c1)C1(CCOCC1)C(=O)N2,Amidation,,,
C171,1,,,,NCc1cccc(N)c1,O=C1Cc2c(cccc2C(=O)O)N1,NCc1cccc(NC(=O)c2cccc3c2CC(=O)N3)c1,Amidation,,,
C20760,1,,,,Nc1ccc2c(c1)CNC2,Cc1c2cccc(C(=O)O)c2nn1C,Cc1c2cccc(C(=O)Nc3ccc4c(c3)CNC4)c2nn1C,Amidation,,,
C22467,1,,,,NC1CCN(c2ccccn2)C1,COC(=O)c1cccc2c1C1(CCNCC1)C(=O)N2,O=C(NC1CCN(c2ccccn2)C1)c1cccc2c1C1(CCNCC1)C(=O)N2,Ester_amidation,,,
C193,1,,,,Nc1ccc2c(c1)CNC2,N#Cc1c[nH]c2c(C(=O)O)cccc12,N#Cc1c[nH]c2c(C(=O)Nc3ccc4c(c3)CNC4)cccc12,Amidation,,,
C27833,1,,,,Nc1ccc2c(c1)CNC2,N#Cc1csc2ccc(C(=O)O)cc12,N#Cc1csc2ccc(C(=O)Nc3ccc4c(c3)CNC4)cc12,Amidation,,,
C35751,1,,,,CN1Cc2ccc(N)cc2C1,CC1(C)C(=O)Nc2ccc(C(=O)O)cc21,CN1Cc2ccc(NC(=O)c3ccc4c(c3)C(C)(C)C(=O)N4)cc2C1,Amidation,,,
C268,1,,,,Nc1ccc2c(c1)CNC2,COC(=O)c1cc(Cl)c2[nH]cc(C)c2c1,Cc1c[nH]c2c(Cl)cc(C(=O)Nc3ccc4c(c3)CNC4)cc12,Ester_amidation,,,
C39979,1,,,,Nc1ccc2c(c1)CNC2=O,COC(=O)c1cc(Cl)c2[nH]cc(C)c2c1,Cc1c[nH]c2c(Cl)cc(C(=O)Nc3ccc4c(c3)CNC4=O)cc12,Ester_amidation,,,
C15239,1,,,,NC1CCCNC1,COc1nc2ccccc2cc1C=O,COc1nc2ccccc2cc1CNC1CCCNC1,Reductive_amination,,,
C52276,1,,,,CNCc1nc2ccccc2s1,O=C(O)c1ccc2[nH]cnc2c1F,CN(Cc1nc2ccccc2s1)C(=O)c1ccc2[nH]cnc2c1F,Amidation,,,
C4207,1,,,,O=C(O)CNC(=O)c1cscn1,Nc1ccc(-n2cnc3ccccc32)cc1,O=C(CNC(=O)c1cscn1)Nc1ccc(-n2cnc3ccccc32)cc1,Amidation,,,
C53732,1,,,,c1cc(N2CCNCC2)c2cc[nH]c2c1,NCC1CCSC1,O=C(NCC1CCSC1)N1CCN(c2cccc3[nH]ccc23)CC1,Formation_of_urea_from_two_amines,,,
C13330,1,,,,Nc1nc2ccc(F)cc2s1,CC(C)C(C(=O)O)c1cccnc1,CC(C)C(C(=O)Nc1nc2ccc(F)cc2s1)c1cccnc1,Amidation,,,
C9898,1,,,,O=C(O)c1c[nH]c(C2CC2)n1,COC(=O)C(N)Cc1ccncc1,COC(=O)C(Cc1ccncc1)NC(=O)c1c[nH]c(C2CC2)n1,Amidation,,,
C10692,1,,,,Nc1ccc2[nH]ccc2c1,C1CCN(C2CCNCC2)C1,O=C(Nc1ccc2[nH]ccc2c1)N1CCC(N2CCCC2)CC1,Formation_of_urea_from_two_amines,,,
C50969,1,,,,O=C(O)c1cnn2c1CNCC2,CNCCCN1CCN(C)CC1,CN1CCN(CCCN(C)C(=O)c2cnn3c2CNCC3)CC1,Amidation,,,
C12944,1,,,,NCc1ccc2c(c1)CNC2,Cc1nnnn1CC(=O)O,Cc1nnnn1CC(=O)NCc1ccc2c(c1)CNC2,Amidation,,,
C51218,1,,,,Nc1ccc2cccnc2c1,CC(C(=O)O)c1cccnc1,CC(C(=O)Nc1ccc2cccnc2c1)c1cccnc1,Amidation,,,
C50099,1,,,,O=C1CCC(C(=O)O)CN1,Nc1ccn(-c2ccncc2)n1,O=C1CCC(C(=O)Nc2ccn(-c3ccncc3)n2)CN1,Amidation,,,
C14273,1,,,,Fc1ccc(C2CCCCN2)nc1,Brc1ncnc2ccccc12,Fc1ccc(C2CCCCN2c2ncnc3ccccc23)nc1,N-nucleophilic_aromatic_substitution,,,
C52693,1,,,,CCn1ncc2cc(C(=O)O)cnc21,CCNCc1cccnc1,CCN(Cc1cccnc1)C(=O)c1cnc2c(cnn2CC)c1,Amidation,,,
C1469,1,,,,O=C(O)c1ccc2c(c1)CNC2,CCSCc1ccnc(N)c1,CCSCc1ccnc(NC(=O)c2ccc3c(c2)CNC3)c1,Amidation,,,
C14548,1,,,,c1ccc2c(c1)CNC2,OCc1cnc(-c2cncnc2)nc1,c1ccc2c(c1)CN(Cc1cnc(-c3cncnc3)nc1)C2,Mitsunobu_reaction_with_amine_alcohol_and_thioalcohol,,,
C7401,1,,,,CC(C)N,Cc1nc2cc(Br)ccc2n1C,Cc1nc2cc(NC(C)C)ccc2n1C,Buchwald-Hartwig_amination,,,
C1789,1,,,,O=S(=O)(Cl)N1Cc2ccccc2C1,NC1CC(c2ncc[nH]2)C1,O=S(=O)(NC1CC(c2ncc[nH]2)C1)N1Cc2ccccc2C1,Sulfonamide_Schotten-Baumann_with_amine_(intermolecular),,,
C17115,1,,,,c1c[nH]c(C2CCCN2)n1,O=C(O)Cn1cnc2ccccc21,O=C(Cn1cnc2ccccc21)N1CCCC1c1ncc[nH]1,Amidation,,,
C52296,1,,,,O=C(O)c1ccc2scnc2c1,Cn1cnc2cccc(CN)c21,Cn1cnc2cccc(CNC(=O)c3ccc4scnc4c3)c21,Amidation,,,
C15670,1,,,,c1cnn(C2CCCNC2)c1,CCC(C)C(=O)NCC(=O)O,CCC(C)C(=O)NCC(=O)N1CCCC(n2cccn2)C1,Amidation,,,
C3704,1,,,,NCc1c[nH]cn1,CNc1ccnc(C(=O)O)c1,CNc1ccnc(C(=O)NCc2c[nH]cn2)c1,Amidation,,,
C50148,1,,,,O=C(O)CN1CCNCC1,NCC1CCC(=O)NC1,O=C1CCC(CNC(=O)CN2CCNCC2)CN1,Amidation,,,
C51869,1,,,,O=C(O)c1cnc2ccsc2c1,CC(C)Nc1ncncc1N,CC(C)Nc1ncncc1NC(=O)c1cnc2ccsc2c1,Amidation,,,
C9911,1,,,,O=C(O)c1cncc(-n2ccnc2)n1,NC(CO)Cc1ccncc1,O=C(NC(CO)Cc1ccncc1)c1cncc(-n2ccnc2)n1,Amidation,,,
C15238,1,,,,NCC1CCCNC1,COc1ccc2cc(C(=O)O)ccc2n1,COc1ccc2cc(C(=O)NCC3CCCNC3)ccc2n1,Amidation,,,
C48859,1,,,,Sc1ccccn1,CC(Cl)C(=O)Nc1ccc2[nH]c(=O)[nH]c2c1,CC(Sc1ccccn1)C(=O)Nc1ccc2[nH]c(=O)[nH]c2c1,Nucleophilic_substitution_with_thiol,,,
C3980,1,,,,O=S(=O)(Cl)Cc1cccc2cccnc12,CNCc1scnc1C,Cc1ncsc1CN(C)S(=O)(=O)Cc1cccc2cccnc12,Sulfonamide_Schotten-Baumann_with_amine_(intermolecular),,,
C9884,1,,,,NCCc1ccncc1,Cn1cncc1CC(=O)O,Cn1cncc1CC(=O)NCCc1ccncc1,Amidation,,,
C51002,1,,,,O=C(O)C1CCC(C(F)(F)F)NC1=O,NCCCSc1nccs1,O=C(NCCCSc1nccs1)C1CCC(C(F)(F)F)NC1=O,Amidation,,,
C17079,1,,,,O=C(O)c1cc(Br)cc2[nH]cnc12,NCCc1ncc[nH]1,O=C(NCCc1ncc[nH]1)c1cc(Br)cc2[nH]cnc12,Amidation,,,
C3992,1,,,,OB(O)c1cccc2cccnc12,CNCc1cscn1,CN(Cc1cscn1)S(=O)(=O)c1cccc2cccnc12,Formation_of_sulfonamide_from_boronic_and_amine,,,
C52306,1,,,,Nn1cnc2ccccc21,O=C(O)c1ccc2scnc2c1,O=C(Nn1cnc2ccccc21)c1ccc2scnc2c1,Amidation,,,
C4121,1,,,,CC(=O)NCc1cccc(Br)c1,COc1ccc2cc(B3OC(C)(C)C(C)(C)O3)ccc2n1,COc1ccc2cc(-c3cccc(CNC(C)=O)c3)ccc2n1,Sp2-sp2_Suzuki_coupling,,,
C48235,1,,,,O=C(O)c1cccc2ncccc12,CN1CCn2nc(N)cc2C1,CN1CCn2nc(NC(=O)c3cccc4ncccc34)cc2C1,Amidation,,,
C3857,1,,,,COC(=O)c1ccc2c(c1)CNC2,Cc1n[nH]c2ncc(N)cc12,Cc1n[nH]c2ncc(NC(=O)c3ccc4c(c3)CNC4)cc12,Ester_amidation,,,
C14680,1,,,,NCCc1cscn1,CC(C)n1c(=O)[nH]c2ccc(C(=O)O)cc21,CC(C)n1c(=O)[nH]c2ccc(C(=O)NCCc3cscn3)cc21,Amidation,,,
C16262,1,,,,NCC1CCNCC1,CN(C)CCn1c(=O)[nH]c2ccc(C(=O)O)cc21,CN(C)CCn1c(=O)[nH]c2ccc(C(=O)NCC3CCNCC3)cc21,Amidation,,,
C1031,1,,,,COc1ccc2cc(C(=O)O)ccc2n1,CC(N)c1cn[nH]c1,COc1ccc2cc(C(=O)NC(C)c3cn[nH]c3)ccc2n1,Amidation,,,
C2328,1,,,,c1c[nH]c(C2CCNCC2)n1,CCC(C)C(NC(C)=O)C(=O)O,CCC(C)C(NC(C)=O)C(=O)N1CCC(c2ncc[nH]2)CC1,Amidation,,,
C51060,1,,,,O=C(O)CCc1cncc2ccccc12,NCc1nc(CO)cs1,O=C(CCc1cncc2ccccc12)NCc1nc(CO)cs1,Amidation,,,
C50914,1,,,,CC(O)c1cocn1,CC(C)Cc1nc(C(=O)O)cs1,CC(C)Cc1nc(C(=O)OC(C)c2cocn2)cs1,Steglich_esterification,,,
C5576,1,,,,Nc1ccc2c(c1)CNC2,O=C(O)C1CCCN(c2cc(=O)[nH]cn2)C1,O=C(Nc1ccc2c(c1)CNC2)C1CCCN(c2cc(=O)[nH]cn2)C1,Amidation,,,
C51325,1,,,,CSCCC(N)c1nc2ccccc2[nH]1,CC(C)Cn1[nH]c(CC(=O)O)cc1=O,CSCCC(NC(=O)Cc1cc(=O)n(CC(C)C)[nH]1)c1nc2ccccc2[nH]1,Amidation,,,
C48853,1,,,,Nn1cnc2ccccc21,COc1cnn2c1CNCC2,COc1cnn2c1CN(C(=O)Nn1cnc3ccccc31)CC2,Formation_of_urea_from_two_amines,,,
C16956,1,,,,O=C(O)c1ccc2ccccc2n1,CNc1ccc2ccccc2n1,CN(C(=O)c1ccc2ccccc2n1)c1ccc2ccccc2n1,Amidation,,,
C1967,1,,,,O=C(O)c1cnc(C2CCOCC2)s1,NCC(=O)N1CCNCC1,O=C(NCC(=O)N1CCNCC1)c1cnc(C2CCOCC2)s1,Amidation,,,
C9576,1,,,,O=C(O)C1CCCN(C(=O)c2ccncc2)C1,CC(C)C(N)CO,CC(C)C(CO)NC(=O)C1CCCN(C(=O)c2ccncc2)C1,Amidation,,,
C48850,1,,,,Nc1cc2n(n1)CCNC2,CC(C(=O)O)n1cnc2ccccc21,CC(C(=O)Nc1cc2n(n1)CCNC2)n1cnc2ccccc21,Amidation,,,
C4305,1,,,,OCc1cn2ccccc2n1,CCOC(=O)c1csc(CCN)n1,CCOC(=O)c1csc(CCNCc2cn3ccccc3n2)n1,Mitsunobu_reaction_with_amine_alcohol_and_thioalcohol,,,
C47653,1,,,,CNCc1ccncn1,COC(=O)CC1CCCNC1,COC(=O)CC1CCCN(C(=O)N(C)Cc2ccncn2)C1,Formation_of_urea_from_two_amines,,,
C6745,1,,,,SCCn1cccn1,Cc1nccc(CO)n1,Cc1nccc(CSCCn2cccn2)n1,Mitsunobu_reaction_with_amine_alcohol_and_thioalcohol,,,
C1649,1,,,,O=C(O)CSc1nc2ccccc2[nH]1,NCc1ncc[nH]1,O=C(CSc1nc2ccccc2[nH]1)NCc1ncc[nH]1,Amidation,,,
C52192,1,,,,O=C(O)c1cnc(C2CCNCC2)nc1,NC(CO)c1nc[nH]n1,O=C(NC(CO)c1nc[nH]n1)c1cnc(C2CCNCC2)nc1,Amidation,,,
C11345,1,,,,O=C(O)CCc1c[nH]c2ccccc12,CCNCc1ccncc1,CCN(Cc1ccncc1)C(=O)CCc1c[nH]c2ccccc12,Amidation,,,
C50756,1,,,,c1cc(N2CCCNCC2)ccn1,O=C(O)Cc1c[nH]c2ccccc12,O=C(Cc1c[nH]c2ccccc12)N1CCCN(c2ccncc2)CC1,Amidation,,,
C54021,1,,,,OCCCc1ccncc1,CCC(C)NC(=O)CN1CCNCC1,CCC(C)NC(=O)CN1CCN(CCCc2ccncc2)CC1,Mitsunobu_reaction_with_amine_alcohol_and_thioalcohol,,,
C16969,1,,,,O=C(O)c1ccnc2ccccc12,Cc1cc(N)c2ncccc2c1,Cc1cc(NC(=O)c2ccnc3ccccc23)c2ncccc2c1,Amidation,,,
C4263,1,,,,O=C(O)c1cnc(-c2cccnc2)s1,NC1CCc2ncsc2C1,O=C(NC1CCc2ncsc2C1)c1cnc(-c2cccnc2)s1,Amidation,,,
C2006,1,,,,Oc1ccc2c(c1)CNC2,OC1CCCNC1,c1cc2c(cc1OC1CCCNC1)CNC2,Mitsunobu_aryl_ether_synthesis,,,
C7984,1,,,,O=C(O)CCc1ccnc2ccccc12,CC(C)C(=O)NC1CCCNC1,CC(C)C(=O)NC1CCCN(C(=O)CCc2ccnc3ccccc23)C1,Amidation,,,
C1717,1,,,,CC(=O)NCc1ccc2c(c1)CNC2,O=C(O)CCc1cscn1,CC(=O)NCc1ccc2c(c1)CN(C(=O)CCc1cscn1)C2,Amidation,,,
C2008,1,,,,Oc1ccc2c(c1)CNC2,CC(C)(C)OC(=O)C1CCCNC1,O=C(C1CCCNC1)N1Cc2ccc(O)cc2C1,Ester_amidation,,,
C13324,1,,,,O=C(O)c1cccnc1,Nc1nc2c(Cl)cccc2s1,O=C(Nc1nc2c(Cl)cccc2s1)c1cccnc1,Amidation,,,
C17089,1,,,,O=C(O)c1c(F)ccc2[nH]cnc12,NC(CO)c1ncc[nH]1,O=C(NC(CO)c1ncc[nH]1)c1c(F)ccc2[nH]cnc12,Amidation,,,
C12439,1,,,,NCCC1CCNCC1,COc1ccc2cccc(N)c2n1,COc1ccc2cccc(NC(=O)NCCC3CCNCC3)c2n1,Formation_of_urea_from_two_amines,,,
C13732,1,,,,Nc1cccc2c1CNC2,CC(=O)CN,CC(CN)N1Cc2cccc(N)c2C1,Reductive_amination,,,
C51867,1,,,,CC(C)N,Brc1ccnc2ccsc12,CC(C)Nc1ccnc2ccsc12,N-nucleophilic_aromatic_substitution,,,
C52819,1,,,,CCOC(=O)c1csc(CO)n1,CC(CC(=O)O)n1ccnc1,CCOC(=O)c1csc(COC(=O)CC(C)n2ccnc2)n1,Steglich_esterification,,,
C2037,1,,,,c1ccc2c(c1)CNC2,CC(C)(C)OC(=O)C1CCCNC1,O=C(C1CCCNC1)N1Cc2ccccc2C1,Ester_amidation,,,
C2841,1,,,,O=C(O)C1CCCNC1,Cc1nc2ccccc2n1CCCN,Cc1nc2ccccc2n1CCCNC(=O)C1CCCNC1,Amidation,,,
C55564,1,,,,CC(C)N,O=C1CC(n2ccnc2)C1,CC(C)NC1CC(n2ccnc2)C1,Reductive_amination,,,
C53342,1,,,,CC=O,OB(O)c1cccc2cccnc12,CC(NCc1cnc(C2CC2)o1)c1cccc2cccnc12,Petasis-borono_Mannich_reaction,,,NCc1cnc(C2CC2)o1
C3936,1,,,,O=C(O)CCc1ccnc2ccccc12,CC(=O)c1csc(N)n1,CC(=O)c1csc(NC(=O)CCc2ccnc3ccccc23)n1,Amidation,,,
C3692,1,,,,O=C(O)CCc1c[nH]cn1,CNC1CC(c2cccnc2)C1,CN(C(=O)CCc1c[nH]cn1)C1CC(c2cccnc2)C1,Amidation,,,
C5363,1,,,,c1ccc2[nH]c(C3CCNCC3)nc2c1,CON=CC(=O)O,CON=CC(=O)N1CCC(c2nc3ccccc3[nH]2)CC1,Amidation,,,
C48944,1,,,,O=C(O)CCc1nc2ccccc2[nH]1,COc1cn[nH]c1N,COc1cn[nH]c1NC(=O)CCc1nc2ccccc2[nH]1,Amidation,,,
C15322,1,,,,O=[N+]([O-])c1c(Br)nc2ccccn12,NCCc1cccc2cccnc12,O=[N+]([O-])c1c(NCCc2cccc3cccnc23)nc2ccccn12,N-nucleophilic_aromatic_substitution,,,
C51214,1,,,,OCc1ccc2cccnc2c1,NC1(c2ccccn2)CCC1,c1ccc(C2(NCc3ccc4cccnc4c3)CCC2)nc1,Mitsunobu_reaction_with_amine_alcohol_and_thioalcohol,,,
C47617,1,,,,Nc1cncnc1,CN(C)C(=O)N1CCCC(C(=O)O)C1,CN(C)C(=O)N1CCCC(C(=O)Nc2cncnc2)C1,Amidation,,,
C6526,1,,,,NCc1ccc2c(c1)CNC2,CCOC(C)c1ncc(C(=O)O)s1,CCOC(C)c1ncc(C(=O)NCc2ccc3c(c2)CNC3)s1,Amidation,,,
C52423,1,,,,NCCc1nc2ccccc2s1,Cc1cn2ccc(Br)cc2n1,Cc1cn2ccc(NCCc3nc4ccccc4s3)cc2n1,N-nucleophilic_aromatic_substitution,,,
C7420,1,,,,CC(C)N,Cn1c(Cl)nc2cc(F)ccc21,CC(C)Nc1nc2cc(F)ccc2n1C,N-nucleophilic_aromatic_substitution,,,
C11823,1,,,,CC(CN)B1OC(C)(C)C(C)(C)O1,Clc1nc2ccc(Br)cc2[nH]1,CC(CN)c1nc2ccc(Br)cc2[nH]1,Sp3-sp2_Suzuki_coupling,,,
C5622,1,,,,Oc1ccc2c(c1)CNC2,CN1CCCCC1CO,CN1CCCCC1COc1ccc2c(c1)CNC2,Mitsunobu_aryl_ether_synthesis,,,
C771,1,,,,NCc1ccc2c(c1)CNC2,Nc1nc2ccccc2s1,O=C(NCc1ccc2c(c1)CNC2)Nc1nc2ccccc2s1,Formation_of_urea_from_two_amines,,,
C13030,1,,,,CC(CN)c1ccccn1,CC(C)Cc1ccnc(N)c1,CC(C)Cc1ccnc(NC(=O)NCC(C)c2ccccn2)c1,Formation_of_urea_from_two_amines,,,
C6461,1,,,,CC(=O)NCC1CCN1,O=C(O)C(O)Cc1c[nH]cn1,CC(=O)NCC1CCN1C(=O)C(O)Cc1c[nH]cn1,Amidation,,,
C17109,1,,,,O=C(O)c1cc2[nH]cnc2cc1F,CC(N)c1ncc[nH]1,CC(NC(=O)c1cc2[nH]cnc2cc1F)c1ncc[nH]1,Amidation,,,
C7721,1,,,,NCCc1ncc[nH]1,O=C(O)Cc1ccn(C2CCCC2)n1,O=C(Cc1ccn(C2CCCC2)n1)NCCc1ncc[nH]1,Amidation,,,
C53731,1,,,,c1cc(N2CCNCC2)c2cc[nH]c2c1,O=C(O)C1CCCS1,O=C(C1CCCS1)N1CCN(c2cccc3[nH]ccc23)CC1,Amidation,,,
C52857,1,,,,O=C(O)Cc1cncnc1,O=S1(=O)CCC(NCc2ccco2)C1,O=C(Cc1cncnc1)N(Cc1ccco1)C1CCS(=O)(=O)C1,Amidation,,,
C8888,1,,,,NC1CCNCC1,Cc1ncsc1CCCl,Cc1ncsc1CCS(=O)(=O)NC1CCNCC1,Formation_of_sulfonamide_from_halide_-_Shavnya_reaction,,,
C53587,1,,,,O=C(O)CSc1nc2ccccc2s1,Cc1cc2n(n1)CCNC2,Cc1cc2n(n1)CCN(C(=O)CSc1nc3ccccc3s1)C2,Amidation,,,
C55394,1,,,,NCc1nnc2ccccn12,CC(C)(C)OC(=O)Cn1cc(CCO)nn1,O=C(Cn1cc(CCO)nn1)NCc1nnc2ccccn12,Ester_amidation,,,
C13011,1,,,,CC(CN)c1ccccn1,CC(C)c1cccc(N)n1,CC(C)c1cccc(NC(=O)NCC(C)c2ccccn2)n1,Formation_of_urea_from_two_amines,,,
C3735,1,,,,Ic1ncc[nH]1,CC1(C)OB(c2cnc(C3CC3)c(C(F)(F)F)c2)OC1(C)C,FC(F)(F)c1cc(-c2ncc[nH]2)cnc1C1CC1,Sp2-sp2_Suzuki_coupling,,,
C2823,1,,,,CC1(C)OB(C2CCCNC2)OC1(C)C,Ic1cccc2[nH]cnc12,c1cc(C2CCCNC2)c2nc[nH]c2c1,Sp3-sp2_Suzuki_coupling,,,
C2925,1,,,,CC(C)NC1CCCNC1,O=C(O)CCc1ccnc2ccccc12,CC(C)NC1CCCN(C(=O)CCc2ccnc3ccccc23)C1,Amidation,,,
C13044,1,,,,NC(c1cccnc1)c1ccccn1,C1CC2(C1)CNC2,O=C(NC(c1cccnc1)c1ccccn1)N1CC2(CCC2)C1,Formation_of_urea_from_two_amines,,,
C1225,1,,,,O=C(O)C(F)(F)c1ccncc1,Nc1ncc(C2CCOC2)s1,O=C(Nc1ncc(C2CCOC2)s1)C(F)(F)c1ccncc1,Amidation,,,
C10180,1,,,,O=C(O)c1cscn1,COC(=O)COc1ccc(N)c2cccnc12,COC(=O)COc1ccc(NC(=O)c2cscn2)c2cccnc12,Amidation,,,
C10728,1,,,,O=C(O)CCCn1cnc2ccccc21,CC(N)c1ccccn1,CC(NC(=O)CCCn1cnc2ccccc21)c1ccccn1,Amidation,,,
C54617,1,,,,Nc1cccc2ncccc12,Cn1cnc2cccc(C=O)c21,Cn1cnc2cccc(CNc3cccc4ncccc34)c21,Reductive_amination,,,
C49238,1,,,,CN(C)c1ccnc(N)c1,CC(Oc1ccccn1)C(=O)O,CC(Oc1ccccn1)C(=O)Nc1cc(N(C)C)ccn1,Amidation,,,
C50193,1,,,,NCCN1CCNCC1,Cc1nccn1CCCC(=O)O,Cc1nccn1CCCC(=O)NCCN1CCNCC1,Amidation,,,
C55427,1,,,,NCc1nnc2ccccn12,O=C(O)Cn1c(SC(F)F)nc2ccccc21,O=C(Cn1c(SC(F)F)nc2ccccc21)NCc1nnc2ccccn12,Amidation,,,
C1881,1,,,,Nc1cccc2c1CN(c1ccccn1)C2,O=C=NCC1CCOC1,O=C(NCC1CCOC1)Nc1cccc2c1CN(c1ccccn1)C2,Isocyanate_to_urea,,,
C824,1,,,,O=C(O)c1ccnc(C2CC2)c1,CNc1cccc2cccnc12,CN(C(=O)c1ccnc(C2CC2)c1)c1cccc2cccnc12,Amidation,,,
C3206,1,,,,NC(C(=O)O)c1cscn1,N#Cc1ccc2c(c1)CNC2,N#Cc1ccc2c(c1)CN(C(=O)C(N)c1cscn1)C2,Amidation,,,
C13694,1,,,,NCCc1nc2ccccc2[nH]1,CSCCC(N)c1nnc2ccccn12,CSCCC(NC(=O)NCCc1nc2ccccc2[nH]1)c1nnc2ccccn12,Formation_of_urea_from_two_amines,,,
C48044,1,,,,CC(O)C(N)=O,Cc1ccc(O)c(N)n1,Cc1ccc(OC(C)C(N)=O)c(N)n1,Mitsunobu_aryl_ether_synthesis,,,
C116932,1,,,,CC(=O)NCC1CCNCC1,O=C(O)c1n[nH]c2ccccc12,CC(=O)NCC1CCN(C(=O)c2n[nH]c3ccccc23)CC1,Amidation,,,
C116077,1,,,,Cc1cccn2cc(C(=O)O)nc12,CC(C)(CN)n1ccnc1,Cc1cccn2cc(C(=O)NCC(C)(C)n3ccnc3)nc12,Amidation,,,
C12922,1,,,,CC(=O)NCC1CCCCN1,O=C(O)c1ccc2c(c1)CNC2,CC(=O)NCC1CCCCN1C(=O)c1ccc2c(c1)CNC2,Amidation,,,
C53652,1,,,,O=C(O)c1cnn2c1CNCC2,COc1ccc(CN)nc1,COc1ccc(CNC(=O)c2cnn3c2CNCC3)nc1,Amidation,,,
C3773,1,,,,O=C(O)c1cnc2ccccn12,Nc1cccc(-c2c[nH]cn2)c1,O=C(Nc1cccc(-c2c[nH]cn2)c1)c1cnc2ccccn12,Amidation,,,
C3324,1,,,,O=C(O)c1ccc(-c2nc[nH]n2)nc1,NCc1ccncn1,O=C(NCc1ccncn1)c1ccc(-c2nc[nH]n2)nc1,Amidation,,,
C2106,1,,,,O=C(O)c1cccc2cccnc12,Nc1ccc(-c2nc3ccccc3[nH]2)cc1,O=C(Nc1ccc(-c2nc3ccccc3[nH]2)cc1)c1cccc2cccnc12,Amidation,,,
C13043,1,,,,C1CC2(C1)CNC2,O=C(O)c1ccc(-c2ccccn2)nc1,O=C(c1ccc(-c2ccccn2)nc1)N1CC2(CCC2)C1,Amidation,,,
C4318,1,,,,O=C(O)Cc1cn2ccccc2n1,CC(C)c1ncsc1N,CC(C)c1ncsc1NC(=O)Cc1cn2ccccc2n1,Amidation,,,
C17150,1,,,,NCCc1nc2ccccc2[nH]1,O=C(O)C1CC1c1c[nH]cn1,O=C(NCCc1nc2ccccc2[nH]1)C1CC1c1c[nH]cn1,Amidation,,,
C13423,1,,,,O=C(O)c1ccncc1,CNc1nc2c(Cl)cccc2s1,CN(C(=O)c1ccncc1)c1nc2c(Cl)cccc2s1,Amidation,,,
C5783,1,,,,OCCNc1ccccn1,Nc1ccc2cccc(Cl)c2n1,Clc1cccc2ccc(NCCNc3ccccn3)nc12,Mitsunobu_reaction_with_amine_alcohol_and_thioalcohol,,,
C114282,1,,,,O=C(O)C1CCCNC1,NCC1CCCC(=O)N1,O=C1CCCC(CNC(=O)C2CCCNC2)N1,Amidation,,,
C114937,1,,,,NCCc1cccs1,CC(=O)CCCc1cccnc1,CC(CCCc1cccnc1)NCCc1cccs1,Reductive_amination,,,
C4737,1,,,,c1c[nH]c(C2CCCCN2)n1,OCc1cnn2c1CNCC2,c1c[nH]c(C2CCCCN2Cc2cnn3c2CNCC3)n1,Mitsunobu_reaction_with_amine_alcohol_and_thioalcohol,,,
C10062,1,,,,O=C(O)CCC(=O)c1ccncc1,NC1CCCN(c2ncccn2)C1,O=C(CCC(=O)c1ccncc1)NC1CCCN(c2ncccn2)C1,Amidation,,,
C56830,1,,,,CN1C(=O)CCCC1C(=O)O,CC(O)c1nc2ccccc2[nH]1,CC(OC(=O)C1CCCC(=O)N1C)c1nc2ccccc2[nH]1,Steglich_esterification,,,
C7519,1,,,,OCc1cncs1,O=C(O)COc1ncnc2ccccc12,O=C(COc1ncnc2ccccc12)OCc1cncs1,Steglich_esterification,,,
C2694,1,,,,Nc1ccnn1C1CCCC1,NNC(=O)c1cccc2cccnc12,O=C(NNC(=O)c1cccc2cccnc12)Nc1ccnn1C1CCCC1,Formation_of_urea_from_two_amines,,,
C10065,1,,,,c1cc(C2CCCNCC2)ccn1,O=C(O)CCc1cncnc1,O=C(CCc1cncnc1)N1CCCC(c2ccncc2)CC1,Amidation,,,
C116294,1,,,,Nc1ccccc1Cn1ccnc1,CC(O)C(=O)O,CC(O)C(=O)Nc1ccccc1Cn1ccnc1,Amidation,,,
C56919,1,,,,NCc1nccc2ccccc12,Clc1ncc(C2CCOC2)s1,c1ccc2c(CNc3ncc(C4CCOC4)s3)nccc2c1,N-nucleophilic_aromatic_substitution,,,
C8328,1,,,,Ic1cc2ccccc2[nH]1,CC1(C)OB(c2ccccn2)OC1(C)C,c1ccc(-c2cc3ccccc3[nH]2)nc1,Sp2-sp2_Suzuki_coupling,,,
C5492,1,,,,O=C(O)Cc1scnc1-c1ccccc1,CNCC1CCCNC1,CN(CC1CCCNC1)C(=O)Cc1scnc1-c1ccccc1,Amidation,,,
C10523,1,,,,O=C(O)c1ccc2ccccc2n1,CCOC(=O)Cc1cnc(NC)s1,CCOC(=O)Cc1cnc(N(C)C(=O)c2ccc3ccccc3n2)s1,Amidation,,,
C56798,1,,,,O=Cc1cnc(C2CCC2)s1,NCc1cccc2[nH]ccc12,c1cc(CNCc2cnc(C3CCC3)s2)c2cc[nH]c2c1,Reductive_amination,,,
C48463,1,,,,O=C(O)c1ccn2ccnc2c1,Cc1ccc(CCN)cn1,Cc1ccc(CCNC(=O)c2ccn3ccnc3c2)cn1,Amidation,,,
C11370,1,,,,NCc1ccc(N2CCCC2)nc1,COC(=O)Cc1c[nH]c2ccccc12,O=C(Cc1c[nH]c2ccccc12)NCc1ccc(N2CCCC2)nc1,Ester_amidation,,,
C9466,1,,,,CC(=O)NC(C)C1CCNCC1,CC(=Cc1cccnc1)C(=O)O,CC(=O)NC(C)C1CCN(C(=O)C(C)=Cc2cccnc2)CC1,Amidation,,,
C116770,1,,,,Cn1cc(N)cn1,O=C(O)CCc1cnc2ccccc2c1,Cn1cc(NC(=O)CCc2cnc3ccccc3c2)cn1,Amidation,,,
C784,1,,,,Nc1ccnc2ccccc12,CCc1ccnc(C(=O)O)c1,CCc1ccnc(C(=O)Nc2ccnc3ccccc23)c1,Amidation,,,
C13867,1,,,,NCCc1ncc[nH]1,Nc1nc2ccccc2cc1C(=O)O,Nc1nc2ccccc2cc1C(=O)NCCc1ncc[nH]1,Amidation,,,
C113667,1,,,,c1ccc2c(C3CCNC3)ncnc2c1,Brc1ccc(I)nc1,Brc1ccc(N2CCC(c3ncnc4ccccc34)C2)nc1,N-nucleophilic_aromatic_substitution,,,
C10166,1,,,,O=C(O)c1cnn2c1CNCC2,Cn1ccnc1C(N)C(F)(F)F,Cn1ccnc1C(NC(=O)c1cnn2c1CNCC2)C(F)(F)F,Amidation,,,
C13863,1,,,,COc1cnc2ccccc2c1C(=O)O,CNc1ncc[nH]1,COc1cnc2ccccc2c1C(=O)N(C)c1ncc[nH]1,Amidation,,,
C1906,1,,,,CNc1ccc2c(c1)CNC2,O=Cc1ccccn1,CNc1ccc2c(c1)CN(Cc1ccccn1)C2,Reductive_amination,,,
C7126,1,,,,c1c(C2CC2)nn2c1CNCC2,CNCc1ncc[nH]1,CN(Cc1ncc[nH]1)C(=O)N1CCn2nc(C3CC3)cc2C1,Formation_of_urea_from_two_amines,,,
C1434,1,,,,O=Cc1ccc2c(c1)CNC2,Cc1cc(N)ccn1,Cc1cc(NCc2ccc3c(c2)CNC3)ccn1,Reductive_amination,,,
C5856,1,,,,NCc1ccnc(C(=O)O)c1,COCCC(N)c1cccnc1,COCCC(NC(=O)c1cc(CN)ccn1)c1cccnc1,Amidation,,,
C4933,1,,,,O=C(O)Cc1cccc2cccnc12,CCOC1(CN)CCC1,CCOC1(CNC(=O)Cc2cccc3cccnc23)CCC1,Amidation,,,
C117262,1,,,,NCc1nnc2ccccn12,Clc1nccc(-c2cccnc2)n1,c1cncc(-c2ccnc(NCc3nnc4ccccn34)n2)c1,N-nucleophilic_aromatic_substitution,,,
C1728,1,,,,CC(=O)NCc1ccc2c(c1)CNC2,C=C(C(=O)O)C(C)(C)C,C=C(C(=O)N1Cc2ccc(CNC(C)=O)cc2C1)C(C)(C)C,Amidation,,,
C17250,1,,,,Nc1cn2ccccc2n1,O=C(O)c1csc(-c2ncccn2)n1,O=C(Nc1cn2ccccc2n1)c1csc(-c2ncccn2)n1,Amidation,,,
C113775,1,,,,CC(C)N,Cc1cc(C)c2nc(Br)sc2c1,Cc1cc(C)c2nc(NC(C)C)sc2c1,N-nucleophilic_aromatic_substitution,,,
C14982,1,,,,O=C(O)CCN1CCNCC1,NCc1nc(-c2ccccn2)n[nH]1,O=C(CCN1CCNCC1)NCc1nc(-c2ccccn2)n[nH]1,Amidation,,,
C114072,1,,,,CC(CC(=O)O)n1cccn1,CC(C)(C)CCN1CCNCC1,CC(CC(=O)N1CCN(CCC(C)(C)C)CC1)n1cccn1,Amidation,,,
C5831,1,,,,Nc1cc(-c2cccnc2)ccn1,CC(CN)c1ccsc1,CC(CNC(=O)Nc1cc(-c2cccnc2)ccn1)c1ccsc1,Formation_of_urea_from_two_amines,,,
C14892,1,,,,Nc1ccc2c(c1)CNC2,NC1CCCN(CCO)C1=O,O=C(Nc1ccc2c(c1)CNC2)NC1CCCN(CCO)C1=O,Formation_of_urea_from_two_amines,,,
C55811,1,,,,Nc1cccc2ncccc12,CCSc1cccnc1C(=O)O,CCSc1cccnc1C(=O)Nc1cccc2ncccc12,Amidation,,,
C16770,1,,,,O=C=Nc1ccc2scnc2c1,Cc1csc(C(C)(C)N)n1,Cc1csc(C(C)(C)NC(=O)Nc2ccc3scnc3c2)n1,Isocyanate_to_urea,,,
C50645,1,,,,NC(C(=O)O)c1cscn1,Nc1ccc2ncc(Cl)n2c1,NC(C(=O)Nc1ccc2ncc(Cl)n2c1)c1cscn1,Amidation,,,
C9007,1,,,,O=C(O)c1ccc2[nH]cnc2c1,NCc1ccc(-n2cnc3ccccc32)nc1,O=C(NCc1ccc(-n2cnc3ccccc32)nc1)c1ccc2[nH]cnc2c1,Amidation,,,
C5065,1,,,,CNCc1c[nH]cn1,CCOC(=O)CC1CCNCC1,CCOC(=O)CC1CCN(C(=O)N(C)Cc2c[nH]cn2)CC1,Formation_of_urea_from_two_amines,,,
C5866,1,,,,CCC(N)c1ccncc1,C[S+]([O-])c1ccc(N)nc1,CCC(NC(=O)Nc1ccc([S+](C)[O-])cn1)c1ccncc1,Formation_of_urea_from_two_amines,,,
C9558,1,,,,CC(=O)NC(C)C1CCNCC1,CC(Cc1ccncc1)C(=O)O,CC(=O)NC(C)C1CCN(C(=O)C(C)Cc2ccncc2)CC1,Amidation,,,
C56430,1,,,,NC1CCOCC12CCCC2,CC(Oc1cccnc1)C(=O)O,CC(Oc1cccnc1)C(=O)NC1CCOCC12CCCC2,Amidation,,,
C114014,1,,,,CC(=O)N(C)C1CCNCC1,O=C(O)c1cccc2[nH]c(=O)[nH]c12,CC(=O)N(C)C1CCN(C(=O)c2cccc3[nH]c(=O)[nH]c23)CC1,Amidation,,,
C10165,1,,,,Ic1cnn2c1CNCC2,Cn1ccnc1CCN,Cn1ccnc1CCNS(=O)(=O)c1cnn2c1CNCC2,Formation_of_sulfonamide_from_halide_-_Shavnya_reaction,,,
C115508,1,,,,NC1CCCNC1,CC(Oc1ccc(-c2ccccc2)cc1)C(=O)O,CC(Oc1ccc(-c2ccccc2)cc1)C(=O)NC1CCCNC1,Amidation,,,
C48240,1,,,,CC(=O)NCC1CCCNC1,Brc1nc2ccccc2[nH]1,CC(=O)NCC1CCCN(c2nc3ccccc3[nH]2)C1,N-nucleophilic_aromatic_substitution,,,
C5694,1,,,,O=C(O)COCc1cccnc1,NC1CC(n2cccn2)C1,O=C(COCc1cccnc1)NC1CC(n2cccn2)C1,Amidation,,,
C8113,1,,,,NCc1ncc[nH]1,CC(=O)NCc1ccc(C(=O)O)o1,CC(=O)NCc1ccc(C(=O)NCc2ncc[nH]2)o1,Amidation,,,
C15916,1,,,,O=C(O)C(F)C1CCNCC1,NCCN1Cc2ccccc2C1,O=C(NCCN1Cc2ccccc2C1)C(F)C1CCNCC1,Amidation,,,
C113525,1,,,,NCc1ccc(-n2cnc3ccccc32)nc1,O=C(O)CC1CCCC1,O=C(CC1CCCC1)NCc1ccc(-n2cnc3ccccc32)nc1,Amidation,,,
C1219,1,,,,O=C(O)CCc1cncs1,c1cc(C2NCC23CCC3)ccn1,O=C(CCc1cncs1)N1CC2(CCC2)C1c1ccncc1,Amidation,,,
C48454,1,,,,Nc1ccn2ccnc2c1,CCc1cnccc1C(C)N,CCc1cnccc1C(C)NC(=O)Nc1ccn2ccnc2c1,Formation_of_urea_from_two_amines,,,
C56508,1,,,,Nc1csc(-c2ccncc2)n1,CC(O)(C(=O)O)C1CCOC1,CC(O)(C(=O)Nc1csc(-c2ccncc2)n1)C1CCOC1,Amidation,,,
C775,1,,,,Ic1ccc(C2CC2)nc1,CC1(C)OB(c2ccnc3ccccc23)OC1(C)C,c1ccc2c(-c3ccc(C4CC4)nc3)ccnc2c1,Sp2-sp2_Suzuki_coupling,,,
C9579,1,,,,CON=CC(=O)O,c1cc(-c2csc(C3CCNCC3)n2)ccn1,CON=CC(=O)N1CCC(c2nc(-c3ccncc3)cs2)CC1,Amidation,,,
C15616,1,,,,CC(CN)N1CCc2sccc2C1,O=C(O)c1cccnc1S,CC(CNC(=O)c1cccnc1S)N1CCc2sccc2C1,Amidation,,,
C3289,1,,,,Nc1ccncn1,O=C(O)c1cccnc1C1CC1,O=C(Nc1ccncn1)c1cccnc1C1CC1,Amidation,,,
C10474,1,,,,COc1cnc2ccccc2c1C(=O)O,CNCc1ccncc1,COc1cnc2ccccc2c1C(=O)N(C)Cc1ccncc1,Amidation,,,
C9118,1,,,,Cc1cc(F)ccn1,CNC1CCCNC1,Cc1cc(N(C)C2CCCNC2)ccn1,N-nucleophilic_aromatic_substitution,,,
C12342,1,,,,NCc1cncs1,CC(=O)NCc1ccc(C=O)cc1,CC(=O)NCc1ccc(CNCc2cncs2)cc1,Reductive_amination,,,
C15858,1,,,,O=C(O)c1ccc2c(c1)CNC2,OCc1ccc2cccnc2c1,O=C(O)c1ccc2c(c1)CN(Cc1ccc3cccnc3c1)C2,Mitsunobu_reaction_with_amine_alcohol_and_thioalcohol,,,
C3693,1,,,,O=C(O)CCc1c[nH]cn1,NCc1nnc(-c2ccncc2)[nH]1,O=C(CCc1c[nH]cn1)NCc1nnc(-c2ccncc2)[nH]1,Amidation,,,
C50104,1,,,,O=C(O)CC1CCC(=O)NC1,Cc1cc(C(C)N)ccn1,Cc1cc(C(C)NC(=O)CC2CCC(=O)NC2)ccn1,Amidation,,,
C56396,1,,,,O=C(O)COc1cccc2cccnc12,CNC1CCN(c2ncnc3ccccc23)CC1,CN(C(=O)COc1cccc2cccnc12)C1CCN(c2ncnc3ccccc23)CC1,Amidation,,,
C116066,1,,,,O=C(O)CCCn1ccnc1,NCc1nc2ccccn2c1Br,O=C(CCCn1ccnc1)NCc1nc2ccccn2c1Br,Amidation,,,
C6213,1,,,,CC(C)Cc1nc(C(=O)O)cs1,CC(O)c1nc2ccccc2[nH]1,CC(C)Cc1nc(C(=O)OC(C)c2nc3ccccc3[nH]2)cs1,Steglich_esterification,,,
C116156,1,,,,O=C(O)c1cc2c(s1)CCNC2,COCC(N)c1ccccn1,COCC(NC(=O)c1cc2c(s1)CCNC2)c1ccccn1,Amidation,,,
C5838,1,,,,CNCc1ccccn1,O=C(NCCO)c1cccnc1,CN(CCNC(=O)c1cccnc1)Cc1ccccn1,Mitsunobu_reaction_with_amine_alcohol_and_thioalcohol,,,
C117748,1,,,,O=C(O)CCc1cnc2ccccc2c1,CCn1cncc1CO,CCn1cncc1COC(=O)CCc1cnc2ccccc2c1,Steglich_esterification,,,
C1737,1,,,,CC(=O)NCc1ccc2c(c1)CNC2,C=C(COC)C(=O)O,C=C(COC)C(=O)N1Cc2ccc(CNC(C)=O)cc2C1,Amidation,,,
C115821,1,,,,CC(=O)NCC1CCCNC1,Brc1ccc2ncsc2c1,CC(=O)NCC1CCCN(S(=O)(=O)c2ccc3ncsc3c2)C1,Formation_of_sulfonamide_from_halide_-_Shavnya_reaction,,,
C5850,1,,,,COCCC(N)c1cccnc1,O=C(O)c1ncccc1Br,COCCC(NC(=O)c1ncccc1Br)c1cccnc1,Amidation,,,
C51739,1,,,,c1ccc2c(C3CCNCC3)c[nH]c2c1,CC(=O)NC(C)(C(=O)O)C(C)C,CC(=O)NC(C)(C(=O)N1CCC(c2c[nH]c3ccccc23)CC1)C(C)C,Amidation,,,
C4139,1,,,,CC(C)S(=O)(=O)c1ccc2nccc(Cl)c2c1,CC(=O)NCC1CNCCO1,CC(=O)NCC1CN(c2ccnc3ccc(S(=O)(=O)C(C)C)cc23)CCO1,N-nucleophilic_aromatic_substitution,,,
C10191,1,,,,O=C(O)Cc1cscn1,COc1ccc2cccnc2c1CN,COc1ccc2cccnc2c1CNC(=O)Cc1cscn1,Amidation,,,
C5187,1,,,,O=C(O)c1csc(-c2ncc[nH]2)n1,CCC(N)C(C)O,CCC(NC(=O)c1csc(-c2ncc[nH]2)n1)C(C)O,Amidation,,,
C7475,1,,,,NCC1CCCNC1,O=C(O)Cc1nc(-c2ccccc2)cs1,O=C(Cc1nc(-c2ccccc2)cs1)NCC1CCCNC1,Amidation,,,
C3291,1,,,,NCc1ccncn1,NCc1ccnc(C2CC2)c1,O=C(NCc1ccnc(C2CC2)c1)NCc1ccncn1,Formation_of_urea_from_two_amines,,,
C55804,1,,,,O=C(O)c1cccc2ncccc12,CC(N)c1ccncc1,CC(NC(=O)c1cccc2ncccc12)c1ccncc1,Amidation,,,
C8622,1,,,,CC(C)(N)CO,O=C(O)c1ccnc2c(C(F)(F)F)cccc12,CC(C)(CO)NC(=O)c1ccnc2c(C(F)(F)F)cccc12,Amidation,,,
C14536,1,,,,CC1NCc2ccccc21,CC(C)(C(=O)O)c1cncnc1,CC1c2ccccc2CN1C(=O)C(C)(C)c1cncnc1,Amidation,,,
C621,1,,,,Nc1ccccc1OCCF,CCC(=O)c1ccncc1,CCC(Nc1ccccc1OCCF)c1ccncc1,Reductive_amination,,,
C14716,1,,,,CC(=O)NCC1CCCN1,O=C(O)c1cccc2[nH]ccc12,CC(=O)NCC1CCCN1C(=O)c1cccc2[nH]ccc12,Amidation,,,
C2607,1,,,,O=C(O)CC1CCCS1(=O)=O,NCc1cccnc1,O=C(CC1CCCS1(=O)=O)NCc1cccnc1,Amidation,,,
C13057,1,,,,O=C(O)c1ccc2nc(C(F)(F)F)cn2c1,CNc1ccccn1,CN(C(=O)c1ccc2nc(C(F)(F)F)cn2c1)c1ccccn1,Amidation,,,
C10072,1,,,,O=C1CNCCN1c1ncccn1,CN(CCC(=O)O)c1ccncc1,CN(CCC(=O)N1CCN(c2ncccn2)C(=O)C1)c1ccncc1,Amidation,,,
C4344,1,,,,O=C(O)c1ccn2ccnc2c1,CCOC(=O)c1csc(N)n1,CCOC(=O)c1csc(NC(=O)c2ccn3ccnc3c2)n1,Amidation,,,
C15313,1,,,,NCCc1cccc2cccnc12,Cc1cccn2cc(CC(=O)O)nc12,Cc1cccn2cc(CC(=O)NCCc3cccc4cccnc34)nc12,Amidation,,,
C4755,1,,,,OCc1cnn2c1CNCC2,CCCN1CCCCC1CN,CCCN1CCCCC1CNCc1cnn2c1CNCC2,Mitsunobu_reaction_with_amine_alcohol_and_thioalcohol,,,
C13921,1,,,,O=C(O)C=Cc1c[nH]cn1,Cc1ccc2cccc(N)c2n1,Cc1ccc2cccc(NC(=O)C=Cc3c[nH]cn3)c2n1,Amidation,,,
C453,1,,,,O=C(O)C=Cc1cccnc1,NCC(=O)N1CCc2sccc2C1,O=C(C=Cc1cccnc1)NCC(=O)N1CCc2sccc2C1,Amidation,,,
C9337,1,,,,O=C(O)CCn1cnc2ccccc21,Cc1csc(CN)n1,Cc1csc(CNC(=O)CCn2cnc3ccccc32)n1,Amidation,,,
C13206,1,,,,OCCOCCN1CCNCC1,CC(C)(C(=O)O)c1c[nH]cn1,CC(C)(C(=O)N1CCN(CCOCCO)CC1)c1c[nH]cn1,Amidation,,,
C3418,1,,,,O=C(O)CCc1ccncn1,Cc1cc(N)cn2ccnc12,Cc1cc(NC(=O)CCc2ccncn2)cn2ccnc12,Amidation,,,
C2977,1,,,,Nc1cccnc1C1CC1,COCC(=O)O,COCC(=O)Nc1cccnc1C1CC1,Amidation,,,
C5811,1,,,,COc1ccc2cccnc2c1CN,O=S(=O)(Cl)c1ccccn1,COc1ccc2cccnc2c1CNS(=O)(=O)c1ccccn1,Sulfonamide_Schotten-Baumann_with_amine_(intermolecular),,,
C12880,1,,,,O=C(O)c1cccs1,Nc1ccc(Cl)c2ncccc12,O=C(Nc1ccc(Cl)c2ncccc12)c1cccs1,Amidation,,,
C9828,1,,,,Nc1c[nH]cn1,CCC(=O)O,CCC(=O)Nc1cnc[nH]1,Amidation,,,
C5763,1,,,,O=C(O)c1cccc2ncccc12,NC(=O)C(N)c1ccccn1,NC(=O)C(NC(=O)c1cccc2ncccc12)c1ccccn1,Amidation,,,
C15459,1,,,,CN(C)CCn1c(=O)[nH]c2ccc(C(=O)O)cc21,NCc1ncc[nH]1,CN(C)CCn1c(=O)[nH]c2ccc(C(=O)NCc3ncc[nH]3)cc21,Amidation,,,
C2771,1,,,,O=[N+]([O-])c1ccc2c(c1)CNC2,CC(C)CC(C(=O)O)n1ccnc1,CC(C)CC(C(=O)N1Cc2ccc([N+](=O)[O-])cc2C1)n1ccnc1,Amidation,,,
C6746,1,,,,Clc1nccc(-n2cccn2)n1,CC(C)(CN)OC(F)F,CC(C)(CNc1nccc(-n2cccn2)n1)OC(F)F,N-nucleophilic_aromatic_substitution,,,
C2295,1,,,,CC(=O)NCC1CCCNC1,O=C1NCC(C(=O)O)n2nccc21,CC(=O)NCC1CCCN(C(=O)C2CNC(=O)c3ccnn32)C1,Amidation,,,
C6774,1,,,,CC(CN)n1cccn1,O=C(O)c1cnc(C2CCCN2)nc1,CC(CNC(=O)c1cnc(C2CCCN2)nc1)n1cccn1,Amidation,,,
C3197,1,,,,O=[N+]([O-])c1ccc2c(c1)CNC2,O=S(=O)(Cl)Cc1cscn1,O=[N+]([O-])c1ccc2c(c1)CN(S(=O)(=O)Cc1cscn1)C2,Sulfonamide_Schotten-Baumann_with_amine_(intermolecular),,,
C8907,1,,,,NCCNc1ccccn1,CC(C)(C)OC(=O)c1csc(C2CCNCC2)n1,O=C(NCCNc1ccccn1)c1csc(C2CCNCC2)n1,Ester_amidation,,,
C626,1,,,,CC(CN)c1ccncc1,COCc1ccc(Br)nc1,COCc1ccc(NCC(C)c2ccncc2)nc1,N-nucleophilic_aromatic_substitution,,,
C3739,1,,,,NCc1ccnc(C2CC2)c1,O=C(O)C(=O)Nc1ncc[nH]1,O=C(NCc1ccnc(C2CC2)c1)C(=O)Nc1ncc[nH]1,Amidation,,,
C7133,1,,,,OCc1cnn2c1CNCC2,O=C(O)CSCc1ncc[nH]1,O=C(CSCc1ncc[nH]1)N1CCn2ncc(CO)c2C1,Amidation,,,
C5852,1,,,,COCCC(N)c1cccnc1,O=C(O)c1ccc(Cl)cn1,COCCC(NC(=O)c1ccc(Cl)cn1)c1cccnc1,Amidation,,,
C13977,1,,,,O=C(O)c1cnc(-c2ccccn2)nc1,NCCCC(=O)O,O=C(O)CCCNC(=O)c1cnc(-c2ccccn2)nc1,Amidation,,,
C13195,1,,,,CSCCCC(=O)O,CN1CCNCC1c1ncc[nH]1,CSCCCC(=O)N1CCN(C)C(c2ncc[nH]2)C1,Amidation,,,
C10351,1,,,,COc1ccc2cccnc2c1C(=O)O,CCC(O)c1cccnc1,CCC(OC(=O)c1c(OC)ccc2cccnc12)c1cccnc1,Steglich_esterification,,,
C15515,1,,,,NCCn1c(=O)[nH]c2ccccc21,Brc1c[nH]cn1,O=c1[nH]c2ccccc2n1CCNS(=O)(=O)c1c[nH]cn1,Formation_of_sulfonamide_from_halide_-_Shavnya_reaction,,,
C15530,1,,,,CC(=O)O,NCC1CCNC(=O)C1,CC(=O)NCC1CCNC(=O)C1,Amidation,,,
C14578,1,,,,Clc1ccc2c(c1)CNC2,O=C(O)c1ccncn1,O=C(c1ccncn1)N1Cc2ccc(Cl)cc2C1,Amidation,,,
C5939,1,,,,CCNCc1cccnc1,COc1ccn2c(C(=O)O)cnc2c1,CCN(Cc1cccnc1)C(=O)c1cnc2cc(OC)ccn12,Amidation,,,
C64802,1,,,,O=C(O)c1cccc2cn[nH]c12,Nc1nc(-c2cnco2)cs1,O=C(Nc1nc(-c2cnco2)cs1)c1cccc2cn[nH]c12,Amidation,,,
C65714,1,,,,O=C(O)c1csc2nccn12,CCOC(C)c1nc(CNC)cs1,CCOC(C)c1nc(CN(C)C(=O)c2csc3nccn23)cs1,Amidation,,,
