compound_id,pose_id,smiles,reaction_name_step1,reactant_step1,reactant2_step1,reactant3_step1,product_step11,hit1,hit2,hit3,hit4,hit5,hit6,hit7,hit8,template,compound_set
47020,1043,C[C@H](NC(=O)NCc1ccnc(N2CCCCC2)c1)C(=O)N1CCCCC1,Formation_of_urea_from_two_amines,NCc1ccnc(N2CCCCC2)c1,CC(N)C(=O)N1CCCCC1,,CC(NC(=O)NCc1ccnc(N2CCCCC2)c1)C(=O)N1CCCCC1,A3868a,A0875a,,,,,,,A3868a,C47020
53713,1740,CCC(=O)N1CCCN(C(=O)CCN2CCOCC2)CC1,Amidation,CCC(=O)N1CCCNCC1,O=C(O)CCN1CCOCC1,,CCC(=O)N1CCCN(C(=O)CCN2CCOCC2)CC1,A4237a,A1779a,,,,,,,A4237a,C53713
73035,2235,O=C(NCc1nnc2n1CCCC2)c1cncc(N2CCCC2)n1,Amidation,O=C(O)c1cncc(N2CCCC2)n1,NCc1nnc2n1CCCC2,,O=C(NCc1nnc2n1CCCC2)c1cncc(N2CCCC2)n1,A0239a,A4855a,,,,,,,A0239a,C73035
48641,2325,CC[C@@H](NC(=O)Nc1cc(CCOC)ccn1)c1cccnc1,Formation_of_urea_from_two_amines,CCC(N)c1cccnc1,COCCc1ccnc(N)c1,,CCC(NC(=O)Nc1cc(CCOC)ccn1)c1cccnc1,A2629a,A3201a,,,,,,,A2629a,C48641
31471,5840,O=C1CCCN1CCC(=O)N1[C@@H]2CC[C@H]1C[C@@H](F)C2,Amidation,O=C(O)CCN1CCCC1=O,FC1CC2CCC(C1)N2,,O=C1CCCN1CCC(=O)N1C2CCC1CC(F)C2,A0528a,A4445b,,,,,,,A4445b,C31471
75387,6186,C[C@H](NC(=O)c1ccc2c(c1)CCN2)c1ncccc1Cl,Amidation,O=C(O)c1ccc2c(c1)CCN2,CC(N)c1ncccc1Cl,,CC(NC(=O)c1ccc2c(c1)CCN2)c1ncccc1Cl,A3436a,A1778a,,,,,,,A3436a,C75387
51171,12395,C[C@H](NS(=O)(=O)C[C@@H]1CCCNC1)c1nnc2ccccn12,Formation_of_sulfonamide_from_halide_-_Shavnya_reaction,BrCC1CCCNC1,CC(N)c1nnc2ccccn12,,CC(NS(=O)(=O)CC1CCCNC1)c1nnc2ccccn12,A1293a,A3194a,,,,,,,A3194a,C51171
104497,12401,CC(C)Cc1nnc2c(C(=O)O[C@@H](C)c3ccncc3)cccn12,Steglich_esterification,CC(O)c1ccncc1,CC(C)Cc1nnc2c(C(=O)O)cccn12,,CC(C)Cc1nnc2c(C(=O)OC(C)c3ccncc3)cccn12,A1293a,A3194a,,,,,,,A3194a,C104497
56319,13396,c1cc(NC[C@H]2CCNC2)nc(C2CC2)c1,Amine_alkylation,Nc1cccc(C2CC2)n1,BrCC1CCNC1,,c1cc(NCC2CCNC2)nc(C2CC2)c1,A2629a,A4855a,,,,,,,A2629a,C56319
51690,15897,C[C@H](NC(=O)[C@@H]1CCCNC1)[C@@H]1C[C@@H]1C,Amidation,O=C(O)C1CCCNC1,CC(N)C1CC1C,,CC1CC1C(C)NC(=O)C1CCCNC1,A3181b,A1145a,A4214b,,,,,,A3181b,C51690
84541,17467,CC(C)(C)N1CCC(NC(=O)NNC(=O)c2cn[nH]c2)CC1,Formation_of_urea_from_two_amines,NNC(=O)c1cn[nH]c1,CC(C)(C)N1CCC(N)CC1,,CC(C)(C)N1CCC(NC(=O)NNC(=O)c2cn[nH]c2)CC1,A4311a,A0556a,,,,,,,A4311a,C84541
84544,17470,CC(C)(C)N1CC[C@@H](NC(=O)NNC(=O)c2cn[nH]c2)C1,Formation_of_urea_from_two_amines,NNC(=O)c1cn[nH]c1,CC(C)(C)N1CCC(N)C1,,CC(C)(C)N1CCC(NC(=O)NNC(=O)c2cn[nH]c2)C1,A4311a,A0556a,,,,,,,A4311a,C84544
64811,17657,O=C(Nc1ccc(N2CCCCC2)cn1)c1ccc2c(c1)CCN2,Ester_amidation,Nc1ccc(N2CCCCC2)cn1,COC(=O)c1ccc2c(c1)CCN2,,O=C(Nc1ccc(N2CCCCC2)cn1)c1ccc2c(c1)CCN2,A4031a,A1778a,,,,,,,A4031a,C64811
106545,18403,CN(Cc1nccn1C)C(=O)NCCN1CCc2ccccc21,Formation_of_urea_from_two_amines,NCCN1CCc2ccccc21,CNCc1nccn1C,,CN(Cc1nccn1C)C(=O)NCCN1CCc2ccccc21,A2972a,A1778a,,,,,,,A2972a,C106545
74188,19795,O=C(c1ccc2cn[nH]c2c1)N1CC[C@@H](c2ccno2)C1,Amidation,c1cc(C2CCNC2)on1,O=C(O)c1ccc2cn[nH]c2c1,,O=C(c1ccc2cn[nH]c2c1)N1CCC(c2ccno2)C1,A0486a,A0541a,,,,,,,A0541a,C74188
49748,20299,CN(Cc1ccc2c(c1)CCO2)C(=O)C(C)(C)N1CCCCC1,Amidation,CC(C)(C(=O)O)N1CCCCC1,CNCc1ccc2c(c1)CCO2,,CN(Cc1ccc2c(c1)CCO2)C(=O)C(C)(C)N1CCCCC1,A4707a,A3557b,A4331a,A0541a,A4214a,,,,A0541a,C49748
18489,20859,O=C(CSc1nc2ccccc2s1)N1CCN(c2ccccn2)CC1,Amidation,c1ccc(N2CCNCC2)nc1,O=C(O)CSc1nc2ccccc2s1,,O=C(CSc1nc2ccccc2s1)N1CCN(c2ccccn2)CC1,A4031b,A0469a,,,,,,,A0469a,C18489
124015,21244,CC(C)(NC(=O)[C@H]1CCNc2ccccc21)C1CCNCC1,Amidation,O=C(O)C1CCNc2ccccc21,CC(C)(N)C1CCNCC1,,CC(C)(NC(=O)C1CCNc2ccccc21)C1CCNCC1,A0586a,A0875a,,,,,,,A0586a,C124015
54984,21696,CCN1N=C(C(=O)N(CCCO)Cc2ccccn2)CC1=O,Amidation,OCCCNCc1ccccn1,CCN1N=C(C(=O)O)CC1=O,,CCN1N=C(C(=O)N(CCCO)Cc2ccccn2)CC1=O,A0341a,A3849a,,,,,,,A0341a,C54984
52583,22414,C#Cc1cccc(NC(=O)N[C@@H](CC)[C@@H]2CCCO2)n1,Formation_of_urea_from_two_amines,CCC(N)C1CCCO1,C#Cc1cccc(N)n1,,C#Cc1cccc(NC(=O)NC(CC)C2CCCO2)n1,A0608a,A3207a,,,,,,,A3207a,C52583
124652,23665,CCN(CC)C(=O)c1cccc(NC(=O)[C@H](C)N2CCc3ccccc32)c1,Amidation,CCN(CC)C(=O)c1cccc(N)c1,CC(C(=O)O)N1CCc2ccccc21,,CCN(CC)C(=O)c1cccc(NC(=O)C(C)N2CCc3ccccc32)c1,A0863a,A1778a,,,,,,,A0863a,C124652
124674,23706,O=C(NCCN1CCNC1=O)NCc1ccc(-c2ccn[nH]2)cc1,Formation_of_urea_from_two_amines,NCc1ccc(-c2ccn[nH]2)cc1,NCCN1CCNC1=O,,O=C(NCCN1CCNC1=O)NCc1ccc(-c2ccn[nH]2)cc1,A1081b,A0717a,,,,,,,A1081b,C124674
62872,26211,O=C([C@H]1CCc2nncn2C1)N1CCCN(c2ncccn2)CC1,Amidation,c1cnc(N2CCCNCC2)nc1,O=C(O)C1CCc2nncn2C1,,O=C(C1CCc2nncn2C1)N1CCCN(c2ncccn2)CC1,A1068b,A0239a,,,,,,,A0239a,C62872
62954,26273,Cc1ccc(CN(C)C(=O)C(C)(C)C2CCNCC2)cc1,Amidation,CNCc1ccc(C)cc1,CC(C)(C(=O)O)C1CCNCC1,,Cc1ccc(CN(C)C(=O)C(C)(C)C2CCNCC2)cc1,A0875a,A0541a,,,,,,,A0541a,C62954
57322,26508,NC(=O)Nc1ccc(CNC(=O)CC[C@H]2CCCNC2)cc1,Amidation,O=C(O)CCC1CCCNC1,NCc1ccc(NC(N)=O)cc1,,NC(=O)Nc1ccc(CNC(=O)CCC2CCCNC2)cc1,A0926a,A0239a,A3975a,,,,,,A0239a,C57322
65382,26870,O=C(NCCN1CCOCC1=O)c1cccnc1-n1cccn1,Amidation,O=C(O)c1cccnc1-n1cccn1,NCCN1CCOCC1=O,,O=C(NCCN1CCOCC1=O)c1cccnc1-n1cccn1,A3435a,A0556a,,,,,,,A3435a,C65382
65392,26880,O=C(NCCC1CC=CC1)c1ccnc(-n2cccn2)c1,Amidation,O=C(O)c1ccnc(-n2cccn2)c1,NCCC1CC=CC1,,O=C(NCCC1CC=CC1)c1ccnc(-n2cccn2)c1,A3435a,A0556a,,,,,,,A3435a,C65392
16361,26924,O=C(NCCc1cc[nH]n1)c1ccnc(-n2ccnc2)c1,Amidation,O=C(O)c1ccnc(-n2ccnc2)c1,NCCc1cc[nH]n1,,O=C(NCCc1cc[nH]n1)c1ccnc(-n2ccnc2)c1,A3435a,A0556a,,,,,,,A3435a,C16361
76291,30207,CCS(=O)(=O)N1CC(CNC(=O)C[C@@H](C(F)F)n2ccnc2)C1,Amidation,O=C(O)CC(C(F)F)n1ccnc1,CCS(=O)(=O)N1CC(CN)C1,,CCS(=O)(=O)N1CC(CNC(=O)CC(C(F)F)n2ccnc2)C1,A4994a,A0309a,,,,,,,A4994a,C76291
76574,30306,COc1cnccc1CNS(=O)(=O)c1cnc2cccnn12,Sulfonamide_Schotten-Baumann_with_amine_(intermolecular),O=S(=O)(Cl)c1cnc2cccnn12,COc1cnccc1CN,,COc1cnccc1CNS(=O)(=O)c1cnc2cccnn12,A0202a,A1105b,,,,,,,A1105b,C76574
59983,30711,CC[C@@](C)(NC(=O)[C@H]1CCCN(C)C1=O)c1ncccn1,Amidation,CN1CCCC(C(=O)O)C1=O,CCC(C)(N)c1ncccn1,,CCC(C)(NC(=O)C1CCCN(C)C1=O)c1ncccn1,A1068b,A5036a,,,,,,,A5036a,C59983
57140,31487,CCc1nnc2n1C[C@H](NC(=O)CC[C@H]1CCCNC1)CC2,Amidation,O=C(O)CCC1CCCNC1,CCc1nnc2n1CC(N)CC2,,CCc1nnc2n1CC(NC(=O)CCC1CCCNC1)CC2,A0239a,A4836a,A4874a,A4712a,A3849a,,,,A0239a,C57140
79400,31763,C[C@H](NC(=O)c1c[nH]c2ccccc12)C1(C)CC1,Amidation,O=C(O)c1c[nH]c2ccccc12,CC(N)C1(C)CC1,,CC(NC(=O)c1c[nH]c2ccccc12)C1(C)CC1,A3618a,A3568a,,,,,,,A3618a,C79400
53105,31842,Cc1cnccc1NCc1ccc2cc[nH]c2c1,Reductive_amination,O=Cc1ccc2cc[nH]c2c1,Cc1cnccc1N,,Cc1cnccc1NCc1ccc2cc[nH]c2c1,A2629a,A3568a,,,,,,,A2629a,C53105
141599,34458,COC(=O)c1cc(C)ncc1N(C)N,N-nucleophilic_aromatic_substitution,COC(=O)c1cc(C)ncc1Br,CNN,,COC(=O)c1cc(C)ncc1N(C)N,A4331a,A0514a,,,,,,,A0514a,C141599
193943,39709,Cc1cccc(C(C)C)c1,Sp3-sp2_Suzuki_coupling,Cc1cccc(Br)c1,CC(C)B1OC(C)(C)C(C)(C)O1,,Cc1cccc(C(C)C)c1,A2513a,A0719a,A0451a,A2454a,,,,,A0719a,C193943
204781,45214,Cn1nc(C(=O)NCc2cocn2)c2ccccc21,Amidation,NCc1cocn1,Cn1nc(C(=O)O)c2ccccc21,,Cn1nc(C(=O)NCc2cocn2)c2ccccc21,A3403a,A2290a,,,,,,,A2290a,C204781
107,45216,Cn1nc(C(=O)NCCc2cocn2)c2ccccc21,Amidation,NCCc1cocn1,Cn1nc(C(=O)O)c2ccccc21,,Cn1nc(C(=O)NCCc2cocn2)c2ccccc21,A3436a,A2290a,,,,,,,A2290a,C107
205067,45427,Cn1nc(C(=O)NC[C@@H]2Cc3ccccc3CN2)c2cc(F)ccc21,Amidation,NCC1Cc2ccccc2CN1,Cn1nc(C(=O)O)c2cc(F)ccc21,,Cn1nc(C(=O)NCC2Cc3ccccc3CN2)c2cc(F)ccc21,A2293a,A0884a,,,,,,,A2293a,C205067
205775,48155,Cn1nc(C(=O)NCCn2cncn2)c2cc(F)ccc21,Amidation,Cn1nc(C(=O)O)c2cc(F)ccc21,NCCn1cncn1,,Cn1nc(C(=O)NCCn2cncn2)c2cc(F)ccc21,A3176a,A3417a,,,,,,,A3176a,C205775
209837,48651,C[C@H]1CC[C@@H](C(N)=O)CN1C(=O)Cc1cccc2nn(C)cc12,Amidation,CC1CCC(C(N)=O)CN1,Cn1cc2c(CC(=O)O)cccc2n1,,CC1CCC(C(N)=O)CN1C(=O)Cc1cccc2nn(C)cc12,A4934a,A3181a,A5052a,,,,,,A3181a,C209837
176894,50903,COc1ccc(Br)cc1C(=O)C(=O)N1CCC[C@H](C(N)=O)C1,Amidation,NC(=O)C1CCCNC1,COc1ccc(Br)cc1C(=O)C(=O)O,,COc1ccc(Br)cc1C(=O)C(=O)N1CCCC(C(N)=O)C1,A4317a,A3229a,,,,,,,A4317a,C176894
264727,53318,Cn1cnc(CCNC(=O)c2nn(C)c3ccc(F)cc23)c1,Amidation,Cn1nc(C(=O)O)c2cc(F)ccc21,Cn1cnc(CCN)c1,,Cn1cnc(CCNC(=O)c2nn(C)c3ccc(F)cc23)c1,A4346a,A3587a,A4347a,,,,,,A3587a,C264727
266892,54398,Cc1ccccc1C(=O)NCCc1cocn1,Amidation,NCCc1cocn1,Cc1ccccc1C(=O)O,,Cc1ccccc1C(=O)NCCc1cocn1,A3408a,A5594a,,,,,,,A5594a,C266892
195109,58203,CC(=O)N1CC[C@H](NC(N)=O)C1,Amidation,CC(=O)O,NC(=O)NC1CCNC1,,CC(=O)N1CCC(NC(N)=O)C1,A3571b,A3665a,,,,,,,A3665a,C195109
97354,126358,C=C(Cn1ccnc1)C(=O)Nc1cnn(CC(=O)N(C)C)c1,Amidation,CN(C)C(=O)Cn1cc(N)cn1,C=C(Cn1ccnc1)C(=O)O,,C=C(Cn1ccnc1)C(=O)Nc1cnn(CC(=O)N(C)C)c1,A0486a,A0309a,,,,,,,A0486a,C97354
97404,126434,C[C@H](NCCn1ncc2ccccc21)c1c[nH]cn1,Petasis-borono_Mannich_reaction,CC=O,OB(O)c1c[nH]cn1,NCCn1ncc2ccccc21,CC(NCCn1ncc2ccccc21)c1c[nH]cn1,A0486a,A0309a,,,,,,,A0486a,C97404
50762,128382,CC(=O)N[C@H](C)C1CCN(c2nccc(N3CCCC3)n2)CC1,N-nucleophilic_aromatic_substitution,CC(=O)NC(C)C1CCNCC1,Clc1nccc(N2CCCC2)n1,,CC(=O)NC(C)C1CCN(c2nccc(N3CCCC3)n2)CC1,A0875a,A3581a,,,,,,,A0875a,C50762
125028,129185,C[C@H](CNS(=O)(=O)CCc1cnoc1)Cn1cc(C(F)(F)F)cn1,Sulfonamide_Schotten-Baumann_with_amine_(intermolecular),O=S(=O)(Cl)CCc1cnoc1,CC(CN)Cn1cc(C(F)(F)F)cn1,,CC(CNS(=O)(=O)CCc1cnoc1)Cn1cc(C(F)(F)F)cn1,A2304a,A0541a,,,,,,,A0541a,C125028
50277,130605,O=C(CO[C@H]1CCCNC1)Nc1cnn([C@H]2CCS(=O)(=O)C2)c1,Amidation,O=C(O)COC1CCCNC1,Nc1cnn(C2CCS(=O)(=O)C2)c1,,O=C(COC1CCCNC1)Nc1cnn(C2CCS(=O)(=O)C2)c1,A0354a,A5424b,,,,,,,A5424b,C50277
78261,130881,O=C(NCc1ccc(N2CCCC2=O)cc1)NCc1ccc2c(c1)OCO2,Isocyanate_to_urea,O=C=NCc1ccc2c(c1)OCO2,NCc1ccc(N2CCCC2=O)cc1,,O=C(NCc1ccc(N2CCCC2=O)cc1)NCc1ccc2c(c1)OCO2,A0351b,A0528a,,,,,,,A0528a,C78261
1120,131658,O=C(COC1CNC1)NCCN1CCCc2ccccc21,Amidation,O=C(O)COC1CNC1,NCCN1CCCc2ccccc21,,O=C(COC1CNC1)NCCN1CCCc2ccccc21,A0586a,A4994a,,,,,,,A0586a,C1120
52055,131713,C[C@H]1C[C@H]2CC[C@@H](C1)N2C(=O)CCc1cccnc1,Amidation,O=C(O)CCc1cccnc1,CC1CC2CCC(C1)N2,,CC1CC2CCC(C1)N2C(=O)CCc1cccnc1,A3975a,A3564a,,,,,,,A3975a,C52055
128372,132445,O=C1NCCN1CCN1Cc2ccccc2[C@@H](n2cccn2)C1,Amine_alkylation,c1ccc2c(c1)CNCC2n1cccn1,O=C1NCCN1CCCl,,O=C1NCCN1CCN1Cc2ccccc2C(n2cccn2)C1,A2293a,A0556a,,,,,,,A2293a,C128372
78532,133737,CC(C)COC1CN(C(=O)C[C@H](C)N2CCc3ccccc32)C1,Amidation,CC(CC(=O)O)N1CCc2ccccc21,CC(C)COC1CNC1,,CC(C)COC1CN(C(=O)CC(C)N2CCc3ccccc32)C1,A4994a,A1778a,,,,,,,A4994a,C78532
43009,133793,C[C@@H](S)C(=O)N1CC(S(N)(=O)=O)C1,Amidation,NS(=O)(=O)C1CNC1,CC(S)C(=O)O,,CC(S)C(=O)N1CC(S(N)(=O)=O)C1,A4994a,A1778a,,,,,,,A4994a,C43009
51476,134183,C[C@H](NC(=O)Nc1cccnc1N1CCCCC1)c1ncco1,Formation_of_urea_from_two_amines,Nc1cccnc1N1CCCCC1,CC(N)c1ncco1,,CC(NC(=O)Nc1cccnc1N1CCCCC1)c1ncco1,A4306a,A3623a,,,,,,,A4306a,C51476
46715,138396,CCCN(CCN1CCCCC1)C(=O)NCc1cn(C(C)C)cn1,Formation_of_urea_from_two_amines,CCCNCCN1CCCCC1,CC(C)n1cnc(CN)c1,,CCCN(CCN1CCCCC1)C(=O)NCc1cn(C(C)C)cn1,A0875a,A1209a,A4445b,,,,,,A1209a,C46715
114736,138552,C[C@H](C(=O)NC[C@@H]1CCCN1CCCO)N1CCCCC1=O,Amidation,NCC1CCCN1CCCO,CC(C(=O)O)N1CCCCC1=O,,CC(C(=O)NCC1CCCN1CCCO)N1CCCCC1=O,A5036a,A1140a,,,,,,,A5036a,C114736
47059,139075,O=C(CCc1nc2ccccc2s1)N[C@@H]1CCCNC1,Amidation,NC1CCCNC1,O=C(O)CCc1nc2ccccc2s1,,O=C(CCc1nc2ccccc2s1)NC1CCCNC1,A4707a,A0514b,,,,,,,A4707a,C47059
13612,139612,C[C@H](Sc1ccccn1)C(=O)N1CCOCC2(CC2)C1,Amidation,CC(Sc1ccccn1)C(=O)O,C1COCC2(CC2)CN1,,CC(Sc1ccccn1)C(=O)N1CCOCC2(CC2)C1,A3207a,A1778a,,,,,,,A3207a,C13612
124499,140512,CCSc1cc(C(=O)N[C@@H](C)COC)ccn1,Amidation,COCC(C)N,CCSc1cc(C(=O)O)ccn1,,CCSc1cc(C(=O)NC(C)COC)ccn1,A2629a,A3176a,,,,,,,A3176a,C124499
53746,142056,CCS(=O)(=O)CCCNC(=O)N1CC[C@H](N2CCCCC2)C1,Formation_of_urea_from_two_amines,C1CCN(C2CCNC2)CC1,CCS(=O)(=O)CCCN,,CCS(=O)(=O)CCCNC(=O)N1CCC(N2CCCCC2)C1,A1140a,A4336a,,,,,,,A4336a,C53746
46587,142833,C[C@H]1COCCN1C(=O)CC[C@H]1CCCNC1,Amidation,O=C(O)CCC1CCCNC1,CC1COCCN1,,CC1COCCN1C(=O)CCC1CCCNC1,A1775a,A5425a,,,,,,,A5425a,C46587
46399,142926,C[C@@H](CNC(=O)NCc1ccc2cn[nH]c2c1)N1CCCCC1,Formation_of_urea_from_two_amines,CC(CN)N1CCCCC1,NCc1ccc2cn[nH]c2c1,,CC(CNC(=O)NCc1ccc2cn[nH]c2c1)N1CCCCC1,A0497a,A4388a,,,,,,,A4388a,C46399
51536,145002,CCON1CCC(CC(=O)NCCNC(=O)c2ccn[nH]2)CC1,Amidation,NCCNC(=O)c1ccn[nH]1,CCON1CCC(CC(=O)O)CC1,,CCON1CCC(CC(=O)NCCNC(=O)c2ccn[nH]2)CC1,A0926a,A0717a,,,,,,,A0926a,C51536
51256,151621,O=c1cccc(Br)n1C[C@H]1CCCNC1,Amine_alkylation,BrCC1CCCNC1,O=c1cccc(Br)[nH]1,,O=c1cccc(Br)n1CC1CCCNC1,A0525a,A4031b,A4020a,A5079b,,,,,A0525a,C51256
59001,155455,O=[N+]([O-])c1c(N2CCC(c3ncco3)CC2)ccc2ncccc12,N-nucleophilic_aromatic_substitution,c1coc(C2CCNCC2)n1,O=[N+]([O-])c1c(Br)ccc2ncccc12,,O=[N+]([O-])c1c(N2CCC(c3ncco3)CC2)ccc2ncccc12,A3587a,A3623a,,,,,,,A3587a,C59001
46960,156428,Cc1ccc(NC(=O)NC[C@@H](C)c2ccncc2)nc1,Formation_of_urea_from_two_amines,Cc1ccc(N)nc1,CC(CN)c1ccncc1,,Cc1ccc(NC(=O)NCC(C)c2ccncc2)nc1,A2629a,A3207a,,,,,,,A2629a,C46960
46519,157603,Cc1cccc(NC(=O)NC[C@@H](C)N2CCCCC2)n1,Formation_of_urea_from_two_amines,Cc1cccc(N)n1,CC(CN)N1CCCCC1,,Cc1cccc(NC(=O)NCC(C)N2CCCCC2)n1,A3618a,A2629a,,,,,,,A3618a,C46519
46525,157608,C[C@H](CNC(=O)Nc1cc(C(F)F)ccn1)N1CCCCC1,Formation_of_urea_from_two_amines,CC(CN)N1CCCCC1,Nc1cc(C(F)F)ccn1,,CC(CNC(=O)Nc1cc(C(F)F)ccn1)N1CCCCC1,A3618a,A2629a,,,,,,,A3618a,C46525
46545,157622,O[C@@H](CNc1nnc(-c2ccccn2)s1)CN1CCCCC1,Amine_alkylation,OC(CCl)CN1CCCCC1,Nc1nnc(-c2ccccn2)s1,,OC(CNc1nnc(-c2ccccn2)s1)CN1CCCCC1,A3618a,A2629a,,,,,,,A3618a,C46545
48075,159260,CON=CC(=O)N1CCC(Cc2cccnc2)CC1,Amidation,c1cncc(CC2CCNCC2)c1,CON=CC(=O)O,,CON=CC(=O)N1CCC(Cc2cccnc2)CC1,A2629a,A0875a,,,,,,,A0875a,C48075
66135,159323,CCCc1ncc(CNC(=O)Nc2cccnc2)o1,Isocyanate_to_urea,O=C=Nc1cccnc1,CCCc1ncc(CN)o1,,CCCc1ncc(CNC(=O)Nc2cccnc2)o1,A3897a,A3623a,,,,,,,A3897a,C66135
45999,160679,O=C(NCC1CCN(C2CCOCC2)CC1)c1ccc2c(c1)CCN2,Amidation,O=C(O)c1ccc2c(c1)CCN2,NCC1CCN(C2CCOCC2)CC1,,O=C(NCC1CCN(C2CCOCC2)CC1)c1ccc2c(c1)CCN2,A1778a,A4708a,,,,,,,A4708a,C45999
52333,160728,CC(=O)N[C@@H](C)C1CCN(CCCN2CCNCC2)CC1,Mitsunobu_reaction_with_amine_alcohol_and_thioalcohol,CC(=O)NC(C)C1CCNCC1,OCCCN1CCNCC1,,CC(=O)NC(C)C1CCN(CCCN2CCNCC2)CC1,A3986a,A0469a,A4308a,A3483a,,,,,A0469a,C52333
45943,162516,c1ccc(Sc2ccnc(N3CCCCC3)n2)nc1,S-nucleophilic_aromatic_substitution,Clc1ccnc(N2CCCCC2)n1,Sc1ccccn1,,c1ccc(Sc2ccnc(N3CCCCC3)n2)nc1,A3480a,A1068a,,,,,,,A3480a,C45943
49166,162616,CNC(=O)CC1CCN(C(=O)N(C)Cc2ccoc2)CC1,Formation_of_urea_from_two_amines,CNC(=O)CC1CCNCC1,CNCc1ccoc1,,CNC(=O)CC1CCN(C(=O)N(C)Cc2ccoc2)CC1,A0608a,A4020a,,,,,,,A4020a,C49166
45686,163189,CC(C)(C)[C@@H](CN)NC(=O)c1cnn([C@@H]2CCCNC2)c1,Amidation,O=C(O)c1cnn(C2CCCNC2)c1,CC(C)(C)C(N)CN,,CC(C)(C)C(CN)NC(=O)c1cnn(C2CCCNC2)c1,A0556a,A4020b,,,,,,,A4020b,C45686
63643,163273,O=C(NCCCn1cccn1)Nc1ncccc1C(F)(F)F,Formation_of_urea_from_two_amines,Nc1ncccc1C(F)(F)F,NCCCn1cccn1,,O=C(NCCCn1cccn1)Nc1ncccc1C(F)(F)F,A0556a,A3564a,,,,,,,A3564a,C63643
102808,165073,c1cc(-c2ccc(CNCc3ccc4cn[nH]c4c3)cc2)[nH]n1,Reductive_amination,O=Cc1ccc2cn[nH]c2c1,NCc1ccc(-c2ccn[nH]2)cc1,,c1cc(-c2ccc(CNCc3ccc4cn[nH]c4c3)cc2)[nH]n1,A0486a,A0717a,,,,,,,A0486a,C102808
2619,165537,C1CNC[C@@H]([C@H]2CCCNC2)C1,N-Boc_deprotection,CC(C)(C)OC(=O)N1CCCC(C2CCCNC2)C1,,,C1CNCC(C2CCCNC2)C1,A0875a,A4786a,,,,,,,A4786a,C2619
47013,165573,O=C(COCC[C@H]1CCCNC1)N1CCCCC1,Mitsunobu_reaction_with_amine_alcohol_and_thioalcohol,OCCC1CCCNC1,O=C(CO)N1CCCCC1,,O=C(COCCC1CCCNC1)N1CCCCC1,A0875a,A4786a,,,,,,,A4786a,C47013
47021,170310,COC[C@@H](C)OC(=O)C1CCN(S(=O)(=O)N2CCCCC2)CC1,Steglich_esterification,O=C(O)C1CCN(S(=O)(=O)N2CCCCC2)CC1,COCC(C)O,,COCC(C)OC(=O)C1CCN(S(=O)(=O)N2CCCCC2)CC1,A4706a,A0875a,,,,,,,A4706a,C47021
7420,170421,CCN(Cc1ccccn1)C(=O)c1cnc(C2CCNCC2)o1,Amidation,O=C(O)c1cnc(C2CCNCC2)o1,CCNCc1ccccn1,,CCN(Cc1ccccn1)C(=O)c1cnc(C2CCNCC2)o1,A0875a,A3436a,,,,,,,A0875a,C7420
46596,172717,CNC(=O)NC[C@H]1CCCCN1C(=O)CC[C@@H]1CCCNC1,Amidation,O=C(O)CCC1CCCNC1,CNC(=O)NCC1CCCCN1,,CNC(=O)NCC1CCCCN1C(=O)CCC1CCCNC1,A3986b,A1779a,,,,,,,A3986b,C46596
65008,172744,C[C@H](CO)NC(=O)c1cccnc1S[C@@H](C)C(=O)N1CCCC1,Amidation,CC(Sc1ncccc1C(=O)O)C(=O)N1CCCC1,CC(N)CO,,CC(CO)NC(=O)c1cccnc1SC(C)C(=O)N1CCCC1,A4421a,A1776a,A4855a,,,,,,A1776a,C65008
68883,173159,CC(C)N(Cc1cccnc1)Cc1n[nH]c2ccccc12,Reductive_amination,O=Cc1n[nH]c2ccccc12,CC(C)NCc1cccnc1,,CC(C)N(Cc1cccnc1)Cc1n[nH]c2ccccc12,A0497a,A4350a,,,,,,,A4350a,C68883
49222,173656,COC[C@H](C)CNC(=O)NC1CCN(C[C@@H]2CCCO2)CC1,Isocyanate_to_urea,NC1CCN(CC2CCCO2)CC1,COCC(C)CN=C=O,,COCC(C)CNC(=O)NC1CCN(CC2CCCO2)CC1,A4877b,A0608a,,,,,,,A4877b,C49222
65365,174704,COC(=O)c1coc(CN(C)Cc2cc[nH]n2)n1,Amine_alkylation,COC(=O)c1coc(CCl)n1,CNCc1cc[nH]n1,,COC(=O)c1coc(CN(C)Cc2cc[nH]n2)n1,A2846a,A0556a,,,,,,,A2846a,C65365
4120,177973,O=C1CC(C(=O)N2CCCC[C@H]2c2ncc[nH]2)CC(=O)N1,Amidation,c1c[nH]c(C2CCCCN2)n1,O=C1CC(C(=O)O)CC(=O)N1,,O=C1CC(C(=O)N2CCCCC2c2ncc[nH]2)CC(=O)N1,A1209a,A4786a,,,,,,,A4786a,C4120
53750,178597,O=C([C@@H](O)c1ccccc1)N1CC[C@@H](N2CCCCC2)C1,Amidation,C1CCN(C2CCNC2)CC1,O=C(O)C(O)c1ccccc1,,O=C(C(O)c1ccccc1)N1CCC(N2CCCCC2)C1,A4032b,A0875a,,,,,,,A4032b,C53750
60642,178960,C[C@H](CCc1ccccn1)NC(=O)c1ccncn1,Amidation,O=C(O)c1ccncn1,CC(N)CCc1ccccn1,,CC(CCc1ccccn1)NC(=O)c1ccncn1,A4031a,A3207a,A1146a,,,,,,A1146a,C60642
45979,180750,CC(F)(F)CN1CCC[C@H](S(=O)(=O)N2CCc3ccccc32)C1,Mitsunobu_reaction_with_amine_alcohol_and_thioalcohol,O=S(=O)(C1CCCNC1)N1CCc2ccccc21,CC(F)(F)CO,,CC(F)(F)CN1CCCC(S(=O)(=O)N2CCc3ccccc32)C1,A3868a,A1778a,,,,,,,A3868a,C45979
119723,182406,O=C(CNc1cccc2c1CCN2C(=O)C(F)(F)F)N1CCC1,Mitsunobu_reaction_with_amine_alcohol_and_thioalcohol,O=C(CO)N1CCC1,Nc1cccc2c1CCN2C(=O)C(F)(F)F,,O=C(CNc1cccc2c1CCN2C(=O)C(F)(F)F)N1CCC1,A4994a,A1778a,,,,,,,A4994a,C119723
46563,183999,O=C(CCC1CCCC1)N1CCC[C@H]([C@H]2CCCNC2)C1,Amidation,C1CNCC(C2CCCNC2)C1,O=C(O)CCC1CCCC1,,O=C(CCC1CCCC1)N1CCCC(C2CCCNC2)C1,A1775a,A4840a,,,,,,,A4840a,C46563
46686,184844,CN(CCn1ccnc1)C(=O)c1ccn([C@H]2CCCNC2)n1,Amidation,O=C(O)c1ccn(C2CCCNC2)n1,CNCCn1ccnc1,,CN(CCn1ccnc1)C(=O)c1ccn(C2CCCNC2)n1,A1180a,A0926a,,,,,,,A0926a,C46686
105126,185670,COc1ccc(CCN(C)C(=O)[C@H]2CCC(=O)NC2)cn1,Amidation,O=C1CCC(C(=O)O)CN1,CNCCc1ccc(OC)nc1,,COc1ccc(CCN(C)C(=O)C2CCC(=O)NC2)cn1,A2629a,A4029a,,,,,,,A4029a,C105126
48665,187113,O=C(CCc1ccncc1)N1CC2(CCC2)[C@H]1c1cccnc1,Amidation,c1cncc(C2NCC23CCC3)c1,O=C(O)CCc1ccncc1,,O=C(CCc1ccncc1)N1CC2(CCC2)C1c1cccnc1,A4298a,A3564a,,,,,,,A4298a,C48665
52375,189206,C1CC[C@H](COCCCN2CCC(N3CCNCC3)CC2)OC1,Amine_alkylation,C1CC(N2CCNCC2)CCN1,BrCCCOCC1CCCCO1,,C1CCC(COCCCN2CCC(N3CCNCC3)CC2)OC1,A4570a,A0469a,,,,,,,A4570a,C52375
52408,192564,C[C@H](CS(=O)(=O)Nc1cc(-c2cccnc2)n[nH]1)c1ccccc1,Formation_of_sulfonamide_from_halide_-_Shavnya_reaction,Nc1cc(-c2cccnc2)n[nH]1,CC(CBr)c1ccccc1,,CC(CS(=O)(=O)Nc1cc(-c2cccnc2)n[nH]1)c1ccccc1,A0719a,A3849a,,,,,,,A3849a,C52408
55108,193651,CN(C)C(=O)Cc1cccc(NC(=O)CCCN2CCCCC2)c1,Amidation,O=C(O)CCCN1CCCCC1,CN(C)C(=O)Cc1cccc(N)c1,,CN(C)C(=O)Cc1cccc(NC(=O)CCCN2CCCCC2)c1,A0486a,A5424b,,,,,,,A5424b,C55108
50543,193654,N#CC1CCN(C(=O)NCCCNc2ncccn2)CC1,Formation_of_urea_from_two_amines,NCCCNc1ncccn1,N#CC1CCNCC1,,N#CC1CCN(C(=O)NCCCNc2ncccn2)CC1,A1068a,A3223a,,,,,,,A3223a,C50543
55679,194799,CCOC(=O)N[C@H]1CCCN(C(=O)C[C@@H](C(F)F)n2ccnc2)C1,Amidation,O=C(O)CC(C(F)F)n1ccnc1,CCOC(=O)NC1CCCNC1,,CCOC(=O)NC1CCCN(C(=O)CC(C(F)F)n2ccnc2)C1,A3371a,A4320a,,,,,,,A4320a,C55679
50224,194822,CCNC(=O)C1CCN(C2CC=CC2)CC1,Mitsunobu_reaction_with_amine_alcohol_and_thioalcohol,CCNC(=O)C1CCNCC1,OC1CC=CC1,,CCNC(=O)C1CCN(C2CC=CC2)CC1,A3371a,A4320a,,,,,,,A3371a,C50224
50246,194859,CCNC(=O)C1CCN(C(=O)N(C)Cc2cn[nH]c2)CC1,Formation_of_urea_from_two_amines,CCNC(=O)C1CCNCC1,CNCc1cn[nH]c1,,CCNC(=O)C1CCN(C(=O)N(C)Cc2cn[nH]c2)CC1,A3371a,A4320a,,,,,,,A3371a,C50246
51172,195419,O=S(=O)(C[C@H]1CCCNC1)NCc1ccn2cnnc2c1,Formation_of_sulfonamide_from_halide_-_Shavnya_reaction,BrCC1CCCNC1,NCc1ccn2cnnc2c1,,O=S(=O)(CC1CCCNC1)NCc1ccn2cnnc2c1,A3054a,A1293a,,,,,,,A3054a,C51172
2124,198999,CCOC(=O)N[C@@H]1CCCN(C(=O)CCc2c[nH]cn2)C1,Amidation,CCOC(=O)NC1CCCNC1,O=C(O)CCc1c[nH]cn1,,CCOC(=O)NC1CCCN(C(=O)CCc2c[nH]cn2)C1,A3054a,A1180a,,,,,,,A3054a,C2124
59004,199780,O=C(N1CCC(c2ncco2)CC1)C(F)(F)C1CC1,Amidation,c1coc(C2CCNCC2)n1,O=C(O)C(F)(F)C1CC1,,O=C(N1CCC(c2ncco2)CC1)C(F)(F)C1CC1,A4374a,A3623a,,,,,,,A4374a,C59004
17883,201122,CC(=O)N1c2ccccc2C[C@H]1C(=O)N[C@@H]1CCCNC1,Amidation,NC1CCCNC1,CC(=O)N1c2ccccc2CC1C(=O)O,,CC(=O)N1c2ccccc2CC1C(=O)NC1CCCNC1,A4306a,A1778a,,,,,,,A4306a,C17883
46492,201694,O=C(CCc1nc(-c2ccccn2)no1)NC[C@@H]1CCCNC1,Amidation,NCC1CCCNC1,O=C(O)CCc1nc(-c2ccccn2)no1,,O=C(CCc1nc(-c2ccccn2)no1)NCC1CCCNC1,A2629a,A5079a,,,,,,,A5079a,C46492
47045,204972,C[C@H](NC(=O)NC[C@@H]1CCCNC1)c1ccc2ncsc2c1,Formation_of_urea_from_two_amines,NCC1CCCNC1,CC(N)c1ccc2ncsc2c1,,CC(NC(=O)NCC1CCCNC1)c1ccc2ncsc2c1,A3618a,A0514b,,,,,,,A3618a,C47045
55754,206704,O=C(CO[C@H]1CCCNC1)NC[C@H]1CCCOC1,Amidation,O=C(O)COC1CCCNC1,NCC1CCCOC1,,O=C(COC1CCCNC1)NCC1CCCOC1,A0473a,A4526a,,,,,,,A4526a,C55754
63895,208068,Fc1cnccc1NCc1cnco1,Chan-Lam_coupling_(amination),NCc1cnco1,OB(O)c1ccncc1F,,Fc1cnccc1NCc1cnco1,A3869a,A3623a,,,,,,,A3869a,C63895
124752,208197,O=C(CCCN1CCCCC1)N1CC[C@H]1c1ccccc1,Amidation,O=C(O)CCCN1CCCCC1,c1ccc(C2CCN2)cc1,,O=C(CCCN1CCCCC1)N1CCC1c1ccccc1,A4715a,A0875a,,,,,,,A0875a,C124752
46913,208838,Cc1ccc(NC(=O)NC[C@H](C)c2ccccn2)nc1,Formation_of_urea_from_two_amines,Cc1ccc(N)nc1,CC(CN)c1ccccn1,,Cc1ccc(NC(=O)NCC(C)c2ccccn2)nc1,A4298a,A3564a,,,,,,,A3564a,C46913
13618,209727,C[C@H](Sc1ccccn1)C(=O)N1c2ccncc2C[C@H]1C,Amidation,CC1Cc2cnccc2N1,CC(Sc1ccccn1)C(=O)O,,CC(Sc1ccccn1)C(=O)N1c2ccncc2CC1C,A3869a,A1776a,,,,,,,A3869a,C13618
48055,211103,CC(=O)N[C@H](C)C1CCN(C(=O)NCCc2cccnc2)CC1,Formation_of_urea_from_two_amines,CC(=O)NC(C)C1CCNCC1,NCCc1cccnc1,,CC(=O)NC(C)C1CCN(C(=O)NCCc2cccnc2)CC1,A2629a,A4336a,,,,,,,A4336a,C48055
61947,211234,Cc1nnc2n1C[C@@H](NC(=O)CCc1n[nH]c3ccccc13)CC2,Amidation,O=C(O)CCc1n[nH]c2ccccc12,Cc1nnc2n1CC(N)CC2,,Cc1nnc2n1CC(NC(=O)CCc1n[nH]c3ccccc13)CC2,A0497a,A0239a,,,,,,,A0497a,C61947
47626,213082,CC(=O)N[C@H](C)C1CCN(C(=O)[C@@H](C#N)C2CCNCC2)CC1,Ester_amidation,CC(=O)NC(C)C1CCNCC1,CCOC(=O)C(C#N)C1CCNCC1,,CC(=O)NC(C)C1CCN(C(=O)C(C#N)C2CCNCC2)CC1,A0875a,A4305a,,,,,,,A4305a,C47626
55076,213875,CN(C)C(=O)CN1CCCN(CCCN2CCCCC2)CC1,Mitsunobu_reaction_with_amine_alcohol_and_thioalcohol,CN(C)C(=O)CN1CCCNCC1,OCCCN1CCCCC1,,CN(C)C(=O)CN1CCCN(CCCN2CCCCC2)CC1,A0486a,A4274b,,,,,,,A4274b,C55076
60696,214226,CCNS(=O)(=O)c1ccc2c(c1)N(S(=O)(=O)c1cn[nH]c1)CC2,Sulfonamide_Schotten-Baumann_with_amine_(intermolecular),O=S(=O)(Cl)c1cn[nH]c1,CCNS(=O)(=O)c1ccc2c(c1)NCC2,,CCNS(=O)(=O)c1ccc2c(c1)N(S(=O)(=O)c1cn[nH]c1)CC2,A2304a,A1778a,,,,,,,A2304a,C60696
53753,214629,O=C(COc1ccccc1)N1CC[C@H](N2CCCCC2)C1,Amidation,C1CCN(C2CCNC2)CC1,O=C(O)COc1ccccc1,,O=C(COc1ccccc1)N1CCC(N2CCCCC2)C1,A1140a,A4570a,,,,,,,A4570a,C53753
69262,215118,O=C(NCC(=O)N1CCc2ccccc21)c1cnc(-c2ncccn2)s1,Amidation,O=C(O)c1cnc(-c2ncccn2)s1,NCC(=O)N1CCc2ccccc21,,O=C(NCC(=O)N1CCc2ccccc21)c1cnc(-c2ncccn2)s1,A1146a,A1778a,,,,,,,A1146a,C69262
46019,215801,CCOC(=O)[C@H]1CCCN(C(=O)c2ccc3c(c2)CCN3)C1,Amidation,O=C(O)c1ccc2c(c1)CCN2,CCOC(=O)C1CCCNC1,,CCOC(=O)C1CCCN(C(=O)c2ccc3c(c2)CCN3)C1,A4706a,A1778a,,,,,,,A4706a,C46019
2123,215907,C[C@H](N)C(=O)CN1CCC(c2c[nH]cn2)CC1,Amine_alkylation,c1nc(C2CCNCC2)c[nH]1,CC(N)C(=O)CCl,,CC(N)C(=O)CN1CCC(c2c[nH]cn2)CC1,A3371a,A3417a,,,,,,,A3417a,C2123
53762,218610,CC(C)OC(=O)N1CCC[C@@H]1C(=O)NCCN1CCCCC1,Amidation,NCCN1CCCCC1,CC(C)OC(=O)N1CCCC1C(=O)O,,CC(C)OC(=O)N1CCCC1C(=O)NCCN1CCCCC1,A3557b,A1140a,,,,,,,A3557b,C53762
21631,219398,O=C(CCn1ccnc1)N1[C@@H]2CC[C@H]1C[C@H](CCF)C2,Amidation,O=C(O)CCn1ccnc1,FCCC1CC2CCC(C1)N2,,O=C(CCn1ccnc1)N1C2CCC1CC(CCF)C2,A3371a,A4509a,,,,,,,A4509a,C21631
55892,219597,C#CCNC(=O)C1CCN(C(=O)N(C)Cc2c[nH]cn2)CC1,Formation_of_urea_from_two_amines,CNCc1c[nH]cn1,C#CCNC(=O)C1CCNCC1,,C#CCNC(=O)C1CCN(C(=O)N(C)Cc2c[nH]cn2)CC1,A3371a,A4509a,,,,,,,A4509a,C55892
46503,220340,Cc1cc(NC[C@H]2CCCNC2)ccn1,Amine_alkylation,Cc1cc(N)ccn1,BrCC1CCCNC1,,Cc1cc(NCC2CCCNC2)ccn1,A3986a,A3564a,,,,,,,A3986a,C46503
45868,223853,C[C@@H](NC(=O)CO[C@H]1CCCNC1)c1ncc(Br)cn1,Amidation,O=C(O)COC1CCCNC1,CC(N)c1ncc(Br)cn1,,CC(NC(=O)COC1CCCNC1)c1ncc(Br)cn1,A4445a,A1068a,,,,,,,A4445a,C45868
48106,224824,Cc1cn2nc(NCCCCCN3CCCCC3)ccc2n1,N-nucleophilic_aromatic_substitution,NCCCCCN1CCCCC1,Cc1cn2nc(Br)ccc2n1,,Cc1cn2nc(NCCCCCN3CCCCC3)ccc2n1,A0202a,A4274b,,,,,,,A4274b,C48106
18492,224978,O=C(CCNc1nc2ccccc2s1)N1CCN(c2ccccn2)CC1,N-nucleophilic_aromatic_substitution,NCCC(=O)N1CCN(c2ccccn2)CC1,Brc1nc2ccccc2s1,,O=C(CCNc1nc2ccccc2s1)N1CCN(c2ccccn2)CC1,A4274a,A0469a,,,,,,,A0469a,C18492
69436,225366,CC(=O)N[C@H](C)C1CCN(C(=O)NCCc2ccccn2)CC1,Formation_of_urea_from_two_amines,CC(=O)NC(C)C1CCNCC1,NCCc1ccccn1,,CC(=O)NC(C)C1CCN(C(=O)NCCc2ccccn2)CC1,A0875a,A4333a,,,,,,,A4333a,C69436
45947,226905,O=C(c1csc(C2CCNCC2)n1)N1CCc2ccccc21,Ester_amidation,c1ccc2c(c1)CCN2,CC(C)(C)OC(=O)c1csc(C2CCNCC2)n1,,O=C(c1csc(C2CCNCC2)n1)N1CCc2ccccc21,A4943b,A1778a,,,,,,,A4943b,C45947
45769,227081,O=C(N[C@@H]1CCCNC1)N1CCc2ccc(Br)cc21,Formation_of_urea_from_two_amines,NC1CCCNC1,Brc1ccc2c(c1)NCC2,,O=C(NC1CCCNC1)N1CCc2ccc(Br)cc21,A4274b,A1778a,,,,,,,A4274b,C45769
48114,227634,COc1ccc2ncc(C(=O)NCC[C@@H](C)N3CCCCC3)n2n1,Amidation,CC(CCN)N1CCCCC1,COc1ccc2ncc(C(=O)O)n2n1,,COc1ccc2ncc(C(=O)NCCC(C)N3CCCCC3)n2n1,A0202a,A4031b,,,,,,,A4031b,C48114
43016,228253,COc1ccc2c(c1)CCCN2C(=O)CO[C@H](C)Cc1ncc[nH]1,Williamson_ether_synthesis,COc1ccc2c(c1)CCCN2C(=O)CCl,CC(O)Cc1ncc[nH]1,,COc1ccc2c(c1)CCCN2C(=O)COC(C)Cc1ncc[nH]1,A0586a,A1209a,,,,,,,A1209a,C43016
72837,228781,FC(F)C(F)(F)COc1cc(NCc2cncnc2)ccn1,Reductive_amination,O=Cc1cncnc1,Nc1ccnc(OCC(F)(F)C(F)F)c1,,FC(F)C(F)(F)COc1cc(NCc2cncnc2)ccn1,A4031b,A1146a,,,,,,,A4031b,C72837
26549,229720,CN(C(=O)COC1CCNCC1)[C@@H]1CCCNC1=O,Amidation,CNC1CCCNC1=O,O=C(O)COC1CCNCC1,,CN(C(=O)COC1CCNCC1)C1CCCNC1=O,A5036a,A0875a,,,,,,,A0875a,C26549
95588,229987,C=CCN1C[C@@H](NC[C@@H](c2cccnc2)N(C)C)CCC1=O,Mitsunobu_reaction_with_amine_alcohol_and_thioalcohol,CN(C)C(CN)c1cccnc1,C=CCN1CC(O)CCC1=O,,C=CCN1CC(NCC(c2cccnc2)N(C)C)CCC1=O,A5036a,A2629a,,,,,,,A2629a,C95588
12140,230285,COC(=O)[C@H](NC(=O)[C@@H]1CNC(=O)N1C)c1cccnc1,Amidation,CN1C(=O)NCC1C(=O)O,COC(=O)C(N)c1cccnc1,,COC(=O)C(NC(=O)C1CNC(=O)N1C)c1cccnc1,A1081b,A0428a,,,,,,,A0428a,C12140
72495,231449,O=C(NCCc1cocn1)c1ccnc(OCC(F)(F)F)c1,Amidation,NCCc1cocn1,O=C(O)c1ccnc(OCC(F)(F)F)c1,,O=C(NCCc1cocn1)c1ccnc(OCC(F)(F)F)c1,A3371a,A3568a,,,,,,,A3371a,C72495
46745,232053,CC1CCN([C@H](CNC(=O)CCc2ccc(=O)[nH]c2)C(C)C)CC1,Amidation,O=C(O)CCc1ccc(=O)[nH]c1,CC1CCN(C(CN)C(C)C)CC1,,CC1CCN(C(CNC(=O)CCc2ccc(=O)[nH]c2)C(C)C)CC1,A0525a,A3194a,,,,,,,A3194a,C46745
54609,232335,C[C@@H](CN1CCCCC1)N(C)C(=O)c1cnc([C@@H]2CCOC2)s1,Amidation,O=C(O)c1cnc(C2CCOC2)s1,CNC(C)CN1CCCCC1,,CC(CN1CCCCC1)N(C)C(=O)c1cnc(C2CCOC2)s1,A3178a,A0875a,,,,,,,A0875a,C54609
96564,232398,CCN1CCC[C@H](NC(=O)c2ccc3c(c2)CCN3)C1=O,Amidation,O=C(O)c1ccc2c(c1)CCN2,CCN1CCCC(N)C1=O,,CCN1CCCC(NC(=O)c2ccc3c(c2)CCN3)C1=O,A5036a,A1778a,,,,,,,A5036a,C96564
45746,232418,C[C@@H](Sc1nc2ccccc2c(=O)n1-c1ccccc1)C(=O)N1CCCCC1,Nucleophilic_substitution_with_thiol,O=c1c2ccccc2nc(S)n1-c1ccccc1,CC(Cl)C(=O)N1CCCCC1,,CC(Sc1nc2ccccc2c(=O)n1-c1ccccc1)C(=O)N1CCCCC1,A1776a,A4368a,,,,,,,A4368a,C45746
97204,235111,O=C(NCc1ccno1)c1cn(-c2ccccc2)cn1,Amidation,O=C(O)c1cn(-c2ccccc2)cn1,NCc1ccno1,,O=C(NCc1ccno1)c1cn(-c2ccccc2)cn1,A0541a,A0309a,,,,,,,A0309a,C97204
48099,235406,O=C(NC[C@@H]1CCCNC1)c1cnc2cccnn12,Amidation,O=C(O)c1cnc2cccnn12,NCC1CCCNC1,,O=C(NCC1CCCNC1)c1cnc2cccnn12,A0202a,A4012b,,,,,,,A4012b,C48099
48069,238229,CC(=CC(=O)NCCC1CCN(C)CC1)c1cccnc1,Amidation,CN1CCC(CCN)CC1,CC(=CC(=O)O)c1cccnc1,,CC(=CC(=O)NCCC1CCN(C)CC1)c1cccnc1,A2629a,A4214b,,,,,,,A4214b,C48069
55828,242419,CC[C@@H](NC(C)C)C(=O)NCC1(N2CCCCC2)CCOCC1,Amidation,NCC1(N2CCCCC2)CCOCC1,CCC(NC(C)C)C(=O)O,,CCC(NC(C)C)C(=O)NCC1(N2CCCCC2)CCOCC1,A3706a,A0473a,,,,,,,A3706a,C55828
47453,243474,CC[C@@H](C)NC(=O)CN1CCN(CCCN2CCCCC2)CC1,Mitsunobu_reaction_with_amine_alcohol_and_thioalcohol,CCC(C)NC(=O)CN1CCNCC1,OCCCN1CCCCC1,,CCC(C)NC(=O)CN1CCN(CCCN2CCCCC2)CC1,A0469a,A4237a,,,,,,,A4237a,C47453
28778,243772,CC(=O)N[C@@](C)(C(=O)N1CCC(c2c[nH]c3ccccc23)CC1)C(C)C,Amidation,c1ccc2c(C3CCNCC3)c[nH]c2c1,CC(=O)NC(C)(C(=O)O)C(C)C,,CC(=O)NC(C)(C(=O)N1CCC(c2c[nH]c3ccccc23)CC1)C(C)C,A4784a,A3568a,,,,,,,A4784a,C28778
48060,245401,CC(=O)N[C@H](C)C1CCN(c2nc(-c3cccnc3)cs2)CC1,N-nucleophilic_aromatic_substitution,Clc1nc(-c2cccnc2)cs1,CC(=O)NC(C)C1CCNCC1,,CC(=O)NC(C)C1CCN(c2nc(-c3cccnc3)cs2)CC1,A2629a,A3986b,,,,,,,A3986b,C48060
9170,247366,O=C(N[C@H]1CC[C@H](N2CCCC2=O)CC1)[C@H](F)C1CCNCC1,Amidation,O=C(O)C(F)C1CCNCC1,NC1CCC(N2CCCC2=O)CC1,,O=C(NC1CCC(N2CCCC2=O)CC1)C(F)C1CCNCC1,A0875a,A0528a,,,,,,,A0875a,C9170
35473,248992,O=C(OCc1cn[nH]c1)[C@@H]1CC(=O)N(c2cn[nH]c2)C1,Steglich_esterification,OCc1cn[nH]c1,O=C(O)C1CC(=O)N(c2cn[nH]c2)C1,,O=C(OCc1cn[nH]c1)C1CC(=O)N(c2cn[nH]c2)C1,A3956a,A0556a,,,,,,,A3956a,C35473
75046,249733,CN(CCc1ncccn1)C(=O)c1cc(Br)c2[nH]ncc2c1,Amidation,O=C(O)c1cc(Br)c2[nH]ncc2c1,CNCCc1ncccn1,,CN(CCc1ncccn1)C(=O)c1cc(Br)c2[nH]ncc2c1,A1068b,A0497a,,,,,,,A0497a,C75046
21087,255630,O=C(COC1CCCC1)N1CC[C@H](c2ccn[nH]2)C1,Amidation,c1cc(C2CCNC2)n[nH]1,O=C(O)COC1CCCC1,,O=C(COC1CCCC1)N1CCC(c2ccn[nH]2)C1,A0717a,A3581a,,,,,,,A3581a,C21087
45975,255744,CC(C)(C#N)C(=O)N1CCC[C@@H](S(=O)(=O)N2CCc3ccccc32)C1,Amidation,O=S(=O)(C1CCCNC1)N1CCc2ccccc21,CC(C)(C#N)C(=O)O,,CC(C)(C#N)C(=O)N1CCCC(S(=O)(=O)N2CCc3ccccc32)C1,A4320a,A1778a,,,,,,,A4320a,C45975
51493,257489,CCCc1nc(C(=O)NCCN2CCCCC2)co1,Amidation,NCCN1CCCCC1,CCCc1nc(C(=O)O)co1,,CCCc1nc(C(=O)NCCN2CCCCC2)co1,A4877b,A3623a,,,,,,,A4877b,C51493
33363,257872,O=C1C[C@H](NC(=O)c2ccc(-c3cn[nH]c3)cc2)CCN1,Amidation,O=C(O)c1ccc(-c2cn[nH]c2)cc1,NC1CCNC(=O)C1,,O=C1CC(NC(=O)c2ccc(-c3cn[nH]c3)cc2)CCN1,A4563a,A0556a,,,,,,,A4563a,C33363
4100,258510,CC(=O)N[C@@H](C)C1CCN(C(=O)c2ncc[nH]2)CC1,Amidation,CC(=O)NC(C)C1CCNCC1,O=C(O)c1ncc[nH]1,,CC(=O)NC(C)C1CCN(C(=O)c2ncc[nH]2)CC1,A0875a,A1209a,,,,,,,A0875a,C4100
55900,264450,CN(C)C(=O)N1CCC(C(=O)NCCc2c[nH]cn2)CC1,Amidation,NCCc1c[nH]cn1,CN(C)C(=O)N1CCC(C(=O)O)CC1,,CN(C)C(=O)N1CCC(C(=O)NCCc2c[nH]cn2)CC1,A1180a,A4343b,,,,,,,A4343b,C55900
7530,264624,c1cncc([C@H]2CCCNC2)c1,Sp3-sp2_Suzuki_coupling,Ic1cccnc1,CC1(C)OB(C2CCCNC2)OC1(C)C,,c1cncc(C2CCCNC2)c1,A2629a,A1105b,A4836a,,,,,,A4836a,C7530
48047,264625,c1cncc(C2CCNCC2)c1,Sp3-sp2_Suzuki_coupling,Ic1cccnc1,CC1(C)OB(C2CCNCC2)OC1(C)C,,c1cncc(C2CCNCC2)c1,A2629a,A4836a,,,,,,,A4836a,C48047
50555,266503,CC(=O)N[C@@H](C)C1CCN(C(=O)C(F)(F)c2ncccn2)CC1,Amidation,CC(=O)NC(C)C1CCNCC1,O=C(O)C(F)(F)c1ncccn1,,CC(=O)NC(C)C1CCN(C(=O)C(F)(F)c2ncccn2)CC1,A0875a,A1068a,,,,,,,A0875a,C50555
27143,267612,c1cc(NCCCO[C@H]2CCOC2)nc(N2CCCCC2)n1,N-nucleophilic_aromatic_substitution,NCCCOC1CCOC1,Clc1ccnc(N2CCCCC2)n1,,c1cc(NCCCOC2CCOC2)nc(N2CCCCC2)n1,A4570a,A1146a,,,,,,,A4570a,C27143
70623,268211,C[C@@H](NC(=O)NCc1ccccc1N1CCCC1)c1ncco1,Formation_of_urea_from_two_amines,CC(N)c1ncco1,NCc1ccccc1N1CCCC1,,CC(NC(=O)NCc1ccccc1N1CCCC1)c1ncco1,A3694a,A3623a,,,,,,,A3694a,C70623
50711,269500,c1ccc2sc([C@H]3CCCN(c4cncc5ncnn45)C3)nc2c1,N-nucleophilic_aromatic_substitution,c1ccc2sc(C3CCCNC3)nc2c1,Brc1cncc2ncnn12,,c1ccc2sc(C3CCCN(c4cncc5ncnn45)C3)nc2c1,A3548a,A0514b,,,,,,,A3548a,C50711
47450,270555,CC[C@@H](C)NC(=O)CN1CCN(CC(=O)N2CCCCC2)CC1,Mitsunobu_reaction_with_amine_alcohol_and_thioalcohol,CCC(C)NC(=O)CN1CCNCC1,O=C(CO)N1CCCCC1,,CCC(C)NC(=O)CN1CCN(CC(=O)N2CCCCC2)CC1,A0469a,A3982a,,,,,,,A3982a,C47450
66538,272005,CCNC(=O)N1CCC(C(=O)N[C@@H](C)c2cn[nH]c2)CC1,Amidation,CCNC(=O)N1CCC(C(=O)O)CC1,CC(N)c1cn[nH]c1,,CCNC(=O)N1CCC(C(=O)NC(C)c2cn[nH]c2)CC1,A3618a,A3181a,,,,,,,A3181a,C66538
51268,273636,O=c1[nH]cccc1CNS(=O)(=O)[C@H]1CCCNC1,Formation_of_sulfonamide_from_halide_-_Shavnya_reaction,BrC1CCCNC1,NCc1ccc[nH]c1=O,,O=c1[nH]cccc1CNS(=O)(=O)C1CCCNC1,A0525a,A3509a,,,,,,,A3509a,C51268
45698,276638,O=C(CCCN1CCCCC1)Nc1cnn(CC(F)F)c1,Amidation,O=C(O)CCCN1CCCCC1,Nc1cnn(CC(F)F)c1,,O=C(CCCN1CCCCC1)Nc1cnn(CC(F)F)c1,A3618a,A2304a,,,,,,,A3618a,C45698
49767,278605,CC(C)c1ccc(CN(C)C(=O)C(C)(C)N2CCCCC2)cc1,Amidation,CC(C)(C(=O)O)N1CCCCC1,CNCc1ccc(C(C)C)cc1,,CC(C)c1ccc(CN(C)C(=O)C(C)(C)N2CCCCC2)cc1,A5425a,A0541a,,,,,,,A5425a,C49767
65117,279536,CN(C[C@H]1CCCS1(=O)=O)C(=O)N(C)c1ccncc1,Formation_of_urea_from_two_amines,CNc1ccncc1,CNCC1CCCS1(=O)=O,,CN(CC1CCCS1(=O)=O)C(=O)N(C)c1ccncc1,A0354a,A3229a,,,,,,,A3229a,C65117
50577,280106,CC(=O)N[C@@H](C)C1CCN(C(=O)Cc2cncnc2)CC1,Amidation,CC(=O)NC(C)C1CCNCC1,O=C(O)Cc1cncnc1,,CC(=O)NC(C)C1CCN(C(=O)Cc2cncnc2)CC1,A3223a,A1146a,,,,,,,A3223a,C50577
68683,281963,CC[C@@H](C)[C@H](NC(=O)c1ccc2c(c1)OCO2)C(=O)Nc1cccc(N2CCCC2)c1,Amidation,O=C(O)c1ccc2c(c1)OCO2,CCC(C)C(N)C(=O)Nc1cccc(N2CCCC2)c1,,CCC(C)C(NC(=O)c1ccc2c(c1)OCO2)C(=O)Nc1cccc(N2CCCC2)c1,A3621a,A0351b,,,,,,,A0351b,C68683
45718,282378,O=C(OCCNC(=O)N1CCCCC1)c1ccnn1C1CCCC1,Steglich_esterification,O=C(O)c1ccnn1C1CCCC1,O=C(NCCO)N1CCCCC1,,O=C(OCCNC(=O)N1CCCCC1)c1ccnn1C1CCCC1,A4707a,A0556a,,,,,,,A4707a,C45718
46497,285018,CN(c1ccncc1)[C@H]1CCCNC1,Amine_alkylation,CS(=O)(=O)OC1CCCNC1,CNc1ccncc1,,CN(c1ccncc1)C1CCCNC1,A3564a,A4291a,,,,,,,A4291a,C46497
47934,285879,CC(=O)N[C@H](C)C1CCN(CC(=O)NC2CCOCC2)CC1,Amine_alkylation,CC(=O)NC(C)C1CCNCC1,O=C(CCl)NC1CCOCC1,,CC(=O)NC(C)C1CCN(CC(=O)NC2CCOCC2)CC1,A0473a,A3207a,,,,,,,A3207a,C47934
47635,286942,CC(C)N(C(=O)c1nnc(C2CCNCC2)s1)C1CCNCC1,Ester_amidation,CCOC(=O)c1nnc(C2CCNCC2)s1,CC(C)NC1CCNCC1,,CC(C)N(C(=O)c1nnc(C2CCNCC2)s1)C1CCNCC1,A0875a,A4031a,,,,,,,A4031a,C47635
45621,286979,CCOC(=O)N[C@H]1CCCN(C(=O)C[C@H]2CCCNC2)C1,Amidation,O=C(O)CC1CCCNC1,CCOC(=O)NC1CCCNC1,,CCOC(=O)NC1CCCN(C(=O)CC2CCCNC2)C1,A0875a,A4650a,,,,,,,A4650a,C45621
3473,287259,CC(C)c1cc(CNC(=O)CO[C@H]2CCNC2)on1,Amidation,O=C(O)COC1CCNC1,CC(C)c1cc(CN)on1,,CC(C)c1cc(CNC(=O)COC2CCNC2)on1,A0541a,A4418a,,,,,,,A4418a,C3473
99744,288728,C[C@@H]1CCNC(=O)[C@H]1NC(=O)CSc1nnc2ccccn12,Amidation,O=C(O)CSc1nnc2ccccn12,CC1CCNC(=O)C1N,,CC1CCNC(=O)C1NC(=O)CSc1nnc2ccccn12,A4563a,A1293a,,,,,,,A1293a,C99744
59009,290115,N#CCC[C@@H]1CCCCN1CCc1ncco1,Mitsunobu_reaction_with_amine_alcohol_and_thioalcohol,OCCc1ncco1,N#CCCC1CCCCN1,,N#CCCC1CCCCN1CCc1ncco1,A4943a,A3623a,,,,,,,A4943a,C59009
50851,291888,CC(C)(C)O[C@H]1CCCN(C(=O)CCc2n[nH]c3ccccc23)C1,Amidation,O=C(O)CCc1n[nH]c2ccccc12,CC(C)(C)OC1CCCNC1,,CC(C)(C)OC1CCCN(C(=O)CCc2n[nH]c3ccccc23)C1,A0497a,A4794a,,,,,,,A4794a,C50851
119126,292336,CC(C)Cc1nsc(N[C@@H](C)CCN2CCCC2)n1,N-nucleophilic_aromatic_substitution,CC(N)CCN1CCCC1,CC(C)Cc1nsc(Cl)n1,,CC(C)Cc1nsc(NC(C)CCN2CCCC2)n1,A1140a,A4311a,,,,,,,A4311a,C119126
55819,293875,C1CCN(CCSCc2nnc(C3CCOCC3)o2)CC1,Nucleophilic_substitution_with_thiol,SCCN1CCCCC1,ClCc1nnc(C2CCOCC2)o1,,C1CCN(CCSCc2nnc(C3CCOCC3)o2)CC1,A3986a,A0473a,,,,,,,A3986a,C55819
52315,295723,O=C([C@H](O)C1CCCCC1)N1CC[C@@H](N2CCCC2)C1,Amidation,C1CCN(C2CCNC2)C1,O=C(O)C(O)C1CCCCC1,,O=C(C(O)C1CCCCC1)N1CCC(N2CCCC2)C1,A4032b,A1140a,,,,,,,A4032b,C52315
45810,295956,O=C(C[C@@H]1Cc2ccccc2N1)NCCCN1CCCCC1,Amidation,O=C(O)CC1Cc2ccccc2N1,NCCCN1CCCCC1,,O=C(CC1Cc2ccccc2N1)NCCCN1CCCCC1,A3706b,A1778a,,,,,,,A3706b,C45810
21091,298844,O=C(C1CCC(=C(F)F)CC1)N1CCC[C@@H]1c1cn[nH]c1,Amidation,c1n[nH]cc1C1CCCN1,O=C(O)C1CCC(=C(F)F)CC1,,O=C(C1CCC(=C(F)F)CC1)N1CCCC1c1cn[nH]c1,A0556a,A4855a,,,,,,,A4855a,C21091
51495,300838,c1ccc2nc(N3CCCCC3)c(NCc3cnco3)nc2c1,N-nucleophilic_aromatic_substitution,NCc1cnco1,Clc1nc2ccccc2nc1N1CCCCC1,,c1ccc2nc(N3CCCCC3)c(NCc3cnco3)nc2c1,A4274a,A3623a,,,,,,,A4274a,C51495
47038,301282,CN(C[C@@H]1CCCNC1)C(=O)CN(C)c1nc2ccccc2s1,Amidation,CNCC1CCCNC1,CN(CC(=O)O)c1nc2ccccc2s1,,CN(CC1CCCNC1)C(=O)CN(C)c1nc2ccccc2s1,A0514b,A4461a,,,,,,,A4461a,C47038
49818,304928,O=C(O)[C@@H]1CCCN(C(=O)CCN2CCCc3ccccc32)C1,Amidation,O=C(O)C1CCCNC1,O=C(O)CCN1CCCc2ccccc21,,O=C(O)C1CCCN(C(=O)CCN2CCCc3ccccc32)C1,A0586a,A3223a,,,,,,,A3223a,C49818
18151,305399,CCCS(=O)(=O)Nc1cccc(NC(=O)c2cn[nH]c2)c1,Amidation,O=C(O)c1cn[nH]c1,CCCS(=O)(=O)Nc1cccc(N)c1,,CCCS(=O)(=O)Nc1cccc(NC(=O)c2cn[nH]c2)c1,A0719a,A0556a,,,,,,,A0556a,C18151
47019,305573,CCCN1CCC[C@H](C(=O)NC[C@H](O)CN2CCCCC2)C1,Amidation,NCC(O)CN1CCCCC1,CCCN1CCCC(C(=O)O)C1,,CCCN1CCCC(C(=O)NCC(O)CN2CCCCC2)C1,A0875a,A4374a,,,,,,,A4374a,C47019
45987,306571,CN(C)S(=O)(=O)N1CCC[C@@H](S(=O)(=O)N2CCc3ccccc32)C1,Sulfonamide_Schotten-Baumann_with_amine_(intermolecular),O=S(=O)(C1CCCNC1)N1CCc2ccccc21,CN(C)S(=O)(=O)Cl,,CN(C)S(=O)(=O)N1CCCC(S(=O)(=O)N2CCc3ccccc32)C1,A4742a,A1778a,,,,,,,A4742a,C45987
3732,307224,c1ccc(-c2cn[nH]c2)nc1,Sp2-sp2_Suzuki_coupling,Ic1ccccn1,OB(O)c1cn[nH]c1,,c1ccc(-c2cn[nH]c2)nc1,A0556a,A4333a,,,,,,,A4333a,C3732
104894,307668,O=C(COC1CCC1)N1CC[C@@H](c2ccno2)C1,Amidation,c1cc(C2CCNC2)on1,O=C(O)COC1CCC1,,O=C(COC1CCC1)N1CCC(c2ccno2)C1,A0541a,A4418a,,,,,,,A4418a,C104894
99297,308240,O=C(c1cnc(C2CCNCC2)o1)N1CCCc2ccccc21,Amidation,c1ccc2c(c1)CCCN2,O=C(O)c1cnc(C2CCNCC2)o1,,O=C(c1cnc(C2CCNCC2)o1)N1CCCc2ccccc21,A0586a,A2846a,,,,,,,A2846a,C99297
47082,310029,C[C@@H](CCNCc1nc2ccc(Br)cc2s1)N1CCCCC1,Mitsunobu_reaction_with_amine_alcohol_and_thioalcohol,OCc1nc2ccc(Br)cc2s1,CC(CCN)N1CCCCC1,,CC(CCNCc1nc2ccc(Br)cc2s1)N1CCCCC1,A0514b,A5394b,,,,,,,A5394b,C47082
72721,311005,O=S(=O)(N1CCCC1)N1CCc2ccc(Br)cc21,Sulfonamide_Schotten-Baumann_with_amine_(intermolecular),Brc1ccc2c(c1)NCC2,O=S(=O)(Cl)N1CCCC1,,O=S(=O)(N1CCCC1)N1CCc2ccc(Br)cc21,A5091a,A1778a,,,,,,,A5091a,C72721
47143,311188,CCOC(=O)N[C@@H]1CCCN(CC[C@@H]2CCNC2=O)C1,Mitsunobu_reaction_with_amine_alcohol_and_thioalcohol,O=C1NCCC1CCO,CCOC(=O)NC1CCCNC1,,CCOC(=O)NC1CCCN(CCC2CCNC2=O)C1,A0528b,A4836a,,,,,,,A4836a,C47143
32955,312303,O=C(CC[C@H]1CCCNC1)NOC1CCCC1,Amidation,O=C(O)CCC1CCCNC1,NOC1CCCC1,,O=C(CCC1CCCNC1)NOC1CCCC1,A4877b,A1080a,,,,,,,A4877b,C32955
129593,312537,O=C(CC[C@H]1CCCO1)NC[C@]1(O)CCCc2ccccc21,Amidation,O=C(O)CCC1CCCO1,NCC1(O)CCCc2ccccc21,,O=C(CCC1CCCO1)NCC1(O)CCCc2ccccc21,A0239a,A0608a,,,,,,,A0239a,C129593
22516,313076,CC(C)C[C@H](C(=O)N[C@@H]1CNC(=O)C1)n1ccnc1,Amidation,NC1CNC(=O)C1,CC(C)CC(C(=O)O)n1ccnc1,,CC(C)CC(C(=O)NC1CNC(=O)C1)n1ccnc1,A3956a,A1180a,,,,,,,A1180a,C22516
51490,314134,CCCc1nc(C(=O)NCC[C@@H](C)N2CCCCC2)co1,Amidation,CC(CCN)N1CCCCC1,CCCc1nc(C(=O)O)co1,,CCCc1nc(C(=O)NCCC(C)N2CCCCC2)co1,A4463a,A3623a,,,,,,,A4463a,C51490
107313,315183,O=C(N[C@@H](CO)c1nc[nH]n1)c1cnc(C2CCNCC2)nc1,Amidation,O=C(O)c1cnc(C2CCNCC2)nc1,NC(CO)c1nc[nH]n1,,O=C(NC(CO)c1nc[nH]n1)c1cnc(C2CCNCC2)nc1,A0875a,A1146a,,,,,,,A0875a,C107313
54541,315917,CN(C[C@H]1CCOC1)[C@H]1CCCNC1,Reductive_amination,O=C1CCCNC1,CNCC1CCOC1,,CN(CC1CCOC1)C1CCCNC1,A4784a,A0608a,,,,,,,A4784a,C54541
35612,317958,O=C(Nc1ccc(-c2cc[nH]n2)cc1)c1cnc2cccnn12,Amidation,O=C(O)c1cnc2cccnn12,Nc1ccc(-c2cc[nH]n2)cc1,,O=C(Nc1ccc(-c2cc[nH]n2)cc1)c1cnc2cccnn12,A0202a,A2304a,,,,,,,A2304a,C35612
51543,318240,O=C(CC1=CCCC1)N1CCC(c2ccn[nH]2)CC1,Amidation,c1cc(C2CCNCC2)n[nH]1,O=C(O)CC1=CCCC1,,O=C(CC1=CCCC1)N1CCC(c2ccn[nH]2)CC1,A4274b,A0717a,,,,,,,A4274b,C51543
69028,324347,C[C@@H](C(=O)NCCN1CCCC1)N1CCc2ccccc21,Amidation,CC(C(=O)O)N1CCc2ccccc21,NCCN1CCCC1,,CC(C(=O)NCCN1CCCC1)N1CCc2ccccc21,A1778a,A3581a,,,,,,,A3581a,C69028
71025,324548,CCn1ncc2ccc(NC(=O)N(C)[C@@H](C)c3ccncc3)cc21,Formation_of_urea_from_two_amines,CNC(C)c1ccncc1,CCn1ncc2ccc(N)cc21,,CCn1ncc2ccc(NC(=O)N(C)C(C)c3ccncc3)cc21,A0497a,A1105b,,,,,,,A1105b,C71025
47627,325526,C[C@H](NC(=O)CC1CCNCC1)C1CCN(CC(F)(F)F)CC1,Amidation,O=C(O)CC1CCNCC1,CC(N)C1CCN(CC(F)(F)F)CC1,,CC(NC(=O)CC1CCNCC1)C1CCN(CC(F)(F)F)CC1,A0875a,A4320a,,,,,,,A4320a,C47627
76428,325930,C[C@]1(C(=O)NCCN2CCCC2=O)CCCS1(=O)=O,Amidation,NCCN1CCCC1=O,CC1(C(=O)O)CCCS1(=O)=O,,CC1(C(=O)NCCN2CCCC2=O)CCCS1(=O)=O,A0354a,A0528a,,,,,,,A0528a,C76428
76437,325934,O=C(NC[C@@H]1CCCS1(=O)=O)c1ccccc1N1CCCC1=O,Amidation,O=C(O)c1ccccc1N1CCCC1=O,NCC1CCCS1(=O)=O,,O=C(NCC1CCCS1(=O)=O)c1ccccc1N1CCCC1=O,A0354a,A0528a,,,,,,,A0528a,C76437
13655,326379,C[C@H](Sc1ccccn1)C(=O)N1CC2(CC2)CO1,Amidation,CC(Sc1ccccn1)C(=O)O,C1CC12CNOC2,,CC(Sc1ccccn1)C(=O)N1CC2(CC2)CO1,A4031b,A1778a,,,,,,,A4031b,C13655
48630,327043,CC[C@@H](NC(=O)Nc1cccc(CC(=O)OC)n1)c1cccnc1,Formation_of_urea_from_two_amines,COC(=O)Cc1cccc(N)n1,CCC(N)c1cccnc1,,CCC(NC(=O)Nc1cccc(CC(=O)OC)n1)c1cccnc1,A2629a,A4031a,,,,,,,A4031a,C48630
2409,327863,CSCCOC(C)(C)[C@@H]1CCCCN1,Mitsunobu_reaction_with_amine_alcohol_and_thioalcohol,CSCCO,CC(C)(O)C1CCCCN1,,CSCCOC(C)(C)C1CCCCN1,A1775a,A4237b,,,,,,,A4237b,C2409
5356,328262,CC(C)S(=O)(=O)[C@@H]1CCN(C(=O)C[C@@H]2CCCN2)C1,Amidation,CC(C)S(=O)(=O)C1CCNC1,O=C(O)CC1CCCN1,,CC(C)S(=O)(=O)C1CCN(C(=O)CC2CCCN2)C1,A4586a,A4708a,A1140a,A4343a,A4855a,A4333a,,,A1140a,C5356
6003,329382,C=C1CCN(C(=O)[C@@H](C)S)CC1,Amidation,CC(S)C(=O)O,C=C1CCNCC1,,C=C1CCN(C(=O)C(C)S)CC1,A3557b,A4320a,A4343b,A4418a,A3581a,A3546a,A1776a,A5079a,A1776a,C6003
9783,329978,N#CCC(=O)N[C@@H]1CCCC2(CC2)C1,Amidation,N#CCC(=O)O,NC1CCCC2(CC2)C1,,N#CCC(=O)NC1CCCC2(CC2)C1,A4874a,A0310a,A3223a,,,,,,A0310a,C9783
131861,330402,c1cc(-c2cnn([C@@H]3CCCCO3)c2)c2cn[nH]c2c1,Sp2-sp2_Suzuki_coupling,OB(O)c1cccc2[nH]ncc12,Ic1cnn(C2CCCCO2)c1,,c1cc(-c2cnn(C3CCCCO3)c2)c2cn[nH]c2c1,A3181b,A0473a,,,,,,,A3181b,C131861
1613,330608,C[C@@H](CCNC(=O)C=Cc1cocn1)[S@@+](C)[O-],Amidation,O=C(O)C=Cc1cocn1,CC(CCN)[S+](C)[O-],,CC(CCNC(=O)C=Cc1cocn1)[S+](C)[O-],A3618a,A3568a,,,,,,,A3618a,C1613
66955,331108,O=C(O)c1nccc(Sc2ncc[nH]2)n1,S-nucleophilic_aromatic_substitution,Sc1ncc[nH]1,O=C(O)c1nccc(Cl)n1,,O=C(O)c1nccc(Sc2ncc[nH]2)n1,A1180a,A1146a,,,,,,,A1146a,C66955
13863,331389,O=C(N[C@@H](CO)CN1CCCCC1)[C@@H]1CNCc2ccccc21,Amidation,NC(CO)CN1CCCCC1,O=C(O)C1CNCc2ccccc21,,O=C(NC(CO)CN1CCCCC1)C1CNCc2ccccc21,A2293a,A4806a,,,,,,,A2293a,C13863
1318,332282,C[C@@H](C(=O)NOC1CCCC1)C1CNC1,Amidation,NOC1CCCC1,CC(C(=O)O)C1CNC1,,CC(C(=O)NOC1CCCC1)C1CNC1,A4742a,A1080a,,,,,,,A4742a,C1318
1366,332313,C[C@@H](C(=O)NOC1CCCC1)[C@H]1CCN(C(=O)OC(C)(C)C)C1,Amidation,NOC1CCCC1,CC(C(=O)O)C1CCN(C(=O)OC(C)(C)C)C1,,CC(C(=O)NOC1CCCC1)C1CCN(C(=O)OC(C)(C)C)C1,A4742a,A1080a,,,,,,,A4742a,C1366
87747,332830,O=C(C[C@@H]1NCc2ccccc21)Nc1cccc2cn[nH]c12,Amidation,O=C(O)CC1NCc2ccccc21,Nc1cccc2cn[nH]c12,,O=C(CC1NCc2ccccc21)Nc1cccc2cn[nH]c12,A2293a,A3181b,,,,,,,A2293a,C87747
1384,332862,CC[C@@H](CCCC(F)(F)F)NC(=O)C[C@@H]1CCCNC1,Amidation,O=C(O)CC1CCCNC1,CCC(N)CCCC(F)(F)F,,CCC(CCCC(F)(F)F)NC(=O)CC1CCCNC1,A0486a,A3054a,,,,,,,A3054a,C1384
9910,333296,C[C@H](CC(=O)NC(C)(C)CCN1CCCC1)C(F)(F)C(F)(F)F,Amidation,CC(CC(=O)O)C(F)(F)C(F)(F)F,CC(C)(N)CCN1CCCC1,,CC(CC(=O)NC(C)(C)CCN1CCCC1)C(F)(F)C(F)(F)F,A3181a,A1140a,,,,,,,A1140a,C9910
8874,334518,CC(C)N(C(=O)C1CCc2ccccc2CC1)C1CCNCC1,Amidation,CC(C)NC1CCNCC1,O=C(O)C1CCc2ccccc2CC1,,CC(C)N(C(=O)C1CCc2ccccc2CC1)C1CCNCC1,A4456a,A1778a,,,,,,,A4456a,C8874
14093,335102,O=C1CCCC[C@@H](c2ccncc2)C1,Sp3-sp2_Suzuki_coupling,CC1(C)OB(C2CCCCC(=O)C2)OC1(C)C,Brc1ccncc1,,O=C1CCCCC(c2ccncc2)C1,A2629a,A4029a,,,,,,,A2629a,C14093
5654,335192,CC(C)[C@H](N[C@H](C)c1cccc2cn[nH]c12)C1CCC1,Reductive_amination,CC(C)C(N)C1CCC1,CC(=O)c1cccc2cn[nH]c12,,CC(NC(C(C)C)C1CCC1)c1cccc2cn[nH]c12,A3181b,A5394b,,,,,,,A5394b,C5654
1685,335491,[H]N=[S@](C)(=O)[C@H]1C[C@@H](C(=O)N[C@H](C)C2CC2)C1,Amidation,CS(=N)(=O)C1CC(C(=O)O)C1,CC(N)C1CC1,,CC(NC(=O)C1CC(S(C)(=N)=O)C1)C1CC1,A3618a,A3181a,,,,,,,A3181a,C1685
1719,335507,C[C@@H](NC(=O)c1cccc(C(N)=O)n1)C1CC1,Amidation,CC(N)C1CC1,NC(=O)c1cccc(C(=O)O)n1,,CC(NC(=O)c1cccc(C(N)=O)n1)C1CC1,A3618a,A3181a,,,,,,,A3181a,C1719
15998,335899,CCCC(=CC(=O)Nc1cccnc1)CCC,Amidation,Nc1cccnc1,CCCC(=CC(=O)O)CCC,,CCCC(=CC(=O)Nc1cccnc1)CCC,A1445a,A3920a,,,,,,,A3920a,C15998
5958,336403,CC(=O)Nc1ccc(S[C@H](C)C(=O)N2CCCNCC2)cc1,Amidation,C1CNCCNC1,CC(=O)Nc1ccc(SC(C)C(=O)O)cc1,,CC(=O)Nc1ccc(SC(C)C(=O)N2CCCNCC2)cc1,A1776a,A4320a,,,,,,,A4320a,C5958
5959,336404,CC(=O)Nc1ccc(S[C@H](C)C(=O)N2CCNCC2)cc1,Amidation,C1CNCCN1,CC(=O)Nc1ccc(SC(C)C(=O)O)cc1,,CC(=O)Nc1ccc(SC(C)C(=O)N2CCNCC2)cc1,A1776a,A4320a,,,,,,,A4320a,C5959
5539,337007,C=C1C[C@H]2CC[C@@H](C1)N2C(=O)NCC,Isocyanate_to_urea,CCN=C=O,C=C1CC2CCC(C1)N2,,C=C1CC2CCC(C1)N2C(=O)NCC,A3371a,A4343b,,,,,,,A3371a,C5539
1238,337701,O=C([C@H](F)[C@H]1CCNC1)N1CCc2cccc(C(F)(F)F)c2C1,Ester_amidation,FC(F)(F)c1cccc2c1CNCC2,CCOC(=O)C(F)C1CCNC1,,O=C(C(F)C1CCNC1)N1CCc2cccc(C(F)(F)F)c2C1,A2293a,A4306a,,,,,,,A2293a,C1238
24648,337816,NCc1nc[nH]c1C(=O)Nc1cccc2cn[nH]c12,Amidation,Nc1cccc2cn[nH]c12,NCc1nc[nH]c1C(=O)O,,NCc1nc[nH]c1C(=O)Nc1cccc2cn[nH]c12,A3181b,A1209a,,,,,,,A3181b,C24648
39872,338537,O=C(C[C@H]1CCc2ccccc21)NCCCc1nnc2ccccn12,Amidation,O=C(O)CC1CCc2ccccc21,NCCCc1nnc2ccccn12,,O=C(CC1CCc2ccccc21)NCCCc1nnc2ccccn12,A1293a,A1778a,,,,,,,A1293a,C39872
6035,338633,C[C@H](Sc1nnc(N)s1)C(=O)N1CCCC1,Nucleophilic_substitution_with_thiol,Nc1nnc(S)s1,CC(Cl)C(=O)N1CCCC1,,CC(Sc1nnc(N)s1)C(=O)N1CCCC1,A3618a,A1776a,,,,,,,A3618a,C6035
43497,339530,O=C1CC[C@@H](c2ccc(-c3ccc4c(c3)CCCN4)cc2)N1,Sp2-sp2_Suzuki_coupling,O=C1CCC(c2ccc(Br)cc2)N1,CC1(C)OB(c2ccc3c(c2)CCCN3)OC1(C)C,,O=C1CCC(c2ccc(-c3ccc4c(c3)CCCN4)cc2)N1,A3895a,A1778a,,,,,,,A1778a,C43497
20144,339797,O=C(CO[C@@H]1CCCc2ccccc21)N1CCCC1,Mitsunobu_reaction_with_amine_alcohol_and_thioalcohol,OC1CCCc2ccccc21,O=C(CO)N1CCCC1,,O=C(COC1CCCc2ccccc21)N1CCCC1,A1140a,A1778a,,,,,,,A1140a,C20144
14594,341024,CC(CO)(CO)NC(=O)Nc1ccnc(OC2CCCCC2)c1,Formation_of_urea_from_two_amines,CC(N)(CO)CO,Nc1ccnc(OC2CCCCC2)c1,,CC(CO)(CO)NC(=O)Nc1ccnc(OC2CCCCC2)c1,A0395a,A5424b,,,,,,,A5424b,C14594
8070,343053,CCN(Cc1ccccn1)C(=O)CCCCC(C)C,Amidation,CCNCc1ccccn1,CC(C)CCCCC(=O)O,,CCN(Cc1ccccn1)C(=O)CCCCC(C)C,A3181b,A1776a,A4350a,,,,,,A4350a,C8070
2418,343349,CC(C)C(=O)N(C(C)C)[C@@H]1CCCNC1,Amidation,CC(C)C(=O)O,CC(C)NC1CCCNC1,,CC(C)C(=O)N(C(C)C)C1CCCNC1,A3618a,A4237b,,,,,,,A4237b,C2418
15324,343728,c1ccc(N2CC[C@@H](NCc3cccc4[nH]ncc34)C2)nc1,Reductive_amination,O=Cc1cccc2[nH]ncc12,NC1CCN(c2ccccn2)C1,,c1ccc(N2CCC(NCc3cccc4[nH]ncc34)C2)nc1,A0497a,A1105b,,,,,,,A1105b,C15324
5996,344617,C[C@H](S)C(=O)N1CC2(CC2)C1,Amidation,CC(S)C(=O)O,C1CC12CNC2,,CC(S)C(=O)N1CC2(CC2)C1,A5394a,A1778a,,,,,,,A5394a,C5996
2911,344848,CC(=O)N[C@@H](C)C1CCN(C(=O)NC[C@]23C[C@H](CO2)C3)CC1,Formation_of_urea_from_two_amines,CC(=O)NC(C)C1CCNCC1,NCC12CC(CO1)C2,,CC(=O)NC(C)C1CCN(C(=O)NCC23CC(CO2)C3)CC1,A4320a,A0528a,,,,,,,A4320a,C2911
137292,346274,O=C(NCc1ccc2c(c1)OCO2)c1ccc(N2CCOC2=O)cc1,Amidation,NCc1ccc2c(c1)OCO2,O=C(O)c1ccc(N2CCOC2=O)cc1,,O=C(NCc1ccc2c(c1)OCO2)c1ccc(N2CCOC2=O)cc1,A0354a,A0351b,,,,,,,A0354a,C137292
8165,346856,CCCC[C@@H](CC)CNC(=O)[C@H](F)C1CCNCC1,Amidation,O=C(O)C(F)C1CCNCC1,CCCCC(CC)CN,,CCCCC(CC)CNC(=O)C(F)C1CCNCC1,A0719a,A3194a,,,,,,,A3194a,C8165
16607,347245,CN(C(=O)c1cc(-c2ccncc2)on1)[C@@H]1CCCSC1,Amidation,O=C(O)c1cc(-c2ccncc2)on1,CNC1CCCSC1,,CN(C(=O)c1cc(-c2ccncc2)on1)C1CCCSC1,A0541a,A4347a,,,,,,,A4347a,C16607
901,347823,O=C(CCc1ccc2c(c1)OCO2)Nc1ccn(C2CCC2)n1,Amidation,O=C(O)CCc1ccc2c(c1)OCO2,Nc1ccn(C2CCC2)n1,,O=C(CCc1ccc2c(c1)OCO2)Nc1ccn(C2CCC2)n1,A3483a,A0351b,,,,,,,A3483a,C901
1509,348388,O=C(NC[C@@H]1CCCN1)NC[C@H]1CCCS1(=O)=O,Formation_of_urea_from_two_amines,NCC1CCCS1(=O)=O,NCC1CCCN1,,O=C(NCC1CCCN1)NCC1CCCS1(=O)=O,A5425b,A0354a,,,,,,,A5425b,C1509
11209,348982,CON(C)CCc1ccccn1,Amine_alkylation,ClCCc1ccccn1,CNOC,,CON(C)CCc1ccccn1,A2629a,A4526a,A3975a,,,,,,A2629a,C11209
25407,349206,CCCS(=O)(=O)Nc1cccc(C(=O)N(C)Cc2ncon2)c1,Amidation,CNCc1ncon1,CCCS(=O)(=O)Nc1cccc(C(=O)O)c1,,CCCS(=O)(=O)Nc1cccc(C(=O)N(C)Cc2ncon2)c1,A1068a,A0719b,,,,,,,A0719b,C25407
92303,349405,CCNC(=O)[C@H](C)NC(=O)c1ccc(C(=O)N(CC)CC)cc1,Amidation,CCNC(=O)C(C)N,CCN(CC)C(=O)c1ccc(C(=O)O)cc1,,CCNC(=O)C(C)NC(=O)c1ccc(C(=O)N(CC)CC)cc1,A0863a,A3977a,,,,,,,A3977a,C92303
12499,349758,O=C(c1cccc2c1CCCN2)N1CCC[C@@H](c2ccncc2)C1,Amidation,c1cc(C2CCCNC2)ccn1,O=C(O)c1cccc2c1CCCN2,,O=C(c1cccc2c1CCCN2)N1CCCC(c2ccncc2)C1,A0586a,A4365a,A4333a,,,,,,A0586a,C12499
10335,349795,CN(Cc1nnc2ccccn12)C(=O)NC[C@H]1CCCCN1,Formation_of_urea_from_two_amines,CNCc1nnc2ccccn12,NCC1CCCCN1,,CN(Cc1nnc2ccccn12)C(=O)NCC1CCCCN1,A1293a,A3194a,,,,,,,A3194a,C10335
20719,352418,c1ccc(-c2nnc(NCc3ccc4cccnc4c3)s2)nc1,Reductive_amination,Nc1nnc(-c2ccccn2)s1,O=Cc1ccc2cccnc2c1,,c1ccc(-c2nnc(NCc3ccc4cccnc4c3)s2)nc1,A0514b,A3194a,,,,,,,A3194a,C20719
6258,352727,c1ccc(C2CCNCC2)nc1,Sp3-sp2_Suzuki_coupling,CC1(C)OB(C2CCNCC2)OC1(C)C,Ic1ccccn1,,c1ccc(C2CCNCC2)nc1,A4943b,A3564a,,,,,,,A3564a,C6258
875,353322,c1cc2c(cc1-c1n[nH]cc1CNC1CCCCC1)OCO2,Reductive_amination,O=Cc1c[nH]nc1-c1ccc2c(c1)OCO2,NC1CCCCC1,,c1cc2c(cc1-c1n[nH]cc1CNC1CCCCC1)OCO2,A4874a,A0351b,,,,,,,A0351b,C875
137590,353630,O=C(Cc1nsc2ccccc12)N1CCOC[C@H]1c1nc2ccccc2s1,Amidation,c1ccc2sc(C3COCCN3)nc2c1,O=C(O)Cc1nsc2ccccc12,,O=C(Cc1nsc2ccccc12)N1CCOCC1c1nc2ccccc2s1,A0486a,A0514b,,,,,,,A0514b,C137590
137594,353637,CCOc1ccc2nc(NC(=O)Cc3noc4ccccc34)sc2c1,Amidation,O=C(O)Cc1noc2ccccc12,CCOc1ccc2nc(N)sc2c1,,CCOc1ccc2nc(NC(=O)Cc3noc4ccccc34)sc2c1,A0486a,A0514b,,,,,,,A0486a,C137594
13878,354466,COCCN1CCC[C@H](NC(=O)C[C@@H]2NCc3ccccc32)C1,Amidation,O=C(O)CC1NCc2ccccc21,COCCN1CCCC(N)C1,,COCCN1CCCC(NC(=O)CC2NCc3ccccc32)C1,A2293a,A4943b,,,,,,,A2293a,C13878
8470,354565,COCCN1CCC(NC(=O)c2ccnc3c2CC(=O)N3)CC1,Amidation,O=C1Cc2c(C(=O)O)ccnc2N1,COCCN1CCC(N)CC1,,COCCN1CCC(NC(=O)c2ccnc3c2CC(=O)N3)CC1,A2513a,A4321a,,,,,,,A4321a,C8470
82633,355303,N#CCS(=O)(=O)NCc1cncs1,Sulfonamide_Schotten-Baumann_with_amine_(intermolecular),NCc1cncs1,N#CCS(=O)(=O)Cl,,N#CCS(=O)(=O)NCc1cncs1,A3306a,A0719a,,,,,,,A3306a,C82633
39011,358167,Cc1cccc(=O)n1CCCCNCc1cnc[nH]1,Reductive_amination,O=Cc1cnc[nH]1,Cc1cccc(=O)n1CCCCN,,Cc1cccc(=O)n1CCCCNCc1cnc[nH]1,A0525a,A1209a,,,,,,,A1209a,C39011
6021,358330,C[C@@H](S)C(=O)N1CC[C@H]2C[C@H]21,Amidation,CC(S)C(=O)O,C1CC2CC2N1,,CC(S)C(=O)N1CCC2CC21,A1778a,A4291a,,,,,,,A4291a,C6021
8952,358569,CC(=O)N[C@@H](C)C1CCN(C(=O)c2csc3nnsc23)CC1,Amidation,CC(=O)NC(C)C1CCNCC1,O=C(O)c1csc2nnsc12,,CC(=O)NC(C)C1CCN(C(=O)c2csc3nnsc23)CC1,A3550a,A1293a,,,,,,,A3550a,C8952
129989,359690,CCn1cccc(CNC(=O)Nc2cn3cccnc3n2)c1=O,Formation_of_urea_from_two_amines,Nc1cn2cccnc2n1,CCn1cccc(CN)c1=O,,CCn1cccc(CNC(=O)Nc2cn3cccnc3n2)c1=O,A0525a,A0202a,,,,,,,A0202a,C129989
6632,360387,CC(C)[C@@H](NS(=O)(=O)c1ccc2c(c1)OCCCO2)C(=O)Nc1ccc(N2CCCCC2)cc1,Amidation,Nc1ccc(N2CCCCC2)cc1,CC(C)C(NS(=O)(=O)c1ccc2c(c1)OCCCO2)C(=O)O,,CC(C)C(NS(=O)(=O)c1ccc2c(c1)OCCCO2)C(=O)Nc1ccc(N2CCCCC2)cc1,A4877a,A0351b,,,,,,,A4877a,C6632
7479,360702,CC(C)c1ocnc1CNS(=O)(=O)N=[S@](C)(=O)C1CCCCC1,Sulfonamide_Schotten-Baumann_with_amine_(intermolecular),CS(=O)(=NS(=O)(=O)Cl)C1CCCCC1,CC(C)c1ocnc1CN,,CC(C)c1ocnc1CNS(=O)(=O)N=S(C)(=O)C1CCCCC1,A4526a,A3623a,,,,,,,A4526a,C7479
40896,361318,C=C(Br)CS(=O)(=O)NCc1cnco1,Sulfonamide_Schotten-Baumann_with_amine_(intermolecular),NCc1cnco1,C=C(Br)CS(=O)(=O)Cl,,C=C(Br)CS(=O)(=O)NCc1cnco1,A3435a,A0719a,,,,,,,A3435a,C40896
30751,363541,O=C(CCc1cncnc1)N1CCN(c2ccncn2)CC1,Amidation,c1cc(N2CCNCC2)ncn1,O=C(O)CCc1cncnc1,,O=C(CCc1cncnc1)N1CCN(c2ccncn2)CC1,A1068b,A1068a,,,,,,,A1068b,C30751
5452,363715,O=C(N[C@H](Cc1ccccc1)c1ncco1)N1CC[C@@]12CCOC2,Formation_of_urea_from_two_amines,NC(Cc1ccccc1)c1ncco1,C1CC2(CCOC2)N1,,O=C(NC(Cc1ccccc1)c1ncco1)N1CCC12CCOC2,A3618a,A0556a,,,,,,,A3618a,C5452
8457,365055,O=C(c1ccc2c(c1)NS(=O)(=O)C2)N1CCCC[C@H]1C(F)(F)CO,Amidation,O=C(O)c1ccc2c(c1)NS(=O)(=O)C2,OCC(F)(F)C1CCCCN1,,O=C(c1ccc2c(c1)NS(=O)(=O)C2)N1CCCCC1C(F)(F)CO,A2513a,A3858b,,,,,,,A3858b,C8457
6013,365446,C[C@@H](S)C(=O)N1CC=CCC1,Amidation,CC(S)C(=O)O,C1=CCNCC1,,CC(S)C(=O)N1CC=CCC1,A4873b,A1778a,,,,,,,A4873b,C6013
6034,365462,C[C@H](Sc1nnc(N)s1)C(=O)N1CCC1,Nucleophilic_substitution_with_thiol,CC(Cl)C(=O)N1CCC1,Nc1nnc(S)s1,,CC(Sc1nnc(N)s1)C(=O)N1CCC1,A4873b,A1778a,,,,,,,A4873b,C6034
759,365853,CCC=C1CCN([C@@H]2CCCNC2)C1,Amine_alkylation,CS(=O)(=O)OC1CCCNC1,CCC=C1CCNC1,,CCC=C1CCN(C2CCCNC2)C1,A4237b,A4320a,,,,,,,A4320a,C759
87026,366157,CN(C[C@H]1CCC(=O)N1)C(=O)c1cnc2cccnn12,Amidation,O=C(O)c1cnc2cccnn12,CNCC1CCC(=O)N1,,CN(CC1CCC(=O)N1)C(=O)c1cnc2cccnn12,A0202a,A0528a,,,,,,,A0528a,C87026
2514,367026,O=C1Nc2ccc(C3CCCC3)cc2C1=O,Sp3-sp2_Suzuki_coupling,OB(O)C1CCCC1,O=C1Nc2ccc(I)cc2C1=O,,O=C1Nc2ccc(C3CCCC3)cc2C1=O,A4706a,A2513a,,,,,,,A4706a,C2514
6066,367403,CC(=O)N1c2ccccc2C[C@@H]1C(=O)N[C@H]1CCCCNC1,Amidation,CC(=O)N1c2ccccc2CC1C(=O)O,NC1CCCCNC1,,CC(=O)N1c2ccccc2CC1C(=O)NC1CCCCNC1,A4306a,A1778a,,,,,,,A4306a,C6066
7605,367793,CCCS(=O)(=O)NC1CCN(C(=O)CC[C@H]2CCCN2)CC1,Amidation,CCCS(=O)(=O)NC1CCNCC1,O=C(O)CCC1CCCN1,,CCCS(=O)(=O)NC1CCN(C(=O)CCC2CCCN2)CC1,A0719a,A4304a,,,,,,,A4304a,C7605
1349,368292,COc1ccc(CCC(=O)NOC2CCCCC2)cn1,Amidation,NOC1CCCCC1,COc1ccc(CCC(=O)O)cn1,,COc1ccc(CCC(=O)NOC2CCCCC2)cn1,A1080a,A4873b,,,,,,,A4873b,C1349
38623,368395,CN(C(=O)C(C)(C)CC(C)(C)C)[C@H]1CCC(=O)NC1,Amidation,CNC1CCC(=O)NC1,CC(C)(C)CC(C)(C)C(=O)O,,CN(C(=O)C(C)(C)CC(C)(C)C)C1CCC(=O)NC1,A4563a,A1779a,,,,,,,A4563a,C38623
29374,369676,O=C(OCc1cnccn1)c1cncc(-n2ccnc2)n1,Steglich_esterification,OCc1cnccn1,O=C(O)c1cncc(-n2ccnc2)n1,,O=C(OCc1cnccn1)c1cncc(-n2ccnc2)n1,A1068b,A0309a,,,,,,,A1068b,C29374
1414,369865,CCCC[C@@H](C)NC(=O)C1CCNCC1,Amidation,O=C(O)C1CCNCC1,CCCCC(C)N,,CCCCC(C)NC(=O)C1CCNCC1,A3181b,A4751a,A1778a,,,,,,A4751a,C1414
22202,370044,C[C@@H](NC(=O)N1C[C@H]2CC[C@H]2C1)c1cnccn1,Formation_of_urea_from_two_amines,CC(N)c1cnccn1,C1CC2CNCC12,,CC(NC(=O)N1CC2CCC2C1)c1cnccn1,A3371a,A1146a,,,,,,,A1146a,C22202
20947,370236,CC[C@@H](Cl)C(=O)NC[C@H]1CCC(=O)N1,Amidation,NCC1CCC(=O)N1,CCC(Cl)C(=O)O,,CCC(Cl)C(=O)NCC1CCC(=O)N1,A1776a,A0528a,,,,,,,A1776a,C20947
8031,370743,CC(C)(C#N)CNC(=O)c1ccccn1,Amidation,O=C(O)c1ccccn1,CC(C)(C#N)CN,,CC(C)(C#N)CNC(=O)c1ccccn1,A4274b,A1778a,,,,,,,A4274b,C8031
2306,371085,O=C(Cc1ncc[nH]1)NCC[S@@+]([O-])CC(F)(F)F,Amidation,O=C(O)Cc1ncc[nH]1,NCC[S+]([O-])CC(F)(F)F,,O=C(Cc1ncc[nH]1)NCC[S+]([O-])CC(F)(F)F,A0239a,A0309a,,,,,,,A0239a,C2306
712,371158,c1ccc(N2[C@H]3CC[C@@H]2CC3)nc1,N-nucleophilic_aromatic_substitution,Ic1ccccn1,C1CC2CCC1N2,,c1ccc(N2C3CCC2CC3)nc1,A0875a,A3194a,,,,,,,A0875a,C712
1401,371348,CC[C@H](C)N(CC)C(=O)C[C@H]1CCCNC1,Amidation,O=C(O)CC1CCCNC1,CCNC(C)CC,,CCC(C)N(CC)C(=O)CC1CCCNC1,A3181b,A4526a,,,,,,,A4526a,C1401
4781,371569,C1=C(c2cc[nH]n2)CCC1,Sp2-sp2_Suzuki_coupling,OB(O)c1cc[nH]n1,IC1=CCCC1,,C1=C(c2cc[nH]n2)CCC1,A0556a,A4012a,,,,,,,A4012a,C4781
12946,371986,O[C@@H](CCNc1ccnc(-c2ccccn2)n1)c1ccccc1,Amine_alkylation,OC(CCCl)c1ccccc1,Nc1ccnc(-c2ccccn2)n1,,OC(CCNc1ccnc(-c2ccccn2)n1)c1ccccc1,A1068a,A0428a,,,,,,,A1068a,C12946
16890,372460,CN(Cc1nnc2ccccn12)C(=O)NCc1cncs1,Formation_of_urea_from_two_amines,NCc1cncs1,CNCc1nnc2ccccn12,,CN(Cc1nnc2ccccn12)C(=O)NCc1cncs1,A1293a,A3564a,,,,,,,A3564a,C16890
13648,372624,C[C@H](Sc1nnc(-c2ccncc2)[nH]1)C(=O)c1ccco1,Nucleophilic_substitution_with_thiol,Sc1nnc(-c2ccncc2)[nH]1,CC(Br)C(=O)c1ccco1,,CC(Sc1nnc(-c2ccncc2)[nH]1)C(=O)c1ccco1,A4298a,A1778a,,,,,,,A4298a,C13648
5394,372755,C1C[C@H](N2CC3(CC3)C2)CN1,Amine_alkylation,IC1CCNC1,C1CC12CNC2,,C1CC(N2CC3(CC3)C2)CN1,A3694a,A5091a,A0875a,,,,,,A0875a,C5394
10831,373025,CC(=O)NCC[C@H]1CCCN(C(=O)CCC2CC2)C1,Amidation,O=C(O)CCC1CC1,CC(=O)NCCC1CCCNC1,,CC(=O)NCCC1CCCN(C(=O)CCC2CC2)C1,A3436a,A4445b,,,,,,,A4445b,C10831
3768,373302,CCCCCCCCCCC(=O)N1CCC(O)(c2ccn[nH]2)CC1,Amidation,OC1(c2ccn[nH]2)CCNCC1,CCCCCCCCCCC(=O)O,,CCCCCCCCCCC(=O)N1CCC(O)(c2ccn[nH]2)CC1,A0556a,A4873a,,,,,,,A4873a,C3768
93118,373434,C[C@@H](C1CC1)N(C(=O)c1cccc2cc[nH]c12)C1CC1,Amidation,O=C(O)c1cccc2cc[nH]c12,CC(NC1CC1)C1CC1,,CC(C1CC1)N(C(=O)c1cccc2cc[nH]c12)C1CC1,A3371a,A3568a,,,,,,,A3371a,C93118
1169,373477,c1cc2c(c(N3CCCCCCC3)c1)NCCC2,Buchwald-Hartwig_amination,C1CCCNCCC1,Ic1cccc2c1NCCC2,,c1cc2c(c(N3CCCCCCC3)c1)NCCC2,A3509b,A0586a,,,,,,,A3509b,C1169
899,373905,O=C(CCc1ccc2c(c1)OCO2)N[C@H]1CC[C@@H]1C1CCC1,Amidation,O=C(O)CCc1ccc2c(c1)OCO2,NC1CCC1C1CCC1,,O=C(CCc1ccc2c(c1)OCO2)NC1CCC1C1CCC1,A1140a,A0351b,,,,,,,A1140a,C899
1386,374275,CC(C)CNC(=O)C[C@@H](C)[C@H]1CCCNC1,Amidation,CC(CC(=O)O)C1CCCNC1,CC(C)CN,,CC(C)CNC(=O)CC(C)C1CCCNC1,A4237b,A1776a,,,,,,,A4237b,C1386
1391,374278,CCCCN(CCCC)C(=O)C[C@H](C)[C@H]1CCCNC1,Amidation,CCCCNCCCC,CC(CC(=O)O)C1CCCNC1,,CCCCN(CCCC)C(=O)CC(C)C1CCCNC1,A4237b,A1776a,,,,,,,A4237b,C1391
2404,375423,CC(C)=CCC[C@H](C)CC(=O)N(C(C)C)C1CCNCC1,Amidation,CC(C)NC1CCNCC1,CC(C)=CCCC(C)CC(=O)O,,CC(C)=CCCC(C)CC(=O)N(C(C)C)C1CCNCC1,A1775a,A4035a,,,,,,,A4035a,C2404
5691,376457,CC(=O)NC[C@]12CC[C@H](CC1)N2,Amidation,CC(=O)O,NCC12CCC(CC1)N2,,CC(=O)NCC12CCC(CC1)N2,A1145a,A0608a,,,,,,,A0608a,C5691
1807,376984,c1cc([C@@H]2CCCNC2)sn1,Sp3-sp2_Suzuki_coupling,CC1(C)OB(C2CCCNC2)OC1(C)C,Ic1ccns1,,c1cc(C2CCCNC2)sn1,A3194a,A3568a,,,,,,,A3194a,C1807
4560,377032,COCCn1cc(C(=O)N(C)CC2CCNCC2)ccc1=O,Amidation,COCCn1cc(C(=O)O)ccc1=O,CNCC1CCNCC1,,COCCn1cc(C(=O)N(C)CC2CCNCC2)ccc1=O,A0525a,A5091a,,,,,,,A5091a,C4560
17161,377140,Cc1cn2nc(N3CCC(c4cccnc4)CC3)ccc2n1,N-nucleophilic_aromatic_substitution,c1cncc(C2CCNCC2)c1,Cc1cn2nc(Br)ccc2n1,,Cc1cn2nc(N3CCC(c4cccnc4)CC3)ccc2n1,A0202a,A1105b,,,,,,,A1105b,C17161
88601,377339,C[C@@H](NCc1ncccn1)c1cnc2ccsc2c1,Reductive_amination,NCc1ncccn1,CC(=O)c1cnc2ccsc2c1,,CC(NCc1ncccn1)c1cnc2ccsc2c1,A0514b,A1068a,,,,,,,A1068a,C88601
13635,378090,COC[C@H]1CCCN1C(=O)[C@H](C)Sc1ccccn1,Amidation,CC(Sc1ccccn1)C(=O)O,COCC1CCCN1,,COCC1CCCN1C(=O)C(C)Sc1ccccn1,A4237a,A1778a,,,,,,,A4237a,C13635
31914,378091,C[C@H](Sc1ccccn1)C(=O)N1CCC[C@@H]1COC(F)F,Amidation,CC(Sc1ccccn1)C(=O)O,FC(F)OCC1CCCN1,,CC(Sc1ccccn1)C(=O)N1CCCC1COC(F)F,A4237a,A1778a,,,,,,,A4237a,C31914
533,378558,O=C(Cc1ccc2ncsc2c1)N1CCN(C2CCC2)CC1,Amidation,C1CC(N2CCNCC2)C1,O=C(O)Cc1ccc2ncsc2c1,,O=C(Cc1ccc2ncsc2c1)N1CCN(C2CCC2)CC1,A0514b,A5091a,,,,,,,A5091a,C533
7653,378998,CCCS(=O)(=O)N[C@H]1CC=CCC1,Sulfonamide_Schotten-Baumann_with_amine_(intermolecular),CCCS(=O)(=O)Cl,NC1CC=CCC1,,CCCS(=O)(=O)NC1CC=CCC1,A0719a,A4461a,,,,,,,A4461a,C7653
7655,379000,CCCS(=O)(=O)NC1CC2(C1)N=N2,Formation_of_sulfonamide_from_halide_-_Shavnya_reaction,CCCI,NC1CC2(C1)N=N2,,CCCS(=O)(=O)NC1CC2(C1)N=N2,A0719a,A4461a,,,,,,,A4461a,C7655
1338,379035,CN1CCCC[C@H]1CCC(=O)N(O)C1CCCC1,Amidation,ONC1CCCC1,CN1CCCCC1CCC(=O)O,,CN1CCCCC1CCC(=O)N(O)C1CCCC1,A3612a,A1080a,,,,,,,A3612a,C1338
6343,380178,CCCC[C@H](C)NC(=O)[C@@H](CC(C)C)N1CCCCC1=O,Amidation,CCCCC(C)N,CC(C)CC(C(=O)O)N1CCCCC1=O,,CCCCC(C)NC(=O)C(CC(C)C)N1CCCCC1=O,A3579a,A1778a,,,,,,,A3579a,C6343
6132,380984,C=C1CC(NC(=O)[C@H]2Cc3ccccc3N2)C1,Amidation,O=C(O)C1Cc2ccccc2N1,C=C1CC(N)C1,,C=C1CC(NC(=O)C2Cc3ccccc3N2)C1,A4214a,A1778a,,,,,,,A4214a,C6132
7634,381471,CCCS(=O)(=O)NC1CC=CC1,Sulfonamide_Schotten-Baumann_with_amine_(intermolecular),NC1CC=CC1,CCCS(=O)(=O)Cl,,CCCS(=O)(=O)NC1CC=CC1,A4321b,A0719a,,,,,,,A4321b,C7634
1353,381891,Cc1cc(CCC(=O)NOC2CCCCC2)no1,Amidation,NOC1CCCCC1,Cc1cc(CCC(=O)O)no1,,Cc1cc(CCC(=O)NOC2CCCCC2)no1,A1080a,A4012a,,,,,,,A4012a,C1353
15036,381939,N#CCCNS(=O)(=O)c1cccnc1,Sulfonamide_Schotten-Baumann_with_amine_(intermolecular),O=S(=O)(Cl)c1cccnc1,N#CCCN,,N#CCCNS(=O)(=O)c1cccnc1,A0719a,A3849a,,,,,,,A3849a,C15036
12439,382052,CNC(=O)c1cc(NCc2cccc3c2CCCN3)ccn1,Mitsunobu_reaction_with_amine_alcohol_and_thioalcohol,OCc1cccc2c1CCCN2,CNC(=O)c1cc(N)ccn1,,CNC(=O)c1cc(NCc2cccc3c2CCCN3)ccn1,A0586a,A4274b,,,,,,,A4274b,C12439
29365,382349,O=C(NC[C@H]1C[C@@H](n2cncn2)C1)C(F)=Cc1cnc[nH]1,Amidation,O=C(O)C(F)=Cc1cnc[nH]1,NCC1CC(n2cncn2)C1,,O=C(NCC1CC(n2cncn2)C1)C(F)=Cc1cnc[nH]1,A1209a,A1146a,,,,,,,A1209a,C29365
686,383367,C[C@H](NC[C@@H](n1cccn1)C(F)(F)F)c1cccc2[nH]ncc12,Petasis-borono_Mannich_reaction,CC=O,OB(O)c1cccc2[nH]ncc12,NCC(n1cccn1)C(F)(F)F,CC(NCC(n1cccn1)C(F)(F)F)c1cccc2[nH]ncc12,A0486a,A3207a,,,,,,,A3207a,C686
7499,383489,CO[C@@H](C)CNC1CCNCC1,Reductive_amination,NC1CCNCC1,COC(C)C=O,,COC(C)CNC1CCNCC1,A1445a,A3616a,,,,,,,A3616a,C7499
23517,383972,O=C(N[C@H]1C[C@H](n2ccnc2)C1)c1cnc2ncccn12,Ester_amidation,NC1CC(n2ccnc2)C1,CCOC(=O)c1cnc2ncccn12,,O=C(NC1CC(n2ccnc2)C1)c1cnc2ncccn12,A0202a,A1209a,,,,,,,A1209a,C23517
4764,384302,c1cc([C@H]2CCN2)n[nH]1,N-Boc_deprotection,CC(C)(C)OC(=O)N1CCC1c1cc[nH]n1,,,c1cc(C2CCN2)n[nH]1,A4035a,A0556a,,,,,,,A4035a,C4764
5645,384885,O=C(OCc1ccc2cn[nH]c2c1)C1=CCCCC1,Steglich_esterification,OCc1ccc2cn[nH]c2c1,O=C(O)C1=CCCCC1,,O=C(OCc1ccc2cn[nH]c2c1)C1=CCCCC1,A3181b,A4421a,,,,,,,A4421a,C5645
37776,385263,O=C1C[C@H](C(=O)Nc2cccc(-c3c[nH]cn3)c2)CCN1,Amidation,O=C1CC(C(=O)O)CCN1,Nc1cccc(-c2c[nH]cn2)c1,,O=C1CC(C(=O)Nc2cccc(-c3c[nH]cn3)c2)CCN1,A1209a,A4029a,,,,,,,A4029a,C37776
34425,386422,C[C@H]1CCc2ccccc2N1CCNC(=O)COC1CCOCC1,Amidation,O=C(O)COC1CCOCC1,CC1CCc2ccccc2N1CCN,,CC1CCc2ccccc2N1CCNC(=O)COC1CCOCC1,A0586a,A0608a,,,,,,,A0586a,C34425
2081,388144,CCOC(=O)N[C@H]1CCCN(C(=O)c2cn3c(n2)CCC3)C1,Amidation,CCOC(=O)NC1CCCNC1,O=C(O)c1cn2c(n1)CCC2,,CCOC(=O)NC1CCCN(C(=O)c2cn3c(n2)CCC3)C1,A3371a,A4445a,,,,,,,A4445a,C2081
12016,388238,C[C@H](Cc1ccccn1)NC(=O)c1ccc2c(c1)NS(=O)(=O)C2,Amidation,O=C(O)c1ccc2c(c1)NS(=O)(=O)C2,CC(N)Cc1ccccn1,,CC(Cc1ccccn1)NC(=O)c1ccc2c(c1)NS(=O)(=O)C2,A2513a,A3229a,,,,,,,A3229a,C12016
33243,388293,COCCN1C[C@@H](CNC(=O)NC[C@]23C[C@H](CCO2)C3)CC1=O,Formation_of_urea_from_two_amines,NCC12CC(CCO1)C2,COCCN1CC(CN)CC1=O,,COCCN1CC(CNC(=O)NCC23CC(CCO2)C3)CC1=O,A3956a,A0341a,,,,,,,A3956a,C33243
8920,389294,O=C(NCc1ccc2c(c1)CCCN2)NC[C@@H]1CCCNC1,Formation_of_urea_from_two_amines,NCC1CCCNC1,NCc1ccc2c(c1)CCCN2,,O=C(NCc1ccc2c(c1)CCCN2)NCC1CCCNC1,A3868a,A1778a,,,,,,,A3868a,C8920
7587,389740,CCCS(=O)(=O)N[C@@H]1CCNC1,Formation_of_sulfonamide_from_halide_-_Shavnya_reaction,NC1CCNC1,CCCI,,CCCS(=O)(=O)NC1CCNC1,A3509b,A0719a,,,,,,,A3509b,C7587
11989,389951,NC(=O)c1ccc(NC(=O)c2ccc3c(c2)NS(=O)(=O)C3)nc1,Amidation,O=C(O)c1ccc2c(c1)NS(=O)(=O)C2,NC(=O)c1ccc(N)nc1,,NC(=O)c1ccc(NC(=O)c2ccc3c(c2)NS(=O)(=O)C3)nc1,A2513a,A4274b,,,,,,,A2513a,C11989
12012,389969,C[C@@H](OC(=O)c1ccc2c(c1)NS(=O)(=O)C2)c1cccnc1,Steglich_esterification,O=C(O)c1ccc2c(c1)NS(=O)(=O)C2,CC(O)c1cccnc1,,CC(OC(=O)c1ccc2c(c1)NS(=O)(=O)C2)c1cccnc1,A2513a,A4274b,,,,,,,A4274b,C12012
8912,390195,C[C@@]1(COc2ccc3c(c2)CCCN3)CCCCN1,Mitsunobu_aryl_ether_synthesis,Oc1ccc2c(c1)CCCN2,CC1(CO)CCCCN1,,CC1(COc2ccc3c(c2)CCCN3)CCCCN1,A4461a,A1778a,,,,,,,A4461a,C8912
27918,390397,O=C(c1ccc2c(c1)CCCCN2)N1CC[C@@H](O)C1,Amidation,O=C(O)c1ccc2c(c1)CCCCN2,OC1CCNC1,,O=C(c1ccc2c(c1)CCCCN2)N1CCC(O)C1,A5091a,A1778a,,,,,,,A5091a,C27918
6036,390862,C=CCNc1nnc(S[C@H](C)C(=O)N2CCCC2)s1,Mitsunobu_reaction_with_amine_alcohol_and_thioalcohol,CC(Sc1nnc(N)s1)C(=O)N1CCCC1,C=CCO,,C=CCNc1nnc(SC(C)C(=O)N2CCCC2)s1,A1776a,A3207a,,,,,,,A3207a,C6036
3782,391136,C[C@H](NC(=O)Cc1ccn[nH]1)C1CCN(CC(F)(F)F)CC1,Amidation,O=C(O)Cc1ccn[nH]1,CC(N)C1CCN(CC(F)(F)F)CC1,,CC(NC(=O)Cc1ccn[nH]1)C1CCN(CC(F)(F)F)CC1,A0556a,A4846a,,,,,,,A4846a,C3782
10686,391416,CC(=O)N1CCN(C(=O)NCCc2cscn2)CC12CCCCC2,Formation_of_urea_from_two_amines,NCCc1cscn1,CC(=O)N1CCNCC12CCCCC2,,CC(=O)N1CCN(C(=O)NCCc2cscn2)CC12CCCCC2,A1775a,A3371a,,,,,,,A3371a,C10686
7188,391710,C[C@H](CC(=O)Nc1cccc(C(=O)N2CCCC2)c1)C(F)(F)F,Amidation,CC(CC(=O)O)C(F)(F)F,Nc1cccc(C(=O)N2CCCC2)c1,,CC(CC(=O)Nc1cccc(C(=O)N2CCCC2)c1)C(F)(F)F,A1445a,A4650a,,,,,,,A4650a,C7188
11605,392306,CC(C)CCOCC1CCN(C(=O)CCc2ccn[nH]2)CC1,Amidation,O=C(O)CCc1ccn[nH]1,CC(C)CCOCC1CCNCC1,,CC(C)CCOCC1CCN(C(=O)CCc2ccn[nH]2)CC1,A0556a,A4586a,,,,,,,A4586a,C11605
7524,394176,CSC=CC(=O)NN1CCCCC1,Amidation,NN1CCCCC1,CSC=CC(=O)O,,CSC=CC(=O)NN1CCCCC1,A1445a,A4873a,,,,,,,A4873a,C7524
4756,394213,c1cc([C@H]2CCCNCC2)n[nH]1,Sp3-sp2_Suzuki_coupling,Ic1cc[nH]n1,CC1(C)OB(C2CCCNCC2)OC1(C)C,,c1cc(C2CCCNCC2)n[nH]1,A3685a,A0556a,,,,,,,A3685a,C4756
10681,394463,CC(=O)N1CCN(C(=O)NCCc2ccncc2)CC12CCCCC2,Formation_of_urea_from_two_amines,CC(=O)N1CCNCC12CCCCC2,NCCc1ccncc1,,CC(=O)N1CCN(C(=O)NCCc2ccncc2)CC12CCCCC2,A1775a,A3392a,,,,,,,A3392a,C10681
717,395282,C=C1CCCN(c2ccccn2)C1,Chan-Lam_coupling_(amination),OB(O)c1ccccn1,C=C1CCCNC1,,C=C1CCCN(c2ccccn2)C1,A3986b,A3564a,,,,,,,A3986b,C717
7825,395428,C=CCN(C)C(=O)[C@@H](C)Cn1cccn1,Amidation,CC(Cn1cccn1)C(=O)O,C=CCNC,,C=CCN(C)C(=O)C(C)Cn1cccn1,A0541a,A0717a,,,,,,,A0541a,C7825
3542,395811,CC(C)C(=O)N(C)C[C@@H]1CCCCN1,Amidation,CC(C)C(=O)O,CNCC1CCCCN1,,CC(C)C(=O)N(C)CC1CCCCN1,A3612a,A0541a,,,,,,,A3612a,C3542
13624,396849,CC[C@@H]1C(=O)NCCN1C(=O)[C@@H](C)Sc1ccccn1,Amidation,CC(Sc1ccccn1)C(=O)O,CCC1NCCNC1=O,,CCC1C(=O)NCCN1C(=O)C(C)Sc1ccccn1,A1778a,A3229a,,,,,,,A3229a,C13624
10379,397379,C[C@@H](C(=O)Nc1ccc2nnc(C3CCC3)n2c1)n1cccc1,Amidation,Nc1ccc2nnc(C3CCC3)n2c1,CC(C(=O)O)n1cccc1,,CC(C(=O)Nc1ccc2nnc(C3CCC3)n2c1)n1cccc1,A1293a,A4333a,,,,,,,A4333a,C10379
1322,397590,CCC(=O)NOC1CCCCC1,Amidation,CCC(=O)O,NOC1CCCCC1,,CCC(=O)NOC1CCCCC1,A1080a,A4445b,,,,,,,A4445b,C1322
7092,397874,O=C(c1cccc2[nH]ncc12)N1CCC(N2CCCC2)CC1,Amidation,C1CCN(C2CCNCC2)C1,O=C(O)c1cccc2[nH]ncc12,,O=C(c1cccc2[nH]ncc12)N1CCC(N2CCCC2)CC1,A3483a,A0497a,,,,,,,A3483a,C7092
11248,398262,O=C(NCC1(c2ccccn2)CC1)c1cnnc2ccccc12,Amidation,O=C(O)c1cnnc2ccccc12,NCC1(c2ccccn2)CC1,,O=C(NCC1(c2ccccn2)CC1)c1cnnc2ccccc12,A1293a,A1105b,,,,,,,A1105b,C11248
11207,399001,C[C@@H](Cl)C(=O)N(C)c1ccncc1,Amidation,CNc1ccncc1,CC(Cl)C(=O)O,,CC(Cl)C(=O)N(C)c1ccncc1,A3207a,A1779a,,,,,,,A3207a,C11207
2040,399041,c1nc2c(n1[C@@H]1CCCNC1)CCCC2,Amine_alkylation,CS(=O)(=O)OC1CCCNC1,c1nc2c([nH]1)CCCC2,,c1nc2c(n1C1CCCNC1)CCCC2,A3371a,A4877a,,,,,,,A4877a,C2040
7839,399176,CC(C)C[C@@H](NC(=O)C=Cc1cn[nH]c1)C(F)(F)F,Amidation,O=C(O)C=Cc1cn[nH]c1,CC(C)CC(N)C(F)(F)F,,CC(C)CC(NC(=O)C=Cc1cn[nH]c1)C(F)(F)F,A3371a,A0556a,,,,,,,A3371a,C7839
5666,399812,C[C@@H](N[C@@H]1CCN(C2CCC2)C1=O)c1ccc2[nH]ncc2c1,Petasis-borono_Mannich_reaction,CC=O,OB(O)c1ccc2[nH]ncc2c1,NC1CCN(C2CCC2)C1=O,CC(NC1CCN(C2CCC2)C1=O)c1ccc2[nH]ncc2c1,A0497a,A4463a,,,,,,,A4463a,C5666
42149,400615,Cn1ccc2ccc(OC(=O)c3cn4c(n3)CCCC4)cc21,Steglich_esterification,O=C(O)c1cn2c(n1)CCCC2,Cn1ccc2ccc(O)cc21,,Cn1ccc2ccc(OC(=O)c3cn4c(n3)CCCC4)cc21,A3568a,A0309a,,,,,,,A3568a,C42149
1373,401691,N#CCN(CC#N)C(=O)CC[C@@H]1CCCCN1,Amidation,O=C(O)CCC1CCCCN1,N#CCNCC#N,,N#CCN(CC#N)C(=O)CCC1CCCCN1,A3306a,A4320a,,,,,,,A3306a,C1373
8160,402089,CC(C)CNS(=O)(=O)N1CCCCC1,Sulfonamide_Schotten-Baumann_with_amine_(intermolecular),CC(C)CN,O=S(=O)(Cl)N1CCCCC1,,CC(C)CNS(=O)(=O)N1CCCCC1,A5425b,A0719a,,,,,,,A5425b,C8160
1357,402232,C[C@@H](C(=O)NOC1CCCCC1)N1CCN(C)CC1,Amidation,NOC1CCCCC1,CC(C(=O)O)N1CCN(C)CC1,,CC(C(=O)NOC1CCCCC1)N1CCN(C)CC1,A3869a,A1080a,,,,,,,A3869a,C1357
7182,402697,Cc1cc(NC(=O)C[C@@H](C)C(F)(F)F)nn1C1CCCCC1,Amidation,CC(CC(=O)O)C(F)(F)F,Cc1cc(N)nn1C1CCCCC1,,Cc1cc(NC(=O)CC(C)C(F)(F)F)nn1C1CCCCC1,A1445a,A4343b,,,,,,,A4343b,C7182
10683,402927,CC(=O)N1CCN(C(=O)NCCc2cccs2)CC12CCCCC2,Isocyanate_to_urea,CC(=O)N1CCNCC12CCCCC2,O=C=NCCc1cccs1,,CC(=O)N1CCN(C(=O)NCCc2cccs2)CC12CCCCC2,A3568a,A1779a,,,,,,,A1779a,C10683
40319,403450,O=C(NCCc1nc[nH]c1Br)c1ccc2c(c1)NCC2,Amidation,O=C(O)c1ccc2c(c1)NCC2,NCCc1nc[nH]c1Br,,O=C(NCCc1nc[nH]c1Br)c1ccc2c(c1)NCC2,A0586a,A1180a,,,,,,,A1180a,C40319
7443,403534,c1coc(N2CCCC3(CC2)CC3)n1,N-nucleophilic_aromatic_substitution,C1CNCCC2(C1)CC2,Brc1ncco1,,c1coc(N2CCCC3(CC2)CC3)n1,A0875a,A3623a,,,,,,,A0875a,C7443
8155,404007,CC=CC=CCNS(=O)(=O)N1CCCCC1,Sulfonamide_Schotten-Baumann_with_amine_(intermolecular),O=S(=O)(Cl)N1CCCCC1,CC=CC=CCN,,CC=CC=CCNS(=O)(=O)N1CCCCC1,A0719a,A4524a,,,,,,,A4524a,C8155
44440,404973,Cn1ccc2ccc(CNC(=O)NC[C@H]3CCNC(=O)C3)cc21,Formation_of_urea_from_two_amines,NCC1CCNC(=O)C1,Cn1ccc2ccc(CN)cc21,,Cn1ccc2ccc(CNC(=O)NCC3CCNC(=O)C3)cc21,A3568a,A0341a,,,,,,,A3568a,C44440
733,406656,c1ccc(N2CC[C@@H]3C[C@@H]3C2)nc1,N-nucleophilic_aromatic_substitution,Ic1ccccn1,C1CC2CC2CN1,,c1ccc(N2CCC3CC3C2)nc1,A2629a,A4305a,,,,,,,A4305a,C733
1419,406831,C=C[C@H](CC)CC(=O)NC[C@@H]1CCCCN1,Amidation,NCC1CCCCN1,C=CC(CC)CC(=O)O,,C=CC(CC)CC(=O)NCC1CCCCN1,A0486a,A4331b,,,,,,,A4331b,C1419
1602,407073,CC[C@@H](CC(=O)N[C@@H](C)c1ncco1)C(C)(C)C,Amidation,CC(N)c1ncco1,CCC(CC(=O)O)C(C)(C)C,,CCC(CC(=O)NC(C)c1ncco1)C(C)(C)C,A3436a,A3623a,,,,,,,A3436a,C1602
1603,407074,CCCCN(CC)C(=O)c1cnco1,Amidation,O=C(O)c1cnco1,CCCCNCC,,CCCCN(CC)C(=O)c1cnco1,A3436a,A3623a,,,,,,,A3436a,C1603
2378,407172,CC[C@@H](C)OC[C@@H]1CCCCN1,Mitsunobu_reaction_with_amine_alcohol_and_thioalcohol,OCC1CCCCN1,CCC(C)O,,CCC(C)OCC1CCCCN1,A3483a,A1779a,,,,,,,A3483a,C2378
31867,407398,O=C1CCC[C@@H](OC(=O)C[C@H](C(F)F)n2ccnc2)CN1,Steglich_esterification,O=C(O)CC(C(F)F)n1ccnc1,O=C1CCCC(O)CN1,,O=C1CCCC(OC(=O)CC(C(F)F)n2ccnc2)CN1,A1209a,A4029a,,,,,,,A1209a,C31867
33915,407763,N#Cc1cncc(CC(=O)NCc2ccc3c(c2)CCCN3)c1,Amidation,NCc1ccc2c(c1)CCCN2,N#Cc1cncc(CC(=O)O)c1,,N#Cc1cncc(CC(=O)NCc2ccc3c(c2)CCCN3)c1,A3201a,A1778a,,,,,,,A3201a,C33915
8064,408006,CC(C)[C@@H](SCC(C)(C)C)C(=O)NCc1cccnc1,Nucleophilic_substitution_with_thiol,CC(C)C(Br)C(=O)NCc1cccnc1,CC(C)(C)CS,,CC(C)C(SCC(C)(C)C)C(=O)NCc1cccnc1,A2629a,A3392a,,,,,,,A2629a,C8064
26592,408150,C[C@@H](COCc1ccccc1)NC(=O)c1ccccn1,Amidation,O=C(O)c1ccccn1,CC(N)COCc1ccccc1,,CC(COCc1ccccc1)NC(=O)c1ccccn1,A2629a,A3176a,,,,,,,A3176a,C26592
26601,408163,COC[C@@H](C)NC(=O)c1c(-c2ccncc2)noc1C,Amidation,COCC(C)N,Cc1onc(-c2ccncc2)c1C(=O)O,,COCC(C)NC(=O)c1c(-c2ccncc2)noc1C,A2629a,A3176a,,,,,,,A2629a,C26601
760,408442,C1CN(C2CCNCC2)CC2(C1)CC2,Amine_alkylation,IC1CCNCC1,C1CNCC2(C1)CC2,,C1CN(C2CCNCC2)CC2(C1)CC2,A0875a,A4445b,,,,,,,A4445b,C760
8054,409265,CCC[C@@H](NC(=O)c1ccncc1)C(C)(C)C,Amidation,O=C(O)c1ccncc1,CCCC(N)C(C)(C)C,,CCCC(NC(=O)c1ccncc1)C(C)(C)C,A1776a,A3207a,,,,,,,A3207a,C8054
8059,409266,CSCCCCCNC(=O)c1ccncc1,Amidation,O=C(O)c1ccncc1,CSCCCCCN,,CSCCCCCNC(=O)c1ccncc1,A1776a,A3207a,,,,,,,A3207a,C8059
21294,409402,O=C(NCc1nnc2ccc(Cl)cn12)c1nsc2ccccc12,Amidation,O=C(O)c1nsc2ccccc12,NCc1nnc2ccc(Cl)cn12,,O=C(NCc1nnc2ccc(Cl)cn12)c1nsc2ccccc12,A0486a,A1293a,,,,,,,A0486a,C21294
29031,409649,CN(C)Cc1nc(CNS(=O)(=O)c2cnc3sccc3c2)co1,Sulfonamide_Schotten-Baumann_with_amine_(intermolecular),O=S(=O)(Cl)c1cnc2sccc2c1,CN(C)Cc1nc(CN)co1,,CN(C)Cc1nc(CNS(=O)(=O)c2cnc3sccc3c2)co1,A0514b,A3568a,,,,,,,A3568a,C29031
8468,409772,COCCN1CCC(CNC(=O)c2ccnc3c2CC(=O)N3)CC1,Amidation,O=C1Cc2c(C(=O)O)ccnc2N1,COCCN1CCC(CN)CC1,,COCCN1CCC(CNC(=O)c2ccnc3c2CC(=O)N3)CC1,A2513a,A3417a,,,,,,,A3417a,C8468
8891,410174,CCOC(=O)N[C@H]1CCCN(C(=O)c2ccc3c(c2)CCCN3)C1,Amidation,CCOC(=O)NC1CCCNC1,O=C(O)c1ccc2c(c1)CCCN2,,CCOC(=O)NC1CCCN(C(=O)c2ccc3c(c2)CCCN3)C1,A3858a,A1778a,,,,,,,A3858a,C8891
9987,410294,C[C@H](C(=O)N1CCC(OCCCN(C)C)CC1)[C@@H]1CCC(=O)N1,Amidation,CN(C)CCCOC1CCNCC1,CC(C(=O)O)C1CCC(=O)N1,,CC(C(=O)N1CCC(OCCCN(C)C)CC1)C1CCC(=O)N1,A4445a,A0528a,,,,,,,A4445a,C9987
8861,410898,C[C@H](NC(=O)C[C@@H]1CCCc2ccccc21)C1CCN(C)CC1,Amidation,O=C(O)CC1CCCc2ccccc21,CC(N)C1CCN(C)CC1,,CC(NC(=O)CC1CCCc2ccccc21)C1CCN(C)CC1,A4020a,A1778a,,,,,,,A4020a,C8861
22847,411246,O=C1CSC[C@H](C(=O)Nc2cnn(C3CCCC3)c2)N1,Amidation,O=C1CSCC(C(=O)O)N1,Nc1cnn(C2CCCC2)c1,,O=C1CSCC(C(=O)Nc2cnn(C3CCCC3)c2)N1,A0341a,A0717a,,,,,,,A0341a,C22847
15735,411746,O=C(COc1ccc(F)cn1)Nc1cn2cccnc2n1,Amidation,Nc1cn2cccnc2n1,O=C(O)COc1ccc(F)cn1,,O=C(COc1ccc(F)cn1)Nc1cn2cccnc2n1,A0202a,A1105b,,,,,,,A1105b,C15735
795,411933,C1=CCN(C2CCNCC2)C1,Amine_alkylation,C1=CCNC1,BrC1CCNCC1,,C1=CCN(C2CCNCC2)C1,A0875a,A4368a,,,,,,,A4368a,C795
1404,412778,CCCCN(CCCC)C(=O)N(C)C1CCNCC1,Formation_of_urea_from_two_amines,CCCCNCCCC,CNC1CCNCC1,,CCCCN(CCCC)C(=O)N(C)C1CCNCC1,A4035b,A1778a,,,,,,,A4035b,C1404
13636,413601,COC[C@@H]1CN(C(=O)[C@@H](C)Sc2ccccn2)CCO1,Amidation,CC(Sc1ccccn1)C(=O)O,COCC1CNCCO1,,COCC1CN(C(=O)C(C)Sc2ccccn2)CCO1,A4874a,A1776a,,,,,,,A4874a,C13636
8878,414153,C[C@H](CC(=O)N1CCc2ccccc2C1)C1CCNCC1,Amidation,CC(CC(=O)O)C1CCNCC1,c1ccc2c(c1)CCNC2,,CC(CC(=O)N1CCc2ccccc2C1)C1CCNCC1,A4237a,A1778a,,,,,,,A4237a,C8878
8906,414675,C[C@H]1CCCCN1C(=O)NCc1ccc2c(c1)CCCN2,Formation_of_urea_from_two_amines,CC1CCCCN1,NCc1ccc2c(c1)CCCN2,,CC1CCCCN1C(=O)NCc1ccc2c(c1)CCCN2,A4943b,A1778a,,,,,,,A4943b,C8906
15369,414779,COCCN1CC[C@H](NC(=O)C[C@H](C)C(F)(F)F)C1,Amidation,CC(CC(=O)O)C(F)(F)F,COCCN1CCC(N)C1,,COCCN1CCC(NC(=O)CC(C)C(F)(F)F)C1,A1445a,A4445b,,,,,,,A4445b,C15369
4708,415458,C=C1CCN(C(=O)CC)C1,Amidation,CCC(=O)O,C=C1CCNC1,,C=C1CCN(C(=O)CC)C1,A1775a,A4701a,,,,,,,A4701a,C4708
7185,416028,C[C@H](CC(=O)Nc1cc(Br)ccc1N1CCCC1)C(F)(F)F,Amidation,CC(CC(=O)O)C(F)(F)F,Nc1cc(Br)ccc1N1CCCC1,,CC(CC(=O)Nc1cc(Br)ccc1N1CCCC1)C(F)(F)F,A1445a,A4445a,,,,,,,A4445a,C7185
12411,416044,c1ccc(-c2nnc(N[C@@H]3CCc4ccccc4C3)s2)nc1,N-nucleophilic_aromatic_substitution,Clc1nnc(-c2ccccn2)s1,NC1CCc2ccccc2C1,,c1ccc(-c2nnc(NC3CCc4ccccc4C3)s2)nc1,A1778a,A3564a,,,,,,,A3564a,C12411
83456,417711,CCC(CC)[C@@H](CCNC(=O)c1cn[nH]c1)OC,Amidation,O=C(O)c1cn[nH]c1,CCC(CC)C(CCN)OC,,CCC(CC)C(CCNC(=O)c1cn[nH]c1)OC,A0556a,A3176a,,,,,,,A3176a,C83456
8486,417896,CCCN1CCC(CNC(=O)c2ccnc3c2CC(=O)N3)CC1,Amidation,O=C1Cc2c(C(=O)O)ccnc2N1,CCCN1CCC(CN)CC1,,CCCN1CCC(CNC(=O)c2ccnc3c2CC(=O)N3)CC1,A2513a,A3557a,,,,,,,A3557a,C8486
1360,418119,C[C@H](C(=O)NOC1CCCC1)c1ccccc1C(F)(F)F,Amidation,NOC1CCCC1,CC(C(=O)O)c1ccccc1C(F)(F)F,,CC(C(=O)NOC1CCCC1)c1ccccc1C(F)(F)F,A1080a,A4320a,,,,,,,A4320a,C1360
1359,418556,C[C@H](C(=O)NOC1CCC1)n1ccc(C(F)(F)F)n1,Amidation,NOC1CCC1,CC(C(=O)O)n1ccc(C(F)(F)F)n1,,CC(C(=O)NOC1CCC1)n1ccc(C(F)(F)F)n1,A1080a,A5427a,,,,,,,A5427a,C1359
1786,418919,c1ncc(C2CCNCC2)s1,Sp3-sp2_Suzuki_coupling,CC1(C)OB(C2CCNCC2)OC1(C)C,Ic1cncs1,,c1ncc(C2CCNCC2)s1,A0556a,A3858b,,,,,,,A3858b,C1786
4106,419189,O[C@@H](c1ncc[nH]1)C1CCN(c2cncc3ncnn23)CC1,N-nucleophilic_aromatic_substitution,Brc1cncc2ncnn12,OC(c1ncc[nH]1)C1CCNCC1,,OC(c1ncc[nH]1)C1CCN(c2cncc3ncnn23)CC1,A3371a,A4311a,,,,,,,A4311a,C4106
3758,419235,c1cc([C@@H]2CCCCN2)[nH]n1,N-Boc_deprotection,CC(C)(C)OC(=O)N1CCCCC1c1ccn[nH]1,,,c1cc(C2CCCCN2)[nH]n1,A4877b,A0556a,,,,,,,A4877b,C3758
2609,420165,C1CNC[C@@H](C2CNC2)C1,N-Boc_deprotection,CC(C)(C)OC(=O)N1CC(C2CCCNC2)C1,,,C1CNCC(C2CNC2)C1,A0875a,A3417a,,,,,,,A3417a,C2609
79657,420453,CCc1cccc2sc(NC(=O)[C@H](O)c3c[nH]cn3)nc12,Amidation,O=C(O)C(O)c1c[nH]cn1,CCc1cccc2sc(N)nc12,,CCc1cccc2sc(NC(=O)C(O)c3c[nH]cn3)nc12,A0514b,A0309a,,,,,,,A0309a,C79657
84716,420481,O=C(Cc1cnc2ccccc2c1)N1CCC[C@H](N2CCNC2=O)C1,Amidation,O=C1NCCN1C1CCCNC1,O=C(O)Cc1cnc2ccccc2c1,,O=C(Cc1cnc2ccccc2c1)N1CCCC(N2CCNC2=O)C1,A0514b,A1081b,,,,,,,A0514b,C84716
82790,420749,O=S1(=O)Cc2c(cccc2-c2cnc(-c3ccccc3)o2)N1,Sp2-sp2_Suzuki_coupling,O=S1(=O)Cc2c(Br)cccc2N1,CC1(C)OB(c2cnc(-c3ccccc3)o2)OC1(C)C,,O=S1(=O)Cc2c(cccc2-c2cnc(-c3ccccc3)o2)N1,A3435a,A2513a,A2846a,,,,,,A2513a,C82790
6131,420811,O=C(N[C@]12CCC[C@H]1CCC2)[C@@H]1Cc2ccccc2N1,Ester_amidation,NC12CCCC1CCC2,CC(C)(C)OC(=O)C1Cc2ccccc2N1,,O=C(NC12CCCC1CCC2)C1Cc2ccccc2N1,A3982a,A1778a,,,,,,,A3982a,C6131
7596,421273,CCCS(=O)(=O)NC1CCNCC1,Formation_of_sulfonamide_from_halide_-_Shavnya_reaction,CCCI,NC1CCNCC1,,CCCS(=O)(=O)NC1CCNCC1,A0719a,A3509a,,,,,,,A3509a,C7596
7644,421299,CCCS(=O)(=O)N[C@@H]1C=CCCC1,Sulfonamide_Schotten-Baumann_with_amine_(intermolecular),CCCS(=O)(=O)Cl,NC1C=CCCC1,,CCCS(=O)(=O)NC1C=CCCC1,A0719a,A3509a,,,,,,,A3509a,C7644
7660,421310,CCCS(=O)(=O)N[C@H]1CCCSC1,Sulfonamide_Schotten-Baumann_with_amine_(intermolecular),CCCS(=O)(=O)Cl,NC1CCCSC1,,CCCS(=O)(=O)NC1CCCSC1,A0719a,A3509a,,,,,,,A3509a,C7660
14910,421374,O=C1CS[C@H](C(=O)N2CCN(CCOCCO)CC2)C1,Amidation,OCCOCCN1CCNCC1,O=C1CSC(C(=O)O)C1,,O=C1CSC(C(=O)N2CCN(CCOCCO)CC2)C1,A3895a,A0469a,,,,,,,A0469a,C14910
5954,421405,C[C@@H](Sc1ccccn1)C(=O)N1CCCNCC1,Amidation,CC(Sc1ccccn1)C(=O)O,C1CNCCNC1,,CC(Sc1ccccn1)C(=O)N1CCCNCC1,A3207a,A1778a,,,,,,,A3207a,C5954
5967,421414,C[C@@H](Sc1ccc(Cl)cc1)C(=O)N1CCCNCC1,Amidation,CC(Sc1ccc(Cl)cc1)C(=O)O,C1CNCCNC1,,CC(Sc1ccc(Cl)cc1)C(=O)N1CCCNCC1,A3207a,A1778a,,,,,,,A3207a,C5967
22220,422808,C[C@H](C1CC1)N(C(=O)c1cnccn1)c1ccccc1,Amidation,O=C(O)c1cnccn1,CC(Nc1ccccc1)C1CC1,,CC(C1CC1)N(C(=O)c1cnccn1)c1ccccc1,A3181b,A1068a,,,,,,,A3181b,C22220
32415,422828,CCCc1n[nH]c2ccc(C(=O)NCc3ccncn3)cc12,Amidation,NCc1ccncn1,CCCc1n[nH]c2ccc(C(=O)O)cc12,,CCCc1n[nH]c2ccc(C(=O)NCc3ccncn3)cc12,A3181b,A1068a,,,,,,,A1068a,C32415
6060,422887,O=C(Nc1ncc([C@H]2CCCCN2)cn1)[C@H]1Cc2ccccc2N1,Amidation,O=C(O)C1Cc2ccccc2N1,Nc1ncc(C2CCCCN2)cn1,,O=C(Nc1ncc(C2CCCCN2)cn1)C1Cc2ccccc2N1,A4675a,A1778a,,,,,,,A4675a,C6060
7141,423177,C[C@H](CC(=O)N[C@@H]1CCCC12CC2)C(F)(F)F,Amidation,CC(CC(=O)O)C(F)(F)F,NC1CCCC12CC2,,CC(CC(=O)NC1CCCC12CC2)C(F)(F)F,A3509b,A1445a,,,,,,,A3509b,C7141
13629,423431,C[C@H](Sc1ccccn1)C(=O)N1CCCCc2c(O)cccc21,Amidation,CC(Sc1ccccn1)C(=O)O,Oc1cccc2c1CCCCN2,,CC(Sc1ccccn1)C(=O)N1CCCCc2c(O)cccc21,A2846a,A1778a,,,,,,,A2846a,C13629
10571,423495,CC(=O)NCC1CCN(C(=O)[C@@H](C)Sc2ccccn2)CC1,Amidation,CC(=O)NCC1CCNCC1,CC(Sc1ccccn1)C(=O)O,,CC(=O)NCC1CCN(C(=O)C(C)Sc2ccccn2)CC1,A2846a,A1778a,,,,,,,A2846a,C10571
39794,424174,CN(C)C(=O)CN1CCC[C@H](NC(=O)C2CCOCC2)C1=O,Amidation,O=C(O)C1CCOCC1,CN(C)C(=O)CN1CCCC(N)C1=O,,CN(C)C(=O)CN1CCCC(NC(=O)C2CCOCC2)C1=O,A0486a,A0608a,,,,,,,A0608a,C39794
12436,424936,C[C@H](c1ccncc1)N(C)S(=O)(=O)c1cccc2c1CCN2,Formation_of_sulfonamide_from_halide_-_Shavnya_reaction,CNC(C)c1ccncc1,Brc1cccc2c1CCN2,,CC(c1ccncc1)N(C)S(=O)(=O)c1cccc2c1CCN2,A4274a,A0586a,,,,,,,A4274a,C12436
8041,425720,C[C@@H](CC(F)(F)F)NC(=O)C(F)(F)c1ccncc1,Amidation,O=C(O)C(F)(F)c1ccncc1,CC(N)CC(F)(F)F,,CC(CC(F)(F)F)NC(=O)C(F)(F)c1ccncc1,A1778a,A3229a,,,,,,,A3229a,C8041
2390,428211,CCON(C[C@H]1CCCNC1)C(C)C,Amine_alkylation,ClCC1CCCNC1,CCONC(C)C,,CCON(CC1CCCNC1)C(C)C,A1775a,A4374b,,,,,,,A4374b,C2390
43738,429255,Cc1cn2nc(NC(=O)N[C@H]3CCc4ccccc43)ccc2n1,Isocyanate_to_urea,O=C=NC1CCc2ccccc21,Cc1cn2nc(N)ccc2n1,,Cc1cn2nc(NC(=O)NC3CCc4ccccc43)ccc2n1,A0202a,A1778a,,,,,,,A0202a,C43738
23295,429295,C[C@@H](CC(F)(F)F)NC(=O)c1cnc2cccnn12,Amidation,O=C(O)c1cnc2cccnn12,CC(N)CC(F)(F)F,,CC(CC(F)(F)F)NC(=O)c1cnc2cccnn12,A0202a,A1778a,,,,,,,A0202a,C23295
12320,429396,CCCS(=O)(=O)Nc1ccsn1,Formation_of_sulfonamide_from_halide_-_Shavnya_reaction,CCCI,Nc1ccsn1,,CCCS(=O)(=O)Nc1ccsn1,A0719a,A3436a,,,,,,,A3436a,C12320
12352,429416,CCCS(=O)(=O)NC1CCN(C(=O)[C@@H](F)n2cccn2)CC1,Amidation,CCCS(=O)(=O)NC1CCNCC1,O=C(O)C(F)n1cccn1,,CCCS(=O)(=O)NC1CCN(C(=O)C(F)n2cccn2)CC1,A0719a,A3436a,,,,,,,A3436a,C12352
5169,430007,C1CC(N2CCNCC2)CCN1,Amine_alkylation,C1CNCCN1,BrC1CCNCC1,,C1CC(N2CCNCC2)CCN1,A0875a,A4331b,,,,,,,A4331b,C5169
86181,430345,CC(C)(CNS(=O)(=O)c1cnc2cccnn12)C(F)(F)F,Formation_of_sulfonamide_from_halide_-_Shavnya_reaction,Brc1cnc2cccnn12,CC(C)(CN)C(F)(F)F,,CC(C)(CNS(=O)(=O)c1cnc2cccnn12)C(F)(F)F,A0202a,A0719a,,,,,,,A0202a,C86181
8923,431132,CCSCC1CCN(C(=O)c2ccc3c(c2)CCCCN3)CC1,Amidation,O=C(O)c1ccc2c(c1)CCCCN2,CCSCC1CCNCC1,,CCSCC1CCN(C(=O)c2ccc3c(c2)CCCCN3)CC1,A4526a,A1778a,,,,,,,A4526a,C8923
16455,432032,CC[C@H](Br)C(=O)N(C)CCn1cccn1,Amidation,CNCCn1cccn1,CCC(Br)C(=O)O,,CCC(Br)C(=O)N(C)CCn1cccn1,A3436a,A0717a,,,,,,,A3436a,C16455
7045,432494,CCCCCCC(=O)NC[C@@H](C)N1CCCCC1,Amidation,CC(CN)N1CCCCC1,CCCCCCC(=O)O,,CCCCCCC(=O)NCC(C)N1CCCCC1,A4706a,A3392a,,,,,,,A3392a,C7045
13816,432588,CCC(=O)N1CC[C@H](C(=O)N[C@@H]2CNCCc3ccccc32)C1,Amidation,NC1CNCCc2ccccc21,CCC(=O)N1CCC(C(=O)O)C1,,CCC(=O)N1CCC(C(=O)NC2CNCCc3ccccc32)C1,A2293a,A1140a,,,,,,,A1140a,C13816
6181,432789,CC[C@H](C)NC(=O)CN1CCN(C(=O)NC2CCNCC2)CC1,Formation_of_urea_from_two_amines,CCC(C)NC(=O)CN1CCNCC1,NC1CCNCC1,,CCC(C)NC(=O)CN1CCN(C(=O)NC2CCNCC2)CC1,A5091a,A0469a,,,,,,,A5091a,C6181
6187,434779,CC(C)(C)CCN1CCN(CCC(=O)N2CCNCC2)CC1,Mitsunobu_reaction_with_amine_alcohol_and_thioalcohol,O=C(CCO)N1CCNCC1,CC(C)(C)CCN1CCNCC1,,CC(C)(C)CCN1CCN(CCC(=O)N2CCNCC2)CC1,A4365a,A0469a,,,,,,,A4365a,C6187
23130,435267,CCC(=O)Nc1ccc(NC(=O)C[C@@H](C)C(F)(F)F)cc1C,Amidation,CC(CC(=O)O)C(F)(F)F,CCC(=O)Nc1ccc(N)cc1C,,CCC(=O)Nc1ccc(NC(=O)CC(C)C(F)(F)F)cc1C,A1445a,A0310a,,,,,,,A0310a,C23130
4801,435751,C1=C[C@H](n2cccn2)CCC1,Amine_alkylation,c1cn[nH]c1,BrC1C=CCCC1,,C1=CC(n2cccn2)CCC1,A0556a,A4291a,,,,,,,A4291a,C4801
4805,435753,c1n[nH]cc1C1CCCC1,Sp3-sp2_Suzuki_coupling,Brc1cn[nH]c1,CC1(C)OB(C2CCCC2)OC1(C)C,,c1n[nH]cc1C1CCCC1,A0556a,A4291a,,,,,,,A4291a,C4805
7599,435862,CCCS(=O)(=O)N[C@H]1CCC(=O)N[C@H]1C1CCNCC1,Formation_of_sulfonamide_from_halide_-_Shavnya_reaction,CCCI,NC1CCC(=O)NC1C1CCNCC1,,CCCS(=O)(=O)NC1CCC(=O)NC1C1CCNCC1,A0719a,A4020a,,,,,,,A4020a,C7599
9079,436847,CCC[C@H](C)CC(=O)NCc1cccc2c1OCO2,Amidation,NCc1cccc2c1OCO2,CCCC(C)CC(=O)O,,CCCC(C)CC(=O)NCc1cccc2c1OCO2,A3618a,A0351b,,,,,,,A3618a,C9079
7166,437082,C[C@@H](CC(=O)N[C@@H]1CCN(C(=O)C2CCCC2)C1)C(F)(F)F,Amidation,CC(CC(=O)O)C(F)(F)F,NC1CCN(C(=O)C2CCCC2)C1,,CC(CC(=O)NC1CCN(C(=O)C2CCCC2)C1)C(F)(F)F,A1445a,A0926a,,,,,,,A0926a,C7166
4528,437247,COC(C)(C)Cn1ccccc1=O,Amine_alkylation,O=c1cccc[nH]1,COC(C)(C)CI,,COC(C)(C)Cn1ccccc1=O,A0525a,A4570a,,,,,,,A4570a,C4528
25347,437728,CC(=O)Nc1ccc(C(=O)N[C@H](C)C2CC2)nc1,Amidation,CC(N)C1CC1,CC(=O)Nc1ccc(C(=O)O)nc1,,CC(=O)Nc1ccc(C(=O)NC(C)C2CC2)nc1,A3618a,A0310a,,,,,,,A3618a,C25347
27189,438429,O=C(O[C@H](c1nc2ccccc2o1)C(F)(F)F)[C@H]1CCCS1(=O)=O,Steglich_esterification,OC(c1nc2ccccc2o1)C(F)(F)F,O=C(O)C1CCCS1(=O)=O,,O=C(OC(c1nc2ccccc2o1)C(F)(F)F)C1CCCS1(=O)=O,A0514b,A0354a,,,,,,,A0514b,C27189
6170,438649,CC[C@H](C)NC(=O)CN1CCN(C(=O)C2CCNCC2)CC1,Amidation,CCC(C)NC(=O)CN1CCNCC1,O=C(O)C1CCNCC1,,CCC(C)NC(=O)CN1CCN(C(=O)C2CCNCC2)CC1,A0469a,A4855a,,,,,,,A4855a,C6170
27676,438736,COCc1nccc(NC(=O)c2cc3cccn3cn2)n1,Amidation,O=C(O)c1cc2cccn2cn1,COCc1nccc(N)n1,,COCc1nccc(NC(=O)c2cc3cccn3cn2)n1,A0486a,A1146a,,,,,,,A1146a,C27676
27907,438995,C#C[C@@H]1CCCN1C(=O)c1ccc2c(c1)CCCCN2,Amidation,O=C(O)c1ccc2c(c1)CCCCN2,C#CC1CCCN1,,C#CC1CCCN1C(=O)c1ccc2c(c1)CCCCN2,A3990a,A1778a,,,,,,,A3990a,C27907
7819,439208,CCCN(CC(C)C)C(=O)Cn1cccn1,Amidation,O=C(O)Cn1cccn1,CCCNCC(C)C,,CCCN(CC(C)C)C(=O)Cn1cccn1,A2304a,A1776a,,,,,,,A1776a,C7819
28573,439928,O=C(CCc1[nH]nc2c1CCCC2)NCCC[C@H]1C=NNC1=O,Amidation,O=C(O)CCc1[nH]nc2c1CCCC2,NCCCC1C=NNC1=O,,O=C(CCc1[nH]nc2c1CCCC2)NCCCC1C=NNC1=O,A0341a,A0717a,,,,,,,A0717a,C28573
15053,441181,CC[C@H](NS(=O)(=O)CCCCCC(=O)OC)c1ccncc1,Petasis-borono_Mannich_reaction,CCC=O,OB(O)c1ccncc1,COC(=O)CCCCCS(N)(=O)=O,CCC(NS(=O)(=O)CCCCCC(=O)OC)c1ccncc1,A2629a,A0719a,,,,,,,A2629a,C15053
20140,441574,CC(C)S(=O)(=O)[C@@H]1CCN(C(=O)CC2=Cc3ccccc3C2)C1,Amidation,CC(C)S(=O)(=O)C1CCNC1,O=C(O)CC1=Cc2ccccc2C1,,CC(C)S(=O)(=O)C1CCN(C(=O)CC2=Cc3ccccc3C2)C1,A4855a,A1778a,,,,,,,A4855a,C20140
29675,441990,Cc1cccc2c1[C@@H](NC(=O)[C@H](C#N)C1CCNCC1)CCC2,Ester_amidation,COC(=O)C(C#N)C1CCNCC1,Cc1cccc2c1C(N)CCC2,,Cc1cccc2c1C(NC(=O)C(C#N)C1CCNCC1)CCC2,A0310a,A4786a,,,,,,,A4786a,C29675
29686,442004,Cc1cc(NC(=O)[C@H](C#N)C2CCNCC2)c2[nH]cnc2c1,Ester_amidation,COC(=O)C(C#N)C1CCNCC1,Cc1cc(N)c2[nH]cnc2c1,,Cc1cc(NC(=O)C(C#N)C2CCNCC2)c2[nH]cnc2c1,A0310a,A4786a,,,,,,,A4786a,C29686
29842,442237,O=C1SCCN1CCC(=O)N1CCC[C@H]1c1nnc2ccccn12,Amidation,c1ccn2c(C3CCCN3)nnc2c1,O=C(O)CCN1CCSC1=O,,O=C1SCCN1CCC(=O)N1CCCC1c1nnc2ccccn12,A1293a,A0341a,,,,,,,A0341a,C29842
7140,442403,C[C@H](CC(=O)N(C1CC1)[C@@H]1CCNC1)C(F)(F)F,Amidation,CC(CC(=O)O)C(F)(F)F,C1CC(NC2CC2)CN1,,CC(CC(=O)N(C1CC1)C1CCNC1)C(F)(F)F,A1445a,A4524a,,,,,,,A4524a,C7140
22223,442475,C[C@H](NC(=O)c1cnccn1)C1(S(C)(=O)=O)CC1,Amidation,O=C(O)c1cnccn1,CC(N)C1(S(C)(=O)=O)CC1,,CC(NC(=O)c1cnccn1)C1(S(C)(=O)=O)CC1,A2846a,A1146a,,,,,,,A2846a,C22223
29440,443088,COC[C@](C)(NC(=O)c1ccc(S(N)(=O)=O)s1)C1CC1,Amidation,NS(=O)(=O)c1ccc(C(=O)O)s1,COCC(C)(N)C1CC1,,COCC(C)(NC(=O)c1ccc(S(N)(=O)=O)s1)C1CC1,A0719a,A3176a,,,,,,,A0719a,C29440
27712,443517,O=C(C=C1CCSCC1)N(Cc1ncc[nH]1)c1cncc(Br)c1,Amidation,O=C(O)C=C1CCSCC1,Brc1cncc(NCc2ncc[nH]2)c1,,O=C(C=C1CCSCC1)N(Cc1ncc[nH]1)c1cncc(Br)c1,A1180a,A4031a,,,,,,,A4031a,C27712
10549,443770,C[C@@H](Sc1ncccc1C(=O)NCC(C)(C)C)C(=O)N1CCCC1,Amidation,CC(Sc1ncccc1C(=O)O)C(=O)N1CCCC1,CC(C)(C)CN,,CC(Sc1ncccc1C(=O)NCC(C)(C)C)C(=O)N1CCCC1,A3392a,A1778a,,,,,,,A3392a,C10549
15058,445752,CN(CC#N)C(=O)OCc1ccccn1,Ester_Schotten-Baumann,OCc1ccccn1,CN(CC#N)C(=O)Cl,,CN(CC#N)C(=O)OCc1ccccn1,A4274a,A0719a,,,,,,,A4274a,C15058
1382,446447,C#CCCNC(=O)C[C@@H]1CCCCN1,Amidation,O=C(O)CC1CCCCN1,C#CCCN,,C#CCCNC(=O)CC1CCCCN1,A3371a,A4509a,,,,,,,A3371a,C1382
7041,446523,CSC=CC(=O)NCCC1CCNCC1,Amidation,CSC=CC(=O)O,NCCC1CCNCC1,,CSC=CC(=O)NCCC1CCNCC1,A3181b,A3706a,,,,,,,A3706a,C7041
11204,446747,CCN(C(=O)C(C)C)c1ccncc1,Amidation,CC(C)C(=O)O,CCNc1ccncc1,,CCN(C(=O)C(C)C)c1ccncc1,A4509a,A3564a,,,,,,,A3564a,C11204
7642,447442,NS(=O)(=O)CCCN1CC[C@@H]2C[C@@H]2C1,Mitsunobu_reaction_with_amine_alcohol_and_thioalcohol,C1CC2CC2CN1,NS(=O)(=O)CCCO,,NS(=O)(=O)CCCN1CCC2CC2C1,A0719a,A3581a,,,,,,,A3581a,C7642
7673,448522,CCCS(=O)(=O)N[C@]12CC[C@H](CC1)C2,Sulfonamide_Schotten-Baumann_with_amine_(intermolecular),CCCS(=O)(=O)Cl,NC12CCC(CC1)C2,,CCCS(=O)(=O)NC12CCC(CC1)C2,A3054a,A0719a,,,,,,,A3054a,C7673
20145,448908,O=C(CO[C@@H]1CCCc2ccccc21)N1CC[C@@H](C(F)(F)F)C1,Amidation,O=C(O)COC1CCCc2ccccc21,FC(F)(F)C1CCNC1,,O=C(COC1CCCc2ccccc21)N1CCC(C(F)(F)F)C1,A4418a,A1778a,,,,,,,A4418a,C20145
27893,448914,CC(=O)[C@@H]1CCN(C(=O)CO[C@H]2CCCc3ccccc32)C1,Amidation,CC(=O)C1CCNC1,O=C(O)COC1CCCc2ccccc21,,CC(=O)C1CCN(C(=O)COC2CCCc3ccccc32)C1,A4418a,A1778a,,,,,,,A4418a,C27893
10704,449673,CC(=O)c1ccc(C(=O)N[C@@H](C)C2CC2)s1,Amidation,CC(N)C1CC1,CC(=O)c1ccc(C(=O)O)s1,,CC(=O)c1ccc(C(=O)NC(C)C2CC2)s1,A3371a,A3975a,,,,,,,A3975a,C10704
43550,450301,Cc1ccc2c(c1)CCCN2C(=O)CN[C@@]12CCCCC[C@@H]1OCC2,Amine_alkylation,NC12CCCCCC1OCC2,Cc1ccc2c(c1)CCCN2C(=O)CCl,,Cc1ccc2c(c1)CCCN2C(=O)CNC12CCCCCC1OCC2,A0586a,A3895a,,,,,,,A3895a,C43550
13661,450577,C[C@H](Sc1ccccn1)C(=O)N1CCC[C@H]1c1nccs1,Amidation,c1csc(C2CCCN2)n1,CC(Sc1ccccn1)C(=O)O,,CC(Sc1ccccn1)C(=O)N1CCCC1c1nccs1,A1776a,A4031a,,,,,,,A4031a,C13661
20940,451909,CC#CCCNC(=O)[C@H]1CCC(=O)N1,Amidation,O=C1CCC(C(=O)O)N1,CC#CCCN,,CC#CCCNC(=O)C1CCC(=O)N1,A3956a,A1778a,,,,,,,A3956a,C20940
20970,451933,CC(C)C[C@H](NC(=O)[C@H]1CNC(=O)C1)C(F)(F)F,Amidation,O=C1CC(C(=O)O)CN1,CC(C)CC(N)C(F)(F)F,,CC(C)CC(NC(=O)C1CNC(=O)C1)C(F)(F)F,A3956a,A1778a,,,,,,,A3956a,C20970
15069,452192,CCCN(O)C(=O)c1ccccn1,Amidation,O=C(O)c1ccccn1,CCCNO,,CCCN(O)C(=O)c1ccccn1,A0719a,A4031a,,,,,,,A4031a,C15069
91439,452268,CCc1cc(COC(=O)c2ccc3c(c2)NS(=O)(=O)C3)no1,Steglich_esterification,O=C(O)c1ccc2c(c1)NS(=O)(=O)C2,CCc1cc(CO)no1,,CCc1cc(COC(=O)c2ccc3c(c2)NS(=O)(=O)C3)no1,A2513a,A0541a,,,,,,,A0541a,C91439
5358,452414,CO[C@@H](C(=O)N1CC[C@H](S(=O)(=O)C(C)C)C1)C1CCNCC1,Amidation,COC(C(=O)O)C1CCNCC1,CC(C)S(=O)(=O)C1CCNC1,,COC(C(=O)N1CCC(S(=O)(=O)C(C)C)C1)C1CCNCC1,A4321b,A1140a,,,,,,,A4321b,C5358
41442,452485,O=C1CCC(C(=O)NCc2ccc(N3CCCC3)nc2)=NN1,Amidation,O=C1CCC(C(=O)O)=NN1,NCc1ccc(N2CCCC2)nc1,,O=C1CCC(C(=O)NCc2ccc(N3CCCC3)nc2)=NN1,A5036a,A2629a,,,,,,,A5036a,C41442
8484,452528,NC(=O)NC[C@H]1CCCCN1C(=O)c1ccnc2c1CC(=O)N2,Amidation,O=C1Cc2c(C(=O)O)ccnc2N1,NC(=O)NCC1CCCCN1,,NC(=O)NCC1CCCCN1C(=O)c1ccnc2c1CC(=O)N2,A2513a,A3986a,,,,,,,A3986a,C8484
1418,452795,CCC=C(C)C(=O)NC[C@@H]1CCCCN1,Amidation,NCC1CCCCN1,CCC=C(C)C(=O)O,,CCC=C(C)C(=O)NCC1CCCCN1,A4320a,A3436a,,,,,,,A3436a,C1418
5638,452949,CN(CCCn1nc(C#N)c2ccccc21)C1CCCCC1,Amine_alkylation,N#Cc1n[nH]c2ccccc12,CN(CCCBr)C1CCCCC1,,CN(CCCn1nc(C#N)c2ccccc21)C1CCCCC1,A3181b,A4031b,,,,,,,A4031b,C5638
6282,453421,C1=C(c2ccccn2)CNCC1,Sp2-sp2_Suzuki_coupling,Ic1ccccn1,CC1(C)OB(C2=CCCNC2)OC1(C)C,,C1=C(c2ccccn2)CNCC1,A2629a,A3186a,,,,,,,A3186a,C6282
82666,454329,c1ccc2c(c1)[C@H](NCc1ccc(-c3cnco3)cc1)CCC21CC1,Reductive_amination,O=C1CCC2(CC2)c2ccccc21,NCc1ccc(-c2cnco2)cc1,,c1ccc2c(c1)C(NCc1ccc(-c3cnco3)cc1)CCC21CC1,A2846a,A1778a,,,,,,,A2846a,C82666
29678,454531,Cc1n[nH]c2ncc(NC(=O)[C@@H](C#N)C3CCNCC3)cc12,Ester_amidation,COC(=O)C(C#N)C1CCNCC1,Cc1n[nH]c2ncc(N)cc12,,Cc1n[nH]c2ncc(NC(=O)C(C#N)C3CCNCC3)cc12,A0310a,A4456a,,,,,,,A4456a,C29678
7139,455614,C[C@H](CC(=O)Nc1cc(C2CCNCC2)n[nH]1)C(F)(F)F,Amidation,CC(CC(=O)O)C(F)(F)F,Nc1cc(C2CCNCC2)n[nH]1,,CC(CC(=O)Nc1cc(C2CCNCC2)n[nH]1)C(F)(F)F,A4321b,A1445a,,,,,,,A4321b,C7139
35886,456240,CC(C)CCOCCNc1ncco1,N-nucleophilic_aromatic_substitution,Brc1ncco1,CC(C)CCOCCN,,CC(C)CCOCCNc1ncco1,A0310a,A3623a,,,,,,,A3623a,C35886
17988,456545,O=C(NCCc1ccc2cn[nH]c2c1)c1cn2c(n1)CCC2,Amidation,O=C(O)c1cn2c(n1)CCC2,NCCc1ccc2cn[nH]c2c1,,O=C(NCCc1ccc2cn[nH]c2c1)c1cn2c(n1)CCC2,A3181b,A0309a,,,,,,,A3181b,C17988
18032,456571,O=C(NCc1cnc[nH]1)c1ccc2[nH]ncc2c1,Amidation,O=C(O)c1ccc2[nH]ncc2c1,NCc1cnc[nH]1,,O=C(NCc1cnc[nH]1)c1ccc2[nH]ncc2c1,A3181b,A0309a,,,,,,,A0309a,C18032
43172,456823,O=C(C[C@H]1CCC[C@H](C(F)(F)F)O1)NCc1c[nH]cn1,Amidation,NCc1cnc[nH]1,O=C(O)CC1CCCC(C(F)(F)F)O1,,O=C(CC1CCCC(C(F)(F)F)O1)NCc1c[nH]cn1,A0473a,A1209a,,,,,,,A1209a,C43172
29694,456851,Cc1ccc(NC(=O)[C@@H](C#N)C2CCNCC2)cn1,Ester_amidation,COC(=O)C(C#N)C1CCNCC1,Cc1ccc(N)cn1,,Cc1ccc(NC(=O)C(C#N)C2CCNCC2)cn1,A4706a,A0310a,,,,,,,A4706a,C29694
8445,458033,CN1CCC(N(C)C(=O)c2ccc3c(c2)NS(=O)(=O)C3)CC1,Amidation,O=C(O)c1ccc2c(c1)NS(=O)(=O)C2,CNC1CCN(C)CC1,,CN1CCC(N(C)C(=O)c2ccc3c(c2)NS(=O)(=O)C3)CC1,A2513a,A3483a,,,,,,,A3483a,C8445
9801,458297,C=CCN(CC(F)(F)F)C(=O)CC[C@@H]1CCCN1,Amidation,O=C(O)CCC1CCCN1,C=CCNCC(F)(F)F,,C=CCN(CC(F)(F)F)C(=O)CCC1CCCN1,A1140a,A3436a,,,,,,,A3436a,C9801
10567,458751,CC(=O)NC[C@H]1CCCN(C(=O)[C@@H](C)Sc2ccccn2)C1,Amidation,CC(=O)NCC1CCCNC1,CC(Sc1ccccn1)C(=O)O,,CC(=O)NCC1CCCN(C(=O)C(C)Sc2ccccn2)C1,A3435a,A1776a,,,,,,,A3435a,C10567
20308,458922,C[C@H](OC(=O)c1cc(C2CC2)[nH]c(=O)c1)c1cnccn1,Steglich_esterification,O=C(O)c1cc(C2CC2)[nH]c(=O)c1,CC(O)c1cnccn1,,CC(OC(=O)c1cc(C2CC2)[nH]c(=O)c1)c1cnccn1,A0525a,A1068a,,,,,,,A1068a,C20308
3919,459015,Cc1cn2nc(NC3CSC3)ccc2n1,N-nucleophilic_aromatic_substitution,Cc1cn2nc(Br)ccc2n1,NC1CSC1,,Cc1cn2nc(NC3CSC3)ccc2n1,A4237b,A0202a,,,,,,,A4237b,C3919
29671,459884,Cc1cccc2sc(NC(=O)[C@H](C#N)C3CCNCC3)nc12,Ester_amidation,Cc1cccc2sc(N)nc12,COC(=O)C(C#N)C1CCNCC1,,Cc1cccc2sc(NC(=O)C(C#N)C3CCNCC3)nc12,A0310a,A4873a,,,,,,,A4873a,C29671
8035,460008,CC[C@H](C)CCNC(=O)[C@H](C)c1cccnc1,Amidation,CCC(C)CCN,CC(C(=O)O)c1cccnc1,,CCC(C)CCNC(=O)C(C)c1cccnc1,A1776a,A4333a,,,,,,,A4333a,C8035
4820,460087,CC(C)(C(=O)O)n1cc(NC(=O)COC2CCCC2)cn1,Amidation,O=C(O)COC1CCCC1,CC(C)(C(=O)O)n1cc(N)cn1,,CC(C)(C(=O)O)n1cc(NC(=O)COC2CCCC2)cn1,A4456a,A0556a,,,,,,,A4456a,C4820
8485,460174,CCCN1CCC(NC(=O)c2ccnc3c2CC(=O)N3)CC1,Amidation,O=C1Cc2c(C(=O)O)ccnc2N1,CCCN1CCC(N)CC1,,CCCN1CCC(NC(=O)c2ccnc3c2CC(=O)N3)CC1,A2513a,A4751a,,,,,,,A4751a,C8485
92925,460661,C[C@H]1CCOC[C@@H]1NCCNc1ccc2ccccc2n1,Reductive_amination,NCCNc1ccc2ccccc2n1,CC1CCOCC1=O,,CC1CCOCC1NCCNc1ccc2ccccc2n1,A0514b,A0473a,,,,,,,A0514b,C92925
2063,462813,CC(=O)N[C@H](C)C1CCN(S(=O)(=O)c2cnc3n2CCC3)CC1,Sulfonamide_Schotten-Baumann_with_amine_(intermolecular),CC(=O)NC(C)C1CCNCC1,O=S(=O)(Cl)c1cnc2n1CCC2,,CC(=O)NC(C)C1CCN(S(=O)(=O)c2cnc3n2CCC3)CC1,A3371a,A3975a,,,,,,,A3975a,C2063
28323,463188,C#C[C@H](CNC(=O)Cc1cncs1)CC(C)(C)C,Amidation,O=C(O)Cc1cncs1,C#CC(CN)CC(C)(C)C,,C#CC(CNC(=O)Cc1cncs1)CC(C)(C)C,A3306a,A3618a,,,,,,,A3618a,C28323
38131,464274,O=C(CCc1nccs1)NC[C@H]1CCn2cnnc2C1,Amidation,NCC1CCn2cnnc2C1,O=C(O)CCc1nccs1,,O=C(CCc1nccs1)NCC1CCn2cnnc2C1,A0239a,A0428a,,,,,,,A0428a,C38131
9822,466026,CC(C)(C)SCCCNC(=O)N1CCCC1,Mitsunobu_reaction_with_amine_alcohol_and_thioalcohol,O=C(NCCCO)N1CCCC1,CC(C)(C)S,,CC(C)(C)SCCCNC(=O)N1CCCC1,A3371a,A1140a,,,,,,,A3371a,C9822
5396,466110,C=C1CN([C@H]2CCNC2)C1,Amine_alkylation,IC1CCNC1,C=C1CNC1,,C=C1CN(C2CCNC2)C1,A4365b,A1140a,,,,,,,A4365b,C5396
14073,467125,CN(C)c1ccc(NC(=O)NCCC[C@@H]2C=NNC2=O)nc1,Formation_of_urea_from_two_amines,NCCCC1C=NNC1=O,CN(C)c1ccc(N)nc1,,CN(C)c1ccc(NC(=O)NCCCC2C=NNC2=O)nc1,A2629a,A3956a,,,,,,,A2629a,C14073
14078,467135,COc1ccc(CCN(C)C(=O)[C@H]2CCCC(=O)N2)cn1,Amidation,CNCCc1ccc(OC)nc1,O=C1CCCC(C(=O)O)N1,,COc1ccc(CCN(C)C(=O)C2CCCC(=O)N2)cn1,A2629a,A3956a,,,,,,,A2629a,C14078
8052,469093,CC(C)(C)C[C@@H](NC(=O)c1ccccn1)C(F)(F)F,Amidation,O=C(O)c1ccccn1,CC(C)(C)CC(N)C(F)(F)F,,CC(C)(C)CC(NC(=O)c1ccccn1)C(F)(F)F,A0486a,A4333a,,,,,,,A4333a,C8052
7529,471177,O=C(NN1CCCCC1)C(F)(F)Cl,Amidation,NN1CCCCC1,O=C(O)C(F)(F)Cl,,O=C(NN1CCCCC1)C(F)(F)Cl,A1445a,A4650a,,,,,,,A4650a,C7529
7674,472059,NS(=O)(=O)CCCN1CC[C@@H]2C[C@@H]21,Mitsunobu_reaction_with_amine_alcohol_and_thioalcohol,NS(=O)(=O)CCCO,C1CC2CC2N1,,NS(=O)(=O)CCCN1CCC2CC21,A5425b,A0719a,,,,,,,A5425b,C7674
3532,472143,CN(Cc1conc1C1CCC1)C(=O)NC[C@@H]1CCCSC1,Formation_of_urea_from_two_amines,NCC1CCCSC1,CNCc1conc1C1CCC1,,CN(Cc1conc1C1CCC1)C(=O)NCC1CCCSC1,A0541a,A4586a,,,,,,,A4586a,C3532
678,472156,O=C(OCc1ccc2cn[nH]c2c1)C1(n2cccn2)CCC1,Steglich_esterification,OCc1ccc2cn[nH]c2c1,O=C(O)C1(n2cccn2)CCC1,,O=C(OCc1ccc2cn[nH]c2c1)C1(n2cccn2)CCC1,A3181b,A0428a,,,,,,,A0428a,C678
12403,472942,C[C@H](CNC(=O)Nc1nnc(-c2ccccn2)s1)N1CCc2sccc2C1,Formation_of_urea_from_two_amines,Nc1nnc(-c2ccccn2)s1,CC(CN)N1CCc2sccc2C1,,CC(CNC(=O)Nc1nnc(-c2ccccn2)s1)N1CCc2sccc2C1,A4298a,A1778a,,,,,,,A4298a,C12403
1002,474246,C#C[C@H](NC(=O)[C@@H]1CCc2nnc(C)n2C1)C1CCC1,Amidation,Cc1nnc2n1CC(C(=O)O)CC2,C#CC(N)C1CCC1,,C#CC(NC(=O)C1CCc2nnc(C)n2C1)C1CCC1,A3890a,A0239a,,,,,,,A3890a,C1002
9590,475213,CON(CCC(C)C)C[C@H]1CCc2nncn2C1,Amine_alkylation,ClCC1CCc2nncn2C1,CONCCC(C)C,,CON(CCC(C)C)CC1CCc2nncn2C1,A0239a,A4509a,,,,,,,A4509a,C9590
10333,475236,CC(C)[C@@H](NC(=O)C[C@H]1CCCCN1)c1nnc2ccccn12,Amidation,O=C(O)CC1CCCCN1,CC(C)C(N)c1nnc2ccccn12,,CC(C)C(NC(=O)CC1CCCCN1)c1nnc2ccccn12,A1293a,A5091a,,,,,,,A5091a,C10333
7520,476541,CCC[C@H](C(=O)NC1CCNCC1)C(C)C,Amidation,NC1CCNCC1,CCCC(C(=O)O)C(C)C,,CCCC(C(=O)NC1CCNCC1)C(C)C,A1445a,A4751a,,,,,,,A4751a,C7520
934,477160,O=C(CC[C@@H]1CCNC1)NC[C@H]1CCn2cnnc2C1,Amidation,O=C(O)CCC1CCNC1,NCC1CCn2cnnc2C1,,O=C(CCC1CCNC1)NCC1CCn2cnnc2C1,A4784a,A0239a,,,,,,,A4784a,C934
5997,477259,C=C1CCCN(C(=O)[C@H](C)S)C1,Amidation,CC(S)C(=O)O,C=C1CCCNC1,,C=C1CCCN(C(=O)C(C)S)C1,A4237b,A1778a,,,,,,,A4237b,C5997
31957,477273,COCC=Cc1cccc2c1NCC2,Sp2-sp2_Suzuki_coupling,Brc1cccc2c1NCC2,COCC=CB1OC(C)(C)C(C)(C)O1,,COCC=Cc1cccc2c1NCC2,A4237b,A1778a,,,,,,,A4237b,C31957
10575,478135,C[C@@H](CNC(=O)C[C@@H](C)N1CCc2ccccc21)CC(F)(F)F,Amidation,CC(CC(=O)O)N1CCc2ccccc21,CC(CN)CC(F)(F)F,,CC(CNC(=O)CC(C)N1CCc2ccccc21)CC(F)(F)F,A3371a,A1778a,,,,,,,A3371a,C10575
10535,478249,CNC(=O)[C@H]1CCCN1C(=O)[C@@H](C)Sc1ccccn1,Amidation,CC(Sc1ccccn1)C(=O)O,CNC(=O)C1CCCN1,,CNC(=O)C1CCCN1C(=O)C(C)Sc1ccccn1,A1776a,A3436a,,,,,,,A3436a,C10535
7417,478366,Cc1oc(C2CNC2)nc1C(=O)NC(C)(C)CCCN(C)C,Ester_amidation,COC(=O)c1nc(C2CNC2)oc1C,CN(C)CCCC(C)(C)N,,Cc1oc(C2CNC2)nc1C(=O)NC(C)(C)CCCN(C)C,A4712a,A3623a,,,,,,,A4712a,C7417
1406,479113,CCC(C)(C)CNC(=O)[C@@H]1CCCCN1,Amidation,O=C(O)C1CCCCN1,CCC(C)(C)CN,,CCC(C)(C)CNC(=O)C1CCCCN1,A4274a,A1778a,,,,,,,A4274a,C1406
3842,479383,O=C(CNC(=O)[C@@H]1CCCN1)Nc1cnc2cccnn12,Amidation,O=C(O)CNC(=O)C1CCCN1,Nc1cnc2cccnn12,,O=C(CNC(=O)C1CCCN1)Nc1cnc2cccnn12,A0202a,A0875a,,,,,,,A0875a,C3842
3863,479389,COc1ccc2ncc(C(=O)NC[C@]34CC[C@H](CC3)N4)n2n1,Amidation,COc1ccc2ncc(C(=O)O)n2n1,NCC12CCC(CC1)N2,,COc1ccc2ncc(C(=O)NCC34CCC(CC3)N4)n2n1,A0202a,A0875a,,,,,,,A0875a,C3863
1392,481181,CC(C)(C(=O)NCC(F)(F)F)[C@H]1CCCNC1,Amidation,NCC(F)(F)F,CC(C)(C(=O)O)C1CCCNC1,,CC(C)(C(=O)NCC(F)(F)F)C1CCCNC1,A1776a,A4873b,A1778a,,,,,,A4873b,C1392
1399,481610,CC(C)CN(CCC#N)C(=O)C[C@H]1CCCNC1,Amidation,O=C(O)CC1CCCNC1,CC(C)CNCCC#N,,CC(C)CN(CCC#N)C(=O)CC1CCCNC1,A3181b,A4311a,,,,,,,A4311a,C1399
8876,482661,C[C@@H](CC(=O)N1CCCCCc2ccccc21)C1CCNCC1,Amidation,c1ccc2c(c1)CCCCCN2,CC(CC(=O)O)C1CCNCC1,,CC(CC(=O)N1CCCCCc2ccccc21)C1CCNCC1,A4706a,A1778a,,,,,,,A4706a,C8876
4256,482764,C[C@@H](NC(=O)C1CCc2ccccc2CC1)C1CC1,Amidation,CC(N)C1CC1,O=C(O)C1CCc2ccccc2CC1,,CC(NC(=O)C1CCc2ccccc2CC1)C1CC1,A3371a,A1778a,,,,,,,A3371a,C4256
33613,482901,CC(C)[C@@H](NC(=O)c1ccnn1C1CCCC1)c1ncc[nH]1,Amidation,O=C(O)c1ccnn1C1CCCC1,CC(C)C(N)c1ncc[nH]1,,CC(C)C(NC(=O)c1ccnn1C1CCCC1)c1ncc[nH]1,A0556a,A2972a,,,,,,,A2972a,C33613
26238,483211,CCC[C@@H](C(=O)N[C@H]1CCNC1)C(C)C,Amidation,NC1CCNC1,CCCC(C(=O)O)C(C)C,,CCCC(C(=O)NC1CCNC1)C(C)C,A1140a,A0310a,,,,,,,A1140a,C26238
1132,483323,COc1ccc2c(c1)CCCN2C(=O)CSCC1CCNCC1,Nucleophilic_substitution_with_thiol,COc1ccc2c(c1)CCCN2C(=O)CCl,SCC1CCNCC1,,COc1ccc2c(c1)CCCN2C(=O)CSCC1CCNCC1,A3868a,A0586a,,,,,,,A3868a,C1132
82527,483664,CC(C)(C)c1nnc2n1C[C@H](C(=O)Nc1ccncn1)CC2,Amidation,Nc1ccncn1,CC(C)(C)c1nnc2n1CC(C(=O)O)CC2,,CC(C)(C)c1nnc2n1CC(C(=O)Nc1ccncn1)CC2,A0239a,A1146a,,,,,,,A1146a,C82527
11987,484432,COCc1ccnc(NC(=O)c2ccc3c(c2)NS(=O)(=O)C3)c1,Amidation,O=C(O)c1ccc2c(c1)NS(=O)(=O)C2,COCc1ccnc(N)c1,,COCc1ccnc(NC(=O)c2ccc3c(c2)NS(=O)(=O)C3)c1,A2513a,A4274a,,,,,,,A4274a,C11987
1455,485833,O=C(NC[C@@H]1CCCS1(=O)=O)NCC1(c2ccncc2)CCC1,Formation_of_urea_from_two_amines,NCC1CCCS1(=O)=O,NCC1(c2ccncc2)CCC1,,O=C(NCC1CCCS1(=O)=O)NCC1(c2ccncc2)CCC1,A0354a,A0428a,,,,,,,A0428a,C1455
15471,485914,O=C(c1ccc2c(c1)NS(=O)(=O)C2)N1CCC[C@H]1CCCO,Amidation,O=C(O)c1ccc2c(c1)NS(=O)(=O)C2,OCCCC1CCCN1,,O=C(c1ccc2c(c1)NS(=O)(=O)C2)N1CCCC1CCCO,A2513a,A3581a,,,,,,,A3581a,C15471
15476,485919,CC(=O)N[C@@H]1CCN(C(=O)c2ccc3c(c2)NS(=O)(=O)C3)C1,Amidation,O=C(O)c1ccc2c(c1)NS(=O)(=O)C2,CC(=O)NC1CCNC1,,CC(=O)NC1CCN(C(=O)c2ccc3c(c2)NS(=O)(=O)C3)C1,A2513a,A3581a,,,,,,,A3581a,C15476
15494,485935,CC(F)(F)[C@H]1CCCN1C(=O)c1ccc2c(c1)NS(=O)(=O)C2,Amidation,O=C(O)c1ccc2c(c1)NS(=O)(=O)C2,CC(F)(F)C1CCCN1,,CC(F)(F)C1CCCN1C(=O)c1ccc2c(c1)NS(=O)(=O)C2,A2513a,A3581a,,,,,,,A3581a,C15494
6688,486874,CC(C)C[C@@H](NC(=O)NCC(=O)N1CCCCC1)C(C)(C)C,Formation_of_urea_from_two_amines,NCC(=O)N1CCCCC1,CC(C)CC(N)C(C)(C)C,,CC(C)CC(NC(=O)NCC(=O)N1CCCCC1)C(C)(C)C,A3977b,A4306a,,,,,,,A4306a,C6688
5151,487334,O=C(Nc1cncc(-c2nc3ccccc3s2)c1)c1cnc[nH]1,Amidation,O=C(O)c1cnc[nH]1,Nc1cncc(-c2nc3ccccc3s2)c1,,O=C(Nc1cncc(-c2nc3ccccc3s2)c1)c1cnc[nH]1,A0514b,A1209a,,,,,,,A1209a,C5151
89709,488163,O=C(Nc1n[nH]c2cc(F)ccc12)c1cccn2cnnc12,Amidation,O=C(O)c1cccn2cnnc12,Nc1n[nH]c2cc(F)ccc12,,O=C(Nc1n[nH]c2cc(F)ccc12)c1cccn2cnnc12,A1293a,A0497a,,,,,,,A0497a,C89709
7181,488663,C[C@H](CC(=O)Nc1ccn(C2CCCCC2)n1)C(F)(F)F,Amidation,CC(CC(=O)O)C(F)(F)F,Nc1ccn(C2CCCCC2)n1,,CC(CC(=O)Nc1ccn(C2CCCCC2)n1)C(F)(F)F,A4707a,A1445a,,,,,,,A4707a,C7181
5313,489127,CC1=NNC(=O)[C@@H]1CCNC(=O)[C@@H]1CCCN1,Amidation,O=C(O)C1CCCN1,CC1=NNC(=O)C1CCN,,CC1=NNC(=O)C1CCNC(=O)C1CCCN1,A0875a,A0341a,,,,,,,A0875a,C5313
684,490812,C[C@H](OC(F)F)C(=O)Nc1n[nH]c2cccc(-n3cccn3)c12,Amidation,Nc1n[nH]c2cccc(-n3cccn3)c12,CC(OC(F)F)C(=O)O,,CC(OC(F)F)C(=O)Nc1n[nH]c2cccc(-n3cccn3)c12,A0497a,A1105b,,,,,,,A1105b,C684
4036,491653,CN(C(=O)C[C@H]1CCCCN1)[C@H](CC(N)=O)c1ccccc1,Amidation,O=C(O)CC1CCCCN1,CNC(CC(N)=O)c1ccccc1,,CN(C(=O)CC1CCCCN1)C(CC(N)=O)c1ccccc1,A3977b,A3417a,,,,,,,A3417a,C4036
7625,493064,O=S(=O)(CCCC1CC1)N(C1CCNCC1)C1CC1,Formation_of_sulfonamide_from_halide_-_Shavnya_reaction,ClCCCC1CC1,C1CC(NC2CC2)CCN1,,O=S(=O)(CCCC1CC1)N(C1CCNCC1)C1CC1,A0719a,A3223a,,,,,,,A3223a,C7625
7845,493832,C[C@@H](Cn1cccn1)C(=O)NCC=CCl,Amidation,CC(Cn1cccn1)C(=O)O,NCC=CCl,,CC(Cn1cccn1)C(=O)NCC=CCl,A3306a,A0556a,,,,,,,A3306a,C7845
6528,494667,c1nc([C@@H]2CCNC2)co1,Sp3-sp2_Suzuki_coupling,Ic1cocn1,CC1(C)OB(C2CCNC2)OC1(C)C,,c1nc(C2CCNC2)co1,A3694a,A0556a,,,,,,,A3694a,C6528
13918,495248,CN1C(=O)CC[C@@H]1C(=O)OCC(C)(C)n1cccn1,Steglich_esterification,CN1C(=O)CCC1C(=O)O,CC(C)(CO)n1cccn1,,CN1C(=O)CCC1C(=O)OCC(C)(C)n1cccn1,A2629a,A3956a,,,,,,,A2629a,C13918
1142,496163,COc1ccc2c(c1)[C@H](NC(=O)[C@@H]1CCCCCN1)CCN2,Amidation,O=C(O)C1CCCCCN1,COc1ccc2c(c1)C(N)CCN2,,COc1ccc2c(c1)C(NC(=O)C1CCCCCN1)CCN2,A0586a,A4786a,,,,,,,A4786a,C1142
