smiles,template,compound_set,hit1,hit2,hit3,hit4,hit5
OC(=NCCNc1cccc2nc(Cl)oc12)c1ccsc1,7gp3-a,openbind_d68ev3c_c1_scaffolds,7gqr-a,7gp7-a,,,
NC(c1ccccc1)c1cccc(O)c1,7gp3-a,openbind_d68ev3c_c1_scaffolds,7gqb-a,7gp8-a,,,
CCC1C(O)CC(F)C(F)C1C(N)c1ccccc1,7gp3-a,openbind_d68ev3c_c1_scaffolds,7gqb-a,7gpi-a,,,
NC(c1ccccc1)C1CCCCC12CNC(O)CC2O,7gp3-a,openbind_d68ev3c_c1_scaffolds,7gqb-a,7go7-a,,,
NC(c1ccccc1)c1ccccc1I,7gp3-a,openbind_d68ev3c_c1_scaffolds,7gqb-a,7go4-a,,,
Nc1ccccc1C(N)c1ccccc1,7gp3-a,openbind_d68ev3c_c1_scaffolds,7gqb-a,7gpd-a,,,
CC1=NN(c2cccc(O)c2)C(=O)C1,7gp3-a,openbind_d68ev3c_c1_scaffolds,7gp5-a,7gon-a,,,
CC1=NN(c2cccc(N=S(N)(=O)c3ccccc3OC(F)F)c2)C(=O)C1,7gp3-a,openbind_d68ev3c_c1_scaffolds,7gp5-a,7gou-a,,,
CC1=NN(c2c(C)cccc2C(=O)O)C(=O)C1,7gp3-a,openbind_d68ev3c_c1_scaffolds,7gp5-a,7got-a,,,
CC1=NN(c2cccc(Cl)c2)C(=O)C1,7gp3-a,openbind_d68ev3c_c1_scaffolds,7gp5-a,7gq5-a,,,
CC1=C(CO)CC(=O)N1c1ccccc1,7gp3-a,openbind_d68ev3c_c1_scaffolds,7gp5-a,7gpt-a,,,
CC1=NN(c2ccccc2I)C(=O)C1,7gp3-a,openbind_d68ev3c_c1_scaffolds,7gp5-a,7go7-a,,,
CC1=NN(c2ccccc2N)C(=O)C1,7gp3-a,openbind_d68ev3c_c1_scaffolds,7gp5-a,7gqa-a,,,
CC1=NN(c2cccc(C)c2NC(=O)CS(=O)(=O)c2ccccc2)C(=O)C1,7gp3-a,openbind_d68ev3c_c1_scaffolds,7gp5-a,7gpd-a,,,
CCS(=O)(=NCO)C1CCCCC1(c1ccccc1)C(F)F,7gp3-a,openbind_d68ev3c_c1_scaffolds,7gp8-a,7goe-a,,,
CCS(=O)(=O)Nc1cccc(C)c1N=O,7gp3-a,openbind_d68ev3c_c1_scaffolds,7gp8-a,7god-a,,,
CCS(=O)(=O)NC1CCCCC12CNC(CO)NO2,7gp3-a,openbind_d68ev3c_c1_scaffolds,7gp8-a,7gpc-a,,,
CCS(=O)(=O)Nc1c(F)ccc(OCC(=O)O)c1F,7gp3-a,openbind_d68ev3c_c1_scaffolds,7gp8-a,7go7-a,,,
CCS(=O)(=NCc1cccc2nncn12)NCc1ccc2c(c1)OCO2,7gp3-a,openbind_d68ev3c_c1_scaffolds,7gp9-a,B0439a,,,
CCS(=O)(=NCc1cc2nnc(N)n2cc1-c1cnccn1)NCc1ccc2c(c1)OCO2,7gp3-a,openbind_d68ev3c_c1_scaffolds,7gp9-a,B0691a,,,
Cc1[nH]cc2c1CC(=O)N=C2C(=O)NC(C)(CO)CO,7gp3-a,openbind_d68ev3c_c1_scaffolds,7gpw-a,7gny-a,,,
Oc1ccccc1C(O)(c1ccccc1)N1CC(O)C1,7gp3-a,openbind_d68ev3c_c1_scaffolds,7goe-a,7gqd-a,,,
CNc1ccc(C(C=O)(c2ccccc2)N2CC(O)C2)cc1O,7gp3-a,openbind_d68ev3c_c1_scaffolds,7goe-a,7gnv-a,,,
OC1CCN(Cc2ccccc2C(c2ccccc2)N2CC(O)C2)CC1,7gp3-a,openbind_d68ev3c_c1_scaffolds,7goe-a,7gpc-a,,,
O=C1NC(=O)C2(CC(F)c3ccc(Sc4cccc5nncn45)cc32)N1,7gqd-a,openbind_d68ev3c_c1_scaffolds,7gqd-b,B1033a,,,
Cc1cc(-n2cnc3cccc(C)c32)ccc1CO,7gqd-a,openbind_d68ev3c_c1_scaffolds,7gos-a,7gp0-b,,,
COC(=O)CNC(=O)c1cc(CNCCc2nc(C(=O)Nc3c[nH]c(=O)c4ccccc34)c(CN)o2)on1,7gqd-a,openbind_d68ev3c_c1_scaffolds,7gpf-a,B0723a,,,
Cc1cccc(NC(=O)C2CCC(c3ccc(S(=O)(=O)NCCc4nccc(O)n4)cc3)N2)n1,7gqd-a,openbind_d68ev3c_c1_scaffolds,7gpf-a,B1307a,,,
Cc1cccc(NC(=O)C2CCCN2CC2CCN(S(=O)(=O)NCCc3nc(C)cc(O)n3)C2)n1,7gqd-a,openbind_d68ev3c_c1_scaffolds,7gpf-a,B1307b,,,
CC1=NC2(CSCC2C(=O)NC2CCC(=O)NC2)C(=O)C1,7gqd-a,openbind_d68ev3c_c1_scaffolds,7gpf-a,B1368a,,,
Cc1cccc(NC(=O)C2CCC3(CCC(S(=O)(=O)NCCc4nccc(O)n4)CN3)N2)n1,7gqd-a,openbind_d68ev3c_c1_scaffolds,7gpf-a,B1456a,,,
CCCC(=O)NCc1nc2c(I)cccc2[nH]1,7gqd-a,openbind_d68ev3c_c1_scaffolds,7got-a,7gp0-a,,,
Cc1ccc(F)cc1-c1ccc2cnccc2c1C(O)(O)F,7gqd-a,openbind_d68ev3c_c1_scaffolds,7gov-a,B0875b,,,
COC(=O)CNC1=N[SH](NCCc2nccc(O)n2)C2C1NC(N)C2C,7gqd-a,openbind_d68ev3c_c1_scaffolds,7goy-a,B0938a,,,
Cc1c(CS(N)(=O)=O)c(F)c2n1C(C)CNC2,7gqd-a,openbind_d68ev3c_c1_scaffolds,7gp5-a,7goz-a,,,
CC(=Cc1cc(-c2ccccc2)[nH]n1)Nc1cnccc1C,7gqd-a,openbind_d68ev3c_c1_scaffolds,7gp8-a,7goz-a,,,
Cc1ccc(NC(=O)C2COCCO2)c(CNC(C)(C)CO)c1,7gqd-a,openbind_d68ev3c_c1_scaffolds,7gpw-a,7goz-a,,,
CN1C(CO)NC2CCCC(NC(=O)C3COCCO3)N21,7gqd-a,openbind_d68ev3c_c1_scaffolds,7gou-a,7goz-a,,,
CC#Cc1nc[nH]c1S(C)(=O)=O,7gqd-a,openbind_d68ev3c_c1_scaffolds,7goz-a,7gp0-a,,,
O=C(O)CCc1cc(F)sc1C(=O)O,7gqd-a,openbind_d68ev3c_c1_scaffolds,7goz-a,7gnv-a,,,
NS(=O)(=O)c1cc(O)ccc1N(c1cscn1)C(F)F,7gqd-a,openbind_d68ev3c_c1_scaffolds,7gp8-a,7gp0-a,,,
CC1(C)OC(=O)c2c(cc(O)c(Br)c2CCNS(=O)(=O)c2ccns2)O1,7gqd-a,openbind_d68ev3c_c1_scaffolds,7gq1-a,7gp0-a,,,
Nc1cc(N=S(N)(=O)c2ccccc2OC(F)F)n[nH]1,7gqd-a,openbind_d68ev3c_c1_scaffolds,7gp0-a,7gq5-a,,,
Cc1c(C(=O)OCNCO)sc(F)c1F,7gqd-a,openbind_d68ev3c_c1_scaffolds,7gpu-b,7gnv-a,,,
Cc1ccc(F)cc1NC(=O)c1ccncc1CC(=O)N(C)Cc1ccccc1,7gqd-a,openbind_d68ev3c_c1_scaffolds,7gp5-a,7gny-a,,,
CCNC(c1noc(C(C)N)n1)c1cccc2[nH]ccc12,7gqd-a,openbind_d68ev3c_c1_scaffolds,7gon-a,7gny-a,,,
CC1CCCN(S(C)(=O)=NCS(=O)(=O)Nc2ccccc2F)C1CO,7gqd-a,openbind_d68ev3c_c1_scaffolds,7gps-a,7gny-a,,,
CCOC(=O)C=Cc1ccc(CCN=C(NCC(=O)OC)c2cc(C)on2)c(C(N)=O)c1,7gqd-a,openbind_d68ev3c_c1_scaffolds,7gqf-a,B0439a,,,
CCCC(=O)NCc1nc2cccc(NC(=O)C3COCCO3)n2n1,7gqd-a,openbind_d68ev3c_c1_scaffolds,7gpw-b,7go1-a,,,
CCc1c(F)cc(OCF)c2[nH]cc(CCNC(C)=O)c12,7gqd-a,openbind_d68ev3c_c1_scaffolds,7go1-a,B1219b,,,
NC(=O)c1ccc2[nH]cnc2c1,7gqd-a,openbind_d68ev3c_c1_scaffolds,7gq1-c,7gnw-a,,,
CN1NC2(CNCC2Cl)NC1Sc1cccc2nncn12,7gqd-a,openbind_d68ev3c_c1_scaffolds,7gon-a,7gqq-a,,,
CC1CCCN(S(C)(=O)=NCCCc2c(-c3ccccc3)nc(Sc3cccc4nncn34)n2C)C1CO,7gqd-a,openbind_d68ev3c_c1_scaffolds,7gqb-a,7gpt-a,,,
CCC(Cc1cn(CC)cn1)C(=O)O,7gqd-a,openbind_d68ev3c_c1_scaffolds,7gof-a,7go0-a,,,
Cc1ccncc1NC(C)c1noc(-c2ccc(N)cc2)n1,7gqd-a,openbind_d68ev3c_c1_scaffolds,7goz-a,7go0-a,,,
CCC(N)(O)N1C(=O)CC(C(F)(F)F)=C1F,7go7-a,openbind_d68ev3c_c1_scaffolds,7gp8-a,7gpg-a,,,
CCN1NC2(CC1(O)O)C(NC)CC1COCC12F,7go7-a,openbind_d68ev3c_c1_scaffolds,7gou-a,7gpg-a,,,
CCN1N=C(C(F)(F)N(O)CS(C)(=O)=O)CC1=O,7go7-a,openbind_d68ev3c_c1_scaffolds,7go7-a,7gpg-a,,,
Cn1c(CO)nc2cccc(NC(=O)C3COCCO3)c21,7go7-a,openbind_d68ev3c_c1_scaffolds,7gp8-a,7gqa-a,,,
OCc1nc2cccc3c(O)cn1c23,7go7-a,openbind_d68ev3c_c1_scaffolds,7gq1-a,7gqa-a,,,
Cn1c(CO)nc2c(N)cccc21,7go7-a,openbind_d68ev3c_c1_scaffolds,7gqo-a,7gqa-a,,,
Cc1ccc2nc(CO)n3c2c1NC3(O)CS(=O)(=O)c1ccccc1,7go7-a,openbind_d68ev3c_c1_scaffolds,7gpg-a,7gqa-a,,,
CNCc1cc(F)cc(S(N)(=O)=O)c1,7go7-a,openbind_d68ev3c_c1_scaffolds,7goj-a,7gob-a,,,
Nc1c(F)cc(CC(F)F)cc1S(N)(=O)=O,7go7-a,openbind_d68ev3c_c1_scaffolds,7gqm-a,7gob-a,,,
O=C1C(O)n2ccnc2C2(CCCN2)C1O,7go7-a,openbind_d68ev3c_c1_scaffolds,7go2-a,B1463a,,,
O=CN(c1ccccc1O)c1cc(O)nc2nccn12,7go7-a,openbind_d68ev3c_c1_scaffolds,7gqb-a,7go4-a,,,
N#Cc1cnc2nc(O)cc(O)n12,7go7-a,openbind_d68ev3c_c1_scaffolds,7gpw-a,7go4-a,,,
Oc1cc(O)n2c(Cl)cnc2n1,7go7-a,openbind_d68ev3c_c1_scaffolds,7god-a,7go4-a,,,
O=C(O)CON1CC(F)N2C(O)CC(O)NC12,7go7-a,openbind_d68ev3c_c1_scaffolds,7gqq-a,7go4-a,,,
O=C1CNC2NC(O)CC(O)N12,7go7-a,openbind_d68ev3c_c1_scaffolds,7gpg-a,7go4-a,,,
CC(C(N)O)C(O)c1ccn(C(C)NS)c1,7go7-a,openbind_d68ev3c_c1_scaffolds,7gqa-a,7go4-a,,,
C#CC1C2=C(NCN2)Nc2nccn21,7go7-a,openbind_d68ev3c_c1_scaffolds,7gok-b,7go4-b,,,
CS(=O)(=O)CC(O)c1cccc(NC(=O)C2COCCO2)c1,7go7-a,openbind_d68ev3c_c1_scaffolds,7gqb-a,7gph-a,,,
CS(=O)(=O)CC(O)c1ccc(N)cc1,7go7-a,openbind_d68ev3c_c1_scaffolds,7gon-a,7gph-a,,,
CS(=O)(=O)CC(O)c1ccccc1OCNC1CCC(=O)NC1,7go7-a,openbind_d68ev3c_c1_scaffolds,7gp8-a,7gph-a,,,
Cc1ccccc1C(C)(CS(C)(=O)=O)N(C)C,7go7-a,openbind_d68ev3c_c1_scaffolds,7gpu-b,7gph-a,,,
CS(=O)(=O)CC(O)c1ccccc1,7go7-a,openbind_d68ev3c_c1_scaffolds,7gpw-a,7gq1-a,7gph-a,,
CCc1c(O)cc(F)c(F)c1C(O)CS(C)(=O)=O,7go7-a,openbind_d68ev3c_c1_scaffolds,7gog-a,7gph-a,,,
CS(=O)(=O)CC(c1ccccc1)C1CC(CO)CCN1CO,7go7-a,openbind_d68ev3c_c1_scaffolds,7got-a,7gph-a,,,
CS(=O)(=O)CC(O)(CC(=O)O)c1ccc(F)cc1,7go7-a,openbind_d68ev3c_c1_scaffolds,7gq5-a,7gph-a,,,
Cc1cccc(C(O)CS(C)(=O)=O)c1NC(=O)CS(=O)(=O)c1ccccc1,7go7-a,openbind_d68ev3c_c1_scaffolds,7gqo-a,7gph-a,,,
CC(O)(C1CCCC2(CCCN2)C1)N1CCC(CO)CC1,7go7-a,openbind_d68ev3c_c1_scaffolds,7gq1-a,7gqk-a,,,
CC1CCCN(S(C)(=O)=NCCN(C(=O)NC(C)(CO)CO)c2ccccc2)C1CO,7go7-a,openbind_d68ev3c_c1_scaffolds,7gp8-a,7gpd-a,,,
Nc1ccc(S(=O)(=NCNC2(O)CCN(Cc3ccsc3)CC2)NCCc2nccc(O)n2)cn1,7go7-a,openbind_d68ev3c_c1_scaffolds,7gp9-a,7gp2-a,7gpk-a,,
CS(=O)(=O)CC(O)c1cn[nH]c1N,7go7-a,openbind_d68ev3c_c1_scaffolds,7goe-a,7gq3-a,,,
CNC(=O)Cc1ccc(-c2cn3c(N)nnc3cc2CNS(=O)(=O)c2ccns2)cc1,7go7-a,openbind_d68ev3c_c1_scaffolds,B0436a,B0446a,,,
CS(=O)(=O)Nc1cccc(C2CC3(CCNC3)c3nnc(N)n3C2N)c1,7go7-a,openbind_d68ev3c_c1_scaffolds,B0436a,B0742a,,,
CS(=O)(=O)Nc1cccc(-c2cn3c(N)nnc3cc2NCc2n[nH]c(-c3ccccc3)n2)c1,7go7-a,openbind_d68ev3c_c1_scaffolds,B0436a,B1456a,,,
CS(=O)(=O)Nc1cccc(-c2ccc3nnc(N)n3c2Sc2nc(=O)c3sccc3[nH]2)c1,7go7-a,openbind_d68ev3c_c1_scaffolds,7gqf-a,B0439a,,,
CS(=O)(=O)Nc1cccc(-c2cn3c(N)nnc3cc2CNS(=O)(=O)c2ccns2)c1,7go7-a,openbind_d68ev3c_c1_scaffolds,B0439a,B0446b,B0450a,,
CS(=O)(=O)Nc1cccc(-c2cn3c(N)nnc3cc2CNS(=O)(=O)c2ccc(O)cc2)c1,7go7-a,openbind_d68ev3c_c1_scaffolds,B0439a,B0454a,,,
CN(Cc1ccccc1)C(O)(O)N1CCc2nncn2CC1,7go7-a,openbind_d68ev3c_c1_scaffolds,7gqf-a,B0446a,,,
Cc1nncn1CCNC(O)(O)N(C)Cc1ccccc1,7go7-a,openbind_d68ev3c_c1_scaffolds,B0446a,B0450a,,,
COc1ccc(-c2cn3c(N)nnc3cc2CNS(=O)(=O)c2ccns2)cc1OC,7go7-a,openbind_d68ev3c_c1_scaffolds,7goy-a,7gpm-a,B0450a,,
COc1ccc(-c2cn3c(N)nnc3cc2CNS(=O)(=O)c2cscn2)cc1OC,7go7-a,openbind_d68ev3c_c1_scaffolds,B0446a,B0450a,,,
COc1ccc(-c2cn3c(N)nnc3cc2CNS(=O)(=O)c2ccc(N)nc2)cc1OC,7go7-a,openbind_d68ev3c_c1_scaffolds,B0446b,B0450a,B0450b,,
CNC1(O)c2c(ccc(OC)c2OC)-c2ccc3nnc(N)n3c21,7go7-a,openbind_d68ev3c_c1_scaffolds,B0450a,B0691a,,,
COc1ccc(-c2ccc3nnc4n3c2=CNC=4)cc1OC,7go7-a,openbind_d68ev3c_c1_scaffolds,B0450a,B0805a,,,
COc1ccc(-c2ccc3nnc(N)n3c2C(=O)NCc2ccccc2)cc1OC,7go7-a,openbind_d68ev3c_c1_scaffolds,B0450a,B0914b,,,
COc1ccc(-c2ccc3nnc(N)n3c2S(=O)(=O)N2CCNCC2)cc1OC,7go7-a,openbind_d68ev3c_c1_scaffolds,B0450a,B1463a,,,
CN(Cc1ccccc1)C(O)(NCn1cnc(-c2ccccc2)n1)c1cccc2nncn12,B0454b,openbind_d68ev3c_c1_scaffolds,B0454b,B0742a,,,
CNC(=O)c1ccc(-c2ccc3nnc(N)n3c2Sc2nnc(-c3ccc[nH]3)o2)cc1,B0454b,openbind_d68ev3c_c1_scaffolds,B0455a,B0691b,B0723a,,
CNC(=O)c1ccc(-c2ccc3nnc(N)n3c2Nc2nnc(-c3ccccc3)[nH]2)cc1,B0454b,openbind_d68ev3c_c1_scaffolds,B0455a,B0738a,,,
CN(C)S(=O)(=NCCCOC(F)Sc1ccc(N)cc1)C1CCN(Cc2conc2Br)C1,B0454b,openbind_d68ev3c_c1_scaffolds,7gqc-a,B0495a,,,
COC(=O)c1ccc(OC(F)(F)F)c(C)c1C1CN(c2cccc3nncn23)CCO1,B0454b,openbind_d68ev3c_c1_scaffolds,7go1-a,B0513a,,,
FC(F)(OCOc1ccc2nc(Sc3cccc4nncn34)[nH]c2c1)Oc1cccc(C2CN(c3cccc4nncn34)CCO2)c1,B0454b,openbind_d68ev3c_c1_scaffolds,7gqg-a,B0513a,,,
O=C(CN1C=CN2NCNN2C1=O)NCc1ccccc1,B0454b,openbind_d68ev3c_c1_scaffolds,7gq4-a,B0517a,,,
O=C(Cn1c(CCNS(=O)(=O)c2cscn2)cc(=O)[nH]c1=O)NCc1ccccc1,B0454b,openbind_d68ev3c_c1_scaffolds,B0517a,B1307a,B1307b,,
Nc1ccc(S(=O)(=O)NCCc2cc(=O)[nH]c(=O)n2CC(=O)NCc2ccccc2)cn1,B0454b,openbind_d68ev3c_c1_scaffolds,B0517a,B1361a,B1361b,,
O=C(Cn1c(CCNS(=O)(=O)N2CCOCC2)cc(=O)[nH]c1=O)NCc1ccccc1,B0454b,openbind_d68ev3c_c1_scaffolds,B0517a,B1456b,,,
O=S1(=O)c2ccc(C3CN(c4cccc5nncn45)CCO3)cc2OC1F,B0454b,openbind_d68ev3c_c1_scaffolds,7gqd-b,B0541a,,,
CC1C(=O)N(C2CCCC3N(Br)NCN32)S(=O)(=O)C1c1ccccc1,B0454b,openbind_d68ev3c_c1_scaffolds,B0541a,B1170a,,,
O=S1(=O)C(c2ccccc2)CCN1c1cccc2nncn12,B0454b,openbind_d68ev3c_c1_scaffolds,B0541a,B1219b,,,
Nc1nnc2n1C(N1CCC(c3ccccc3)S1(=O)=O)C1(CC2)CNCCN1,B0454b,openbind_d68ev3c_c1_scaffolds,B0450b,B0454a,B0691a,,
O=S(=O)(NCc1cc(N2CCC(c3ccccc3)S2(=O)=O)n2cnnc2c1)c1ccc(O)cc1,B0454b,openbind_d68ev3c_c1_scaffolds,B0691a,B0914a,B0914b,,
O=S1(=O)C(c2ccccc2)C2(CCNCC2)CN1c1cccc2nncn12,B0454b,openbind_d68ev3c_c1_scaffolds,B0691b,B0805a,,,
O=C(Cc1ccn[nH]1)Nc1ccc(F)c2c1CCN(CC(O)C(=O)O)C2,B0454b,openbind_d68ev3c_c1_scaffolds,7gqq-a,B0693a,,,
c1ccc(-c2nnc(CNCc3cc(SCc4ccncc4)cc4nncn34)[nH]2)cc1,B0454b,openbind_d68ev3c_c1_scaffolds,B0691a,B0723a,,,
c1ccc(-c2nnc(CNCc3cc(Cc4ccncc4)cc4nncn34)[nH]2)cc1,B0454b,openbind_d68ev3c_c1_scaffolds,B0691b,B0723a,,,
O=S(=O)(c1cc(CNCc2nnc(-c3ccccc3)[nH]2)n2cnnc2c1)N1CCNCC1,B0454b,openbind_d68ev3c_c1_scaffolds,B0723a,B0742a,,,
Cc1cc(CN2Cc3nc(-c4ccccc4)nn3S(=O)(=O)N2)n2cnnc2c1,B0454b,openbind_d68ev3c_c1_scaffolds,B0723a,B0931b,B1169a,,
CNC(=O)C1CCC2(CCc3nnc(N)n3C2Sc2nnc(-c3ccc[nH]3)o2)CC1,B0454b,openbind_d68ev3c_c1_scaffolds,7gq4-a,B0738a,B1463a,,
Nc1nnc2n1C(Sc1nnc(-c3ccc[nH]3)o1)C1(CC2)CNCCN1,B0454b,openbind_d68ev3c_c1_scaffolds,B0439a,B0738a,,,
C=CCn1c(-c2cccnc2)nnc1-c1cc(Sc2nnc(-c3ccc[nH]3)o2)n2cnnc2c1,B0454b,openbind_d68ev3c_c1_scaffolds,B0446b,B0738a,,,
CS(=O)(=O)NC1CCCC2(CCc3nnc(N)n3C2Sc2nnc(-c3ccc[nH]3)o2)C1,B0454b,openbind_d68ev3c_c1_scaffolds,B0738a,B1456b,,,
O=S(=O)(NCc1cc(Sc2nnc(-c3ccc[nH]3)o2)n2cnnc2c1)c1ccns1,B0454b,openbind_d68ev3c_c1_scaffolds,B0525b,B0738b,,,
O=S(=O)(NCc1cc(Sc2nnc(-c3ccc[nH]3)o2)n2cnnc2c1)N1CCOCC1,B0454b,openbind_d68ev3c_c1_scaffolds,B0738b,B0914b,,,
c1ccc(-c2nc(CNc3cc(Nc4nnc(-c5ccccc5)[nH]4)n4cnnc4c3)n[nH]2)cc1,B0454b,openbind_d68ev3c_c1_scaffolds,7gp2-a,B0742a,,,
Nc1nnc2n1C(Nc1nnc(-c3ccccc3)[nH]1)C1(CC2)CNCCN1,B0454b,openbind_d68ev3c_c1_scaffolds,7gqh-a,7go2-a,B0742a,,
O=S(=O)(NCc1cc(Nc2nnc(-c3ccccc3)[nH]2)n2cnnc2c1)c1ccns1,B0454b,openbind_d68ev3c_c1_scaffolds,B0525a,B0525b,B0742a,,
Cn1ccc(S(=O)(=O)NCc2cc(N3CCCC(c4ccccc4)S3(=O)=O)n3cnnc3c2)n1,B0454b,openbind_d68ev3c_c1_scaffolds,B0525b,B0805a,B0805b,,
Nc1ccc(S(=O)(=O)NCCc2cc(N3CCCC(c4ccccc4)S3(=O)=O)n3cnnc3c2)cn1,B0454b,openbind_d68ev3c_c1_scaffolds,B0723a,B0742a,B0805a,,
CS(=O)(=O)NC1CCCC2(CCc3nnc(N)n3C2N2CCCC(c3ccccc3)S2(=O)=O)C1,B0454b,openbind_d68ev3c_c1_scaffolds,B0805a,B1361b,,,
NC(NCC(Cc1nccc(=O)[nH]1)NS(=O)(=O)c1ccns1)c1ocnc1C(=O)Nc1c[nH]c(=O)c2ccccc12,B0454b,openbind_d68ev3c_c1_scaffolds,7gp9-a,7gok-a,B0839a,,
NCc1ocnc1C(=NCCCC(CNS(=O)(=O)c1ccc(N)nc1)c1nccc(O)n1)Nc1c[nH]c(=O)c2ccccc12,B0454b,openbind_d68ev3c_c1_scaffolds,B0839a,B1463a,,,
Cc1cc(O)nc(CCNS(=O)(=O)N2CCOC(CCNc3nc(C(=O)Nc4c[nH]c(=O)c5ccccc45)c(CN)o3)C2)n1,B0454b,openbind_d68ev3c_c1_scaffolds,7gp2-a,B0839b,,,
Cc1c(-c2cnccn2)c(CNS(=O)(=O)c2ccn(C)n2)cc2nnc(N)n12,B0454b,openbind_d68ev3c_c1_scaffolds,B0805a,B0857a,,,
NCc1ocnc1C(=NCCNc1cc2nnc(N)n2cc1-c1cnccn1)Nc1c[nH]c(=O)c2ccccc12,B0454b,openbind_d68ev3c_c1_scaffolds,7gpm-a,B0857b,,,
O=C(Nc1cn[nH]c1)Nc1cc(CCNS(=O)(=O)c2ccc(O)cc2)cc2nncn12,B0454b,openbind_d68ev3c_c1_scaffolds,B0454b,B0875a,,,
Nc1ccc(S(=O)(=O)NCCc2cc(NC(=O)Nc3cn[nH]c3)n3cnnc3c2)cn1,B0454b,openbind_d68ev3c_c1_scaffolds,B0525b,B0723a,B0875b,,
C=CCn1c(-c2cccnc2)nc(O)c1[SH]1Cc2nnc3cccc1n23,B0454b,openbind_d68ev3c_c1_scaffolds,B0455a,B0914a,,,
Cc1ccc(F)cc1NC(=O)c1cc(O)nc(CCNS(=O)(=O)c2cscn2)n1,7gov-a,openbind_d68ev3c_c1_scaffolds,7gov-a,B1457b,,,
CCC(=O)Nc1cc(CNc2nc(S(=O)(=O)NCCc3nc(C)cc(O)n3)cs2)c(C)cc1O,7gov-a,openbind_d68ev3c_c1_scaffolds,7gox-a,B1457b,,,
COC(=O)CNN=S(=O)(NCCc1nc(C)cc(O)n1)c1csc(C)n1,7gov-a,openbind_d68ev3c_c1_scaffolds,7goy-a,B1457b,,,
Cc1cn2ncnc2c(CCNS(=O)(=O)c2cscn2)n1,7gov-a,openbind_d68ev3c_c1_scaffolds,7go2-a,B1457b,,,
Cc1cc(O)nc(CCNS(=O)(=NCCC2(O)CCN(Cc3ccsc3)CC2)c2cscn2)n1,7gov-a,openbind_d68ev3c_c1_scaffolds,7gpk-a,B1457b,,,
COc1ccc(C2NN3C(C)CC(O)N3CC2CNS(=O)(=O)c2cscn2)cc1OC,7gov-a,openbind_d68ev3c_c1_scaffolds,B0450b,B1457b,,,
Cc1cc(O)nc(CC(NCCC(N)c2ocnc2C(=O)Nc2c[nH]c(=O)c3ccccc23)NS(=O)(=O)c2cscn2)n1,7gov-a,openbind_d68ev3c_c1_scaffolds,B0839a,B1457b,,,
Cc1cc(O)nc(CCNS(=O)(=O)c2csc(N)n2)n1,7gov-a,openbind_d68ev3c_c1_scaffolds,B1457b,B1460a,,,
Nc1ccc(S(=O)(=O)NC(Cc2nccc(O)n2)NCC(N)c2ocnc2C(=O)Nc2c[nH]c(=O)c3ccccc23)cn1,7gov-a,openbind_d68ev3c_c1_scaffolds,B0738b,B1460a,B1460b,,
Nc1ccc(S(=O)(=O)NCCc2nc(O)c3cc(S(=O)(=O)F)ccn23)cn1,7gov-a,openbind_d68ev3c_c1_scaffolds,B1020a,B1460a,B1460b,,
CC(C)C1NC2(CCC(S(=O)(=O)NCCc3nccc(O)n3)CN2)NO1,7gov-a,openbind_d68ev3c_c1_scaffolds,7gpf-a,B1460b,,,
O=S(=O)(NCCc1nc(CCc2ccncc2)cn2ncnc12)N1CCOCC1,7gov-a,openbind_d68ev3c_c1_scaffolds,B0742a,B1463a,,,
CC(CNC(=O)c1csc(N2CCCCC2)n1)[S+](C)[O-],7go4-b,openbind_d68ev3c_c1_scaffolds,7gp9-a,7gov-a,7gpo-a,,
CCOC(=O)C1CCN(C(=O)C(O)C2CCOCC2)C1,7go4-b,openbind_d68ev3c_c1_scaffolds,7gqc-a,7gpl-a,,,
CC(CC(=O)Nc1cnn(CC(=O)O)c1)n1cccn1,7go4-b,openbind_d68ev3c_c1_scaffolds,7gq5-b,7go4-b,,,
CCC(CNC(=O)Cn1ccnc1C(C)C)NCc1ccon1,7go4-b,openbind_d68ev3c_c1_scaffolds,7goy-a,7gq5-b,7gqq-a,7gqn-a,7gqn-c
Cc1nc2ccccn2c1CNC(Cc1cnc[nH]1)C(=O)O,7go4-b,openbind_d68ev3c_c1_scaffolds,7gny-a,7gph-a,,,
CC(CNC(=O)Cc1cccc(C(C)C)c1)NC(=O)c1cc[nH]n1,7go4-b,openbind_d68ev3c_c1_scaffolds,7gp7-a,7gow-a,,,
O=C(NCCc1c[nH]cn1)C1CCCN1,7go4-b,openbind_d68ev3c_c1_scaffolds,7gp7-a,7gow-a,,,
COCCOC(C)C(=O)OC1CCN(c2ccccn2)C1,7go4-b,openbind_d68ev3c_c1_scaffolds,7gp7-a,7gow-a,,,
Cc1nc(C(=O)NC(C)CCNC(=O)Cc2cccs2)c[nH]1,7go4-b,openbind_d68ev3c_c1_scaffolds,7gp7-a,7gow-a,,,
COCCn1cc(C(=O)NCCN(C)C(=O)C(C)CO)cn1,7go4-b,openbind_d68ev3c_c1_scaffolds,7gp7-a,7gow-a,,,
CC(C)Oc1nccnc1N1CCC(N2CCCC2)C1,7go4-b,openbind_d68ev3c_c1_scaffolds,7gp7-a,7gow-a,,,
O=C(NCCc1nc2ccccc2[nH]1)c1cc2ccc(C(F)(F)F)cc2[nH]1,7go4-b,openbind_d68ev3c_c1_scaffolds,7gpj-a,B0426a,,,
COc1ccncc1C(=O)N(C)CCNC(=O)CC1CCCO1,7go4-b,openbind_d68ev3c_c1_scaffolds,7gph-a,7gqn-a,,,
c1cncc(C(NCc2cn3cccnc3n2)C2CC2)c1,7go4-b,openbind_d68ev3c_c1_scaffolds,7gph-a,7gqn-a,,,
Cc1cc(NC(=O)CNCC(C)N(C)C(=O)CN2CCCC2)on1,7go4-b,openbind_d68ev3c_c1_scaffolds,7go7-a,7gpo-a,,,
CC(NC(=O)Cn1cccn1)C(C)NC(=O)c1cn2cccnc2n1,7go4-b,openbind_d68ev3c_c1_scaffolds,7go6-a,7gor-a,,,
CC(CN1CCCCC1)N(C)C(=O)NCc1cncnc1,7gq5-b,openbind_d68ev3c_c1_scaffolds,7gp9-a,7gor-a,,,
CCC(NC(=O)Cc1c[nH]c(C)n1)c1ncccn1,7gq5-b,openbind_d68ev3c_c1_scaffolds,7gp9-a,7gor-a,,,
CCC(CC)C(=O)NC1CCC(NC(=O)CCc2ccncc2)CC1,7gq5-b,openbind_d68ev3c_c1_scaffolds,7gp9-a,7gor-a,,,
CC(C)C(=O)N1Cc2ccccc2CC1CNC(=O)c1cn[nH]c1,7gq5-b,openbind_d68ev3c_c1_scaffolds,7gp6-a,7gpq-a,,,
Cc1cccc2[nH]c(NC(=O)Cn3cnc4ccccc43)nc12,7gq5-b,openbind_d68ev3c_c1_scaffolds,7gqa-a,7gpo-a,,,
O=C(NCCCCc1ccc(Cl)s1)c1ccn2ccnc2c1,7gq5-b,openbind_d68ev3c_c1_scaffolds,7goz-a,7gpc-a,,,
CCCCC(CNC(=O)c1cncs1)NC(=O)c1cc[nH]n1,7gq5-b,openbind_d68ev3c_c1_scaffolds,7goz-a,7gpc-a,,,
CC(c1ccccn1)N(C)C(=O)c1cnc2ccccn12,7gq5-b,openbind_d68ev3c_c1_scaffolds,7goz-a,7gpc-a,,,
CCC(CC)C(=O)NC1CN(C(=O)C(C)SC(C)C)CC1C,7gq5-b,openbind_d68ev3c_c1_scaffolds,7goz-a,7gpc-a,,,
CCOC(=O)c1ccc(C(=O)Nc2ccc3[nH]ccc3c2)cc1,7gq5-b,openbind_d68ev3c_c1_scaffolds,7goz-a,7gpc-a,,,
O=C(NCC(NC(=O)c1cccc2nccn12)C1CC1)c1cn[nH]c1,7gq5-b,openbind_d68ev3c_c1_scaffolds,7gq1-a,7gpc-a,7gqc-a,,
O=C1N=C(Nc2cccnc2)SC1=CC1=Cc2ccccc2OC1,7gq5-b,openbind_d68ev3c_c1_scaffolds,7gpc-a,7gqc-a,,,
C(#CC1CCNCC1)Cc1ccccn1,7gpp-a,openbind_d68ev3c_c1_scaffolds,7gpf-a,7gpm-a,,,
CC(NCC(C)N(C)C(=O)c1cn[nH]c1)C(=O)N1CCCCC1,7gpp-a,openbind_d68ev3c_c1_scaffolds,7gpf-a,7gpm-a,,,
O=C(NCCN(C(=O)CCc1cscn1)C1CC1)c1cnc[nH]1,7gpp-a,openbind_d68ev3c_c1_scaffolds,7gpf-a,7gpm-a,,,
CC(NCCc1c[nH]c2cccc(F)c12)c1ccn[nH]1,7gpp-a,openbind_d68ev3c_c1_scaffolds,7gqr-a,7goq-a,7gor-a,7gnz-a,
CCCCC(CNC(=O)CN1CCCC1)NC(=O)c1ncc[nH]1,7gpp-a,openbind_d68ev3c_c1_scaffolds,7gqr-a,7goq-a,7gor-a,7gnz-a,
c1ccc2c(c1)ccn2CCNCc1c[nH]nc1-c1ccc2c(c1)OCO2,7gpp-a,openbind_d68ev3c_c1_scaffolds,7gqr-a,7goq-a,7gor-a,7gnz-a,
COC(=O)C1CCCN1C(=O)COc1ccsc1,7gpp-a,openbind_d68ev3c_c1_scaffolds,7gqr-a,7gp7-a,,,
Cc1ccc(CCNS(=O)(=O)N(C)C2CCNCC2)s1,7gpp-a,openbind_d68ev3c_c1_scaffolds,7gp7-a,7goo-a,7go8-a,,
O=C(NCCCC1CCCN1)N1CCCC1c1ccsc1,7gpp-a,openbind_d68ev3c_c1_scaffolds,7gp7-a,7goo-a,7go8-a,,
COC(C)CN1CCC(CNC(=O)CCn2cnc3ccccc32)C1,7gpp-a,openbind_d68ev3c_c1_scaffolds,7gp7-a,7goo-a,7go8-a,,
CC(NC(=O)C(=O)NCCCn1cccn1)C1=CCN(C)CC1,7gpp-a,openbind_d68ev3c_c1_scaffolds,7gnz-a,7gqc-a,,,
CCCCC(NC(=O)c1cn2cccnc2n1)c1cccnc1,7gpp-a,openbind_d68ev3c_c1_scaffolds,7goj-a,7gny-a,,,
CNC(C)c1ccc(NC(=O)c2ccn[nH]2)cc1,7gpp-a,openbind_d68ev3c_c1_scaffolds,7gp9-a,7goy-a,,,
O=C(NCC1CCCO1)c1ccc2nccn2c1,7gpp-a,openbind_d68ev3c_c1_scaffolds,7gp9-a,7goy-a,,,
CCS(=O)(=O)N(C)C1CCN(C(=O)Nc2cccnc2)CC1,7gpp-a,openbind_d68ev3c_c1_scaffolds,7gp9-a,7goy-a,,,
Cc1nc(C(=O)NC(C)CCNC(=O)Cc2ccn[nH]2)cs1,7gpp-a,openbind_d68ev3c_c1_scaffolds,7gp9-a,7goy-a,,,
CC(NC(=O)Cn1c(-c2ncccn2)noc1=O)c1ccccc1,7gpp-a,openbind_d68ev3c_c1_scaffolds,7goz-a,7gph-a,,,
CC(NC(=O)C(=O)Nc1ccnn1C1CCCC1)c1cn[nH]c1,7gpp-a,openbind_d68ev3c_c1_scaffolds,7goz-a,7gph-a,,,
CC1C(c2ccccc2)CCN1c1ccnc2nccn12,7gpp-a,openbind_d68ev3c_c1_scaffolds,7gpo-a,B0693a,,,
CN(Cc1nc(-c2ccccc2)c[nH]1)C(=O)NCCc1nc2ccccc2[nH]1,7gpp-a,openbind_d68ev3c_c1_scaffolds,7gpo-a,B0693a,,,
CCC(CC)C(=O)NC12CCN(C(=O)c3cnsc3)CC1C2,7gpp-a,openbind_d68ev3c_c1_scaffolds,7gpk-b,7gpo-a,,,
O=C(CN(CC(=O)NCc1ncc[nH]1)c1ccccc1)NCc1ncc[nH]1,7gpp-a,openbind_d68ev3c_c1_scaffolds,7gpk-b,7gpo-a,,,
O=C(NCC(NC(=O)c1cccc2nccn12)C1CC1)c1cc[nH]n1,7gpp-a,openbind_d68ev3c_c1_scaffolds,7gpk-b,7gpo-a,,,
CNC(=O)CCCC(=O)N1CCC(Nc2nc3ccccc3o2)C1,7gpp-a,openbind_d68ev3c_c1_scaffolds,7gqn-b,7gpl-a,,,
c1n[nH]cc1C1CCCCN1,7gpp-a,openbind_d68ev3c_c1_scaffolds,7goz-a,7gph-a,,,
CS(=O)(=O)CC(O)c1ccncc1F,7gpp-a,openbind_d68ev3c_c1_scaffolds,7goz-a,7gph-a,,,
CCN(C)CC(=O)N(C)C1CCN(C(=O)C(O)c2ccsc2)C1,7gpp-a,openbind_d68ev3c_c1_scaffolds,7goz-a,7gph-a,,,
CC(CNC(=O)CCc1ccn[nH]1)CNC(=O)c1cncn1C,7gpp-a,openbind_d68ev3c_c1_scaffolds,7goz-a,7gph-a,,,
CCOC(=O)c1cnc(NC(=O)C(CC)CC(C)C)n1C,7go7-a,openbind_d68ev3c_c1_scaffolds,7go6-a,7gpl-a,,,
c1ccc2[nH]c(C3CCC(NCc4cnc[nH]4)CC3)nc2c1,7go7-a,openbind_d68ev3c_c1_scaffolds,7go6-a,7gpl-a,,,
CC(Cc1cnc[nH]1)C(=O)NCCC1CCCN1,7go7-a,openbind_d68ev3c_c1_scaffolds,7gp9-a,7goy-a,,,
CC(CCNc1ncccn1)NC(=O)C1CCCN1C(C)C,7go7-a,openbind_d68ev3c_c1_scaffolds,7gpc-a,7gpo-a,,,
O=C(Cc1ccn(C2CCCC2)n1)OCCc1cn[nH]c1,7go7-a,openbind_d68ev3c_c1_scaffolds,7gp4-a,7gpc-a,7gpo-a,,
Nc1ccc(-c2ccnn2-c2cccnc2)nn1,7go7-a,openbind_d68ev3c_c1_scaffolds,7gp4-a,7gpc-a,7gpo-a,,
COc1ccc2sc(NC(=O)NC(C)CN3CCCC3)nc2c1,7go7-a,openbind_d68ev3c_c1_scaffolds,7gph-a,7go8-a,,,
O=C(NCCn1ccc2ccc(Cl)cc21)c1ccncc1,7go7-a,openbind_d68ev3c_c1_scaffolds,7got-a,7go0-a,,,
Cc1[nH]ncc1CCCNC(=O)Cn1cnc2ccccc21,7go7-a,openbind_d68ev3c_c1_scaffolds,7got-a,7go0-a,,,
CC(Cc1cnc[nH]1)C(=O)N(CCC#N)Cc1cccnc1,7go7-a,openbind_d68ev3c_c1_scaffolds,7got-a,7go0-a,,,
Cc1ccc(C(=O)NCC(CC(C)C)NC(=O)Cc2cnc[nH]2)s1,7go7-a,openbind_d68ev3c_c1_scaffolds,7got-a,7go0-a,,,
CC(CNC(=O)C1CCCOC1)NC(=O)CCc1ccn[nH]1,7go7-a,openbind_d68ev3c_c1_scaffolds,7got-a,7go0-a,,,
N#Cc1c(C(=O)NCCC2CCCN2)[nH]c2ccccc12,7go7-a,openbind_d68ev3c_c1_scaffolds,7got-a,7go0-a,,,
COCCC(C)C(=O)N1CCC(n2cc(CCNC(C)=O)nn2)C1,7go7-a,openbind_d68ev3c_c1_scaffolds,7got-a,7go0-a,,,
CCCCC(CC)CNC(=O)N1CCC(C2CCNC2)CC1,7go7-a,openbind_d68ev3c_c1_scaffolds,7got-a,7go0-a,,,
CN(CCNC(=O)Cn1cccn1)C(=O)c1cccnc1C(F)F,7go7-a,openbind_d68ev3c_c1_scaffolds,7got-a,7go0-a,,,
O=C(Cn1cnc2ccccc21)NC(CN1C(=O)COC1=O)c1ccccc1,7go7-a,openbind_d68ev3c_c1_scaffolds,7goj-a,7go8-a,,,
O=C(CCc1c[nH]c2ccccc12)NCCn1cc(Cl)cn1,7go7-a,openbind_d68ev3c_c1_scaffolds,7gp2-a,7goy-a,,,
Cc1cccc2c1CN(C(=O)C(C)Cc1cnc[nH]1)CC2,7go7-a,openbind_d68ev3c_c1_scaffolds,7gp2-a,7goy-a,,,
CCOc1ccc2cc(C(=O)C(C#N)c3nc4ccccc4o3)[nH]c2c1,7go7-a,openbind_d68ev3c_c1_scaffolds,7gp2-a,7goy-a,,,
CCN(CCNC(=O)c1csc(C)n1)C(=O)CC1CCCO1,7go7-a,openbind_d68ev3c_c1_scaffolds,7gp2-a,7goy-a,,,
Cn1cncc1S(=O)(=O)NC(=O)CNCC1CCCO1,7go7-a,openbind_d68ev3c_c1_scaffolds,7goz-a,7gqc-a,,,
CC(CN(C)C(=O)c1cc[nH]n1)NC(=O)c1ccc2[nH]cnc2c1,7gow-a,openbind_d68ev3c_c1_scaffolds,7gow-a,7go8-a,,,
COC(=O)c1nccc(NCCc2cnc[nH]2)n1,7gow-a,openbind_d68ev3c_c1_scaffolds,7gpf-a,7gpm-a,,,
O=C(CC1CCCN1)Nc1cnn(C2CCCC2)c1,7gow-a,openbind_d68ev3c_c1_scaffolds,7goj-a,7gqm-a,,,
O=C(NC1CCNC1)C(=O)N1CCC(c2c[nH]cn2)CC1,7gpq-a,openbind_d68ev3c_c1_scaffolds,7go6-a,7gqc-a,,,
COC(C)c1nc(-c2cnc[nH]2)n(-c2nc3ccccc3[nH]2)n1,7gpq-a,openbind_d68ev3c_c1_scaffolds,7goq-a,7go0-a,,,
Cn1cnc2cccc(C(=O)Nc3ccc4c(c3)CCO4)c21,7gqa-a,openbind_d68ev3c_c1_scaffolds,7go0-a,7gpg-a,,,
CCOC(=O)c1cccc(C(=O)N(C)Cc2ncc[nH]2)c1,7gqa-a,openbind_d68ev3c_c1_scaffolds,7goq-a,7gq3-a,7gpl-a,,
O=C(Cn1ccccc1=O)Nc1ccc2nc(C(F)F)sc2c1,7gqa-a,openbind_d68ev3c_c1_scaffolds,7gp9-a,7goy-a,7gnz-a,,
c1ccc2c(c1)ncn2C1CCCNC1,7gqa-a,openbind_d68ev3c_c1_scaffolds,7gp9-a,7goy-a,7gnz-a,,
CC(C)(C(=O)O)n1cc(NC(=O)c2cn3ccnc3s2)cn1,7gqa-a,openbind_d68ev3c_c1_scaffolds,7gp9-a,7goy-a,7gnz-a,,
O=C(CC1CCCC(C(F)(F)F)O1)OCc1cnc2sccn12,7gqa-a,openbind_d68ev3c_c1_scaffolds,7gny-a,7go0-a,,,
O=C(CSCCCC(F)(F)F)NCCc1ccsc1,7gqa-a,openbind_d68ev3c_c1_scaffolds,7gny-a,7go0-a,,,
O=C(C=Cc1nc2cc(F)ccc2s1)c1ccc2c(c1)CCO2,7gqa-a,openbind_d68ev3c_c1_scaffolds,7gpc-a,7gqa-a,,,
Cc1cc(S(=O)(=O)NCCCCn2ccccc2=O)cs1,7gqa-a,openbind_d68ev3c_c1_scaffolds,7gpc-a,7gqa-a,,,
c1cc(C2CCCNC2)on1,7gqa-a,openbind_d68ev3c_c1_scaffolds,7gpc-a,7gqa-a,,,
Cc1ccc(C(=O)NCCN(C)C(=O)c2cn3ccccc3n2)s1,7gqa-a,openbind_d68ev3c_c1_scaffolds,7gpc-a,7gqa-a,,,
O=C(Cc1cn[nH]c1)Nc1ccnn1C1CCCC1,7gqa-a,openbind_d68ev3c_c1_scaffolds,7gp9-a,7gpc-a,,,
COCCn1ccnc1NC(=O)CSCc1ncc[nH]1,7gqa-a,openbind_d68ev3c_c1_scaffolds,7gp2-a,7go5-a,,,
CCN(Cc1ccn(C2CCCC2)n1)C(C)CNC(=O)c1cn[nH]c1,7gqa-a,openbind_d68ev3c_c1_scaffolds,7goj-a,7gpl-a,,,
CC(CNC(=O)C(C)CC1CCCCC1)NC(=O)Cc1ccsc1,7gqa-a,openbind_d68ev3c_c1_scaffolds,7goj-a,7gpl-a,,,
COCCC1(C(=O)NCC(C)CNC(=O)c2cc[nH]n2)CCCC1,7gqa-a,openbind_d68ev3c_c1_scaffolds,7goj-a,7gpl-a,,,
Cc1cccc2[nH]cc(CC(=O)NC(C)CCC3CCCC3)c12,7gpp-a,openbind_d68ev3c_c1_scaffolds,7gp7-a,7go5-a,,,
CC(=NNC(=O)Cc1c[nH]c2ccccc12)c1nc2ccccc2s1,7gpp-a,openbind_d68ev3c_c1_scaffolds,7gp7-a,7go5-a,,,
CCC(C)(C)C(O)C(=O)N1CCCC1CNC(=O)c1cc[nH]n1,7gpp-a,openbind_d68ev3c_c1_scaffolds,7goz-a,7go0-a,,,
O=C(Cc1ccn(C2CCCC2)n1)OCCC1CCCNC1=O,7gpp-a,openbind_d68ev3c_c1_scaffolds,7gp7-a,7gow-a,,,
OC(CNCc1cn2ccsc2n1)CC1CCCO1,7gpp-a,openbind_d68ev3c_c1_scaffolds,7gp7-a,7gow-a,,,
CC(CN(C)C(=O)c1cc[nH]n1)NC(=O)Cc1cnoc1,7gpp-a,openbind_d68ev3c_c1_scaffolds,7gph-a,7gpo-a,,,
O=C(NCc1nc(-c2ccccn2)no1)c1ccc2[nH]c3c(c2c1)CCCC3,7gpp-a,openbind_d68ev3c_c1_scaffolds,7gph-a,7gpo-a,,,
CN(CC1CCCN1C(=O)CO)C(=O)c1ccn2ccnc2n1,7gpp-a,openbind_d68ev3c_c1_scaffolds,7gph-a,7gpo-a,,,
Cc1cc(CC(=O)NC(C)CNC(=O)C(C)CC2CCC2)cs1,7gpp-a,openbind_d68ev3c_c1_scaffolds,7gph-a,7gpo-a,,,
CC(NC(=O)c1ccc2ncsc2c1)c1ncc[nH]1,7gpp-a,openbind_d68ev3c_c1_scaffolds,7gph-a,7gpo-a,,,
c1cc(C2NCCS2)ccn1,7gpp-a,openbind_d68ev3c_c1_scaffolds,7gph-a,7gpo-a,,,
CS(=O)(=O)CC(O)C1CCSCC1,7gpp-a,openbind_d68ev3c_c1_scaffolds,7gph-a,7gpo-a,,,
O=C(OCCc1cn[nH]c1)c1c[nH]c2cc(Cl)ccc12,7gpp-a,openbind_d68ev3c_c1_scaffolds,7gph-a,7gpo-a,,,
CN(C)CCCC(=O)NC1CCN(C(=O)C(O)c2c[nH]cn2)C1,7go9-a,openbind_d68ev3c_c1_scaffolds,7gpf-a,7gpm-a,,,
CC(CNC(=O)c1ccco1)(NC(=O)Cc1ncc[nH]1)C1CC1,7go9-a,openbind_d68ev3c_c1_scaffolds,7gp9-a,7gpm-a,,,
CCc1nc(C(=O)NCC(NC(=O)c2cc[nH]n2)C(C)C)c[nH]1,7go9-a,openbind_d68ev3c_c1_scaffolds,7go0-a,7gpg-a,,,
CN(CC(=O)CC#N)c1ccc2[nH]cnc2c1,7go9-a,openbind_d68ev3c_c1_scaffolds,7gp7-a,7go8-a,,,
c1ccc2[nH]c(-c3cnc[nH]3)cc2c1,7go9-a,openbind_d68ev3c_c1_scaffolds,7gp7-a,7go8-a,,,
O=S(=O)(c1ccc2c(c1)CCO2)N1CCSC(c2cccs2)CC1,7go9-a,openbind_d68ev3c_c1_scaffolds,7goz-a,7gph-a,,,
N#CCC1=NNC(=O)C1Cc1ccccn1,7go9-a,openbind_d68ev3c_c1_scaffolds,7goz-a,7gph-a,,,
CC(Cc1cnn(C)c1)Nc1ccn2ccnc2n1,7go9-a,openbind_d68ev3c_c1_scaffolds,7gp4-a,7gpl-a,,,
Fc1cccc2nc(NCc3cc4sccc4[nH]3)oc12,7go9-a,openbind_d68ev3c_c1_scaffolds,7gp4-a,7gpl-a,,,
O=C(NCc1cnsc1)C(=O)NCc1n[nH]c2c1CCCC2,7go9-a,openbind_d68ev3c_c1_scaffolds,7gp4-a,7gpl-a,,,
O=C(CCCCCl)N1CCc2ccccc2C1,7go9-a,openbind_d68ev3c_c1_scaffolds,7gp4-a,7gpl-a,,,
CC(CC(C)Nc1nc2cccc(F)c2s1)NC(=O)c1cc[nH]n1,7go9-a,openbind_d68ev3c_c1_scaffolds,7gp4-a,7gpl-a,,,
O=C(NCc1n[nH]c2c1CCC2)c1cnc2ncc(Cl)cn12,7go9-a,openbind_d68ev3c_c1_scaffolds,7gqr-a,7gnv-a,,,
O=C(NC(Cc1ccccc1)c1nc2ccccc2s1)N1CCNCC1,7go9-a,openbind_d68ev3c_c1_scaffolds,7gqr-a,7gnv-a,,,
COc1cc(C(=O)NCCC(C)NC(=O)c2cn[nH]c2)on1,7go9-a,openbind_d68ev3c_c1_scaffolds,7goj-a,7gqp-a,,,
CCC(CC)C(=O)NC1CC(CNC(=O)CCc2c[nH]cn2)C1,7go9-a,openbind_d68ev3c_c1_scaffolds,7goj-a,7gqp-a,,,
Cc1nc(CC(=O)N(C)CCN(C)C(=O)c2cc[nH]n2)c[nH]1,7go9-a,openbind_d68ev3c_c1_scaffolds,7gny-a,7gph-a,,,
c1cncc(-c2cnn3c2CCC3)c1,7go9-a,openbind_d68ev3c_c1_scaffolds,7gny-a,7gph-a,,,
c1cc2c(cc1C1CCCCN1)SCC2,7go9-a,openbind_d68ev3c_c1_scaffolds,7gpg-a,7gqp-a,7gqn-a,,
COCCc1cn(C(C)CNC(=O)c2cccn3ccnc23)nn1,7go9-a,openbind_d68ev3c_c1_scaffolds,7gpg-a,7gqp-a,7gqn-a,,
Cc1cc(C(=O)NCC(C)NC(=O)CCc2c[nH]cn2)cs1,7go9-a,openbind_d68ev3c_c1_scaffolds,7gpg-a,7gqp-a,7gqn-a,,
O=C(Nc1ccc2c(c1)CCO2)c1csc(C2CCNCC2)n1,7go9-a,openbind_d68ev3c_c1_scaffolds,7gpg-a,7gqp-a,7gqn-a,,
c1c(C2CCNCC2)nn2c1CCCCC2,7go9-a,openbind_d68ev3c_c1_scaffolds,7gpg-a,7gph-a,,,
CC(C=O)Cc1ccccn1,7go9-a,openbind_d68ev3c_c1_scaffolds,7gpg-a,7gph-a,,,
CCC(C#N)C(=O)NC1CCCN(C(=O)CCc2ncc[nH]2)C1,7go9-a,openbind_d68ev3c_c1_scaffolds,7gpg-a,7gph-a,,,
c1cn(-c2csc(CNc3ccc4nscc4c3)c2)cn1,7go9-a,openbind_d68ev3c_c1_scaffolds,7gpg-a,7gph-a,,,
CCC(C)(C)C(O)C(=O)N1CCC(NC(=O)C23CCN(CC2)C3)C1,7go9-a,openbind_d68ev3c_c1_scaffolds,7gpg-a,7gph-a,,,
CSC(C)(C)C(=O)NCC1CCN(C(=O)C(O)c2c[nH]cn2)C1,7go9-a,openbind_d68ev3c_c1_scaffolds,7gpg-a,7gph-a,,,
O=C(CN1CCN(c2nccs2)CC1)NCCc1nc2ccccc2s1,7go9-a,openbind_d68ev3c_c1_scaffolds,7gpg-a,7gph-a,,,
CC(C)CC(C(=O)NC1CC(c2ncc[nH]2)C1)n1ccnc1,7go9-a,openbind_d68ev3c_c1_scaffolds,7gpg-a,7gph-a,,,
CCC(CNC(=O)c1ccc2ncsc2c1)NCc1cscn1,7go9-a,openbind_d68ev3c_c1_scaffolds,7gpg-a,7gph-a,,,
O=C(Nc1ccnn1C1CCCC1)c1cn2c(n1)CCCC2,7go9-a,openbind_d68ev3c_c1_scaffolds,7gpg-a,7gph-a,,,
CC(NC(=O)N1CCN(c2ccccc2)CC1)C(=O)Nc1nc2ccccc2s1,7go9-a,openbind_d68ev3c_c1_scaffolds,7gpg-a,7gph-a,,,
C1=C(CN2CCCC2c2nccs2)COc2ccccc21,7go9-a,openbind_d68ev3c_c1_scaffolds,7gqr-a,7goq-a,,,
C1CNC(C2CSC2)C1,7got-a,openbind_d68ev3c_c1_scaffolds,7gok-a,7gov-a,,,
CC(CCNC(=O)C1CCOC1)NC(=O)Cc1cn2ccsc2n1,7got-a,openbind_d68ev3c_c1_scaffolds,7gpz-a,7goy-a,,,
c1cc2c3c(c1)nc(C1CCCN1)n3CCC2,7got-a,openbind_d68ev3c_c1_scaffolds,7gp4-a,7gp7-a,7gpq-a,7gpg-a,
c1cc(C2CCCN(c3ccnc4nccn34)C2)ccn1,7got-a,openbind_d68ev3c_c1_scaffolds,7gp9-a,7go9-a,,,
CC(NC(=O)Cn1ccc2ccccc21)C(C)NC(=O)c1cc[nH]n1,7got-a,openbind_d68ev3c_c1_scaffolds,7gow-a,7gpc-a,,,
O=S(=O)(Nc1cccnc1C1CC1)c1cccc2c1OCC2,7got-a,openbind_d68ev3c_c1_scaffolds,7goj-a,7gor-a,7gnz-a,B1307a,
CC(OC(=O)c1ccc2[nH]c3c(c2c1)CCCC3)c1csnn1,7got-a,openbind_d68ev3c_c1_scaffolds,7goj-a,7gor-a,7gnz-a,B1307a,
CC(C)Cc1nnc2n1CCN(C(=O)NC1CCCOC1)C2,7got-a,openbind_d68ev3c_c1_scaffolds,7goj-a,7gor-a,7gnz-a,B1307a,
CC(C)(C(=O)O)n1cc(NC(=O)CCCc2ccccc2)cn1,7got-a,openbind_d68ev3c_c1_scaffolds,7goj-a,7gor-a,7gnz-a,B1307a,
O=C(NCCc1ncc[nH]1)c1[nH]c2ccccc2c1Cl,7got-a,openbind_d68ev3c_c1_scaffolds,7goj-a,7gor-a,7gnz-a,B1307a,
Cc1nc2ccccn2c1CNC(CC1CCCCN1)C(F)(F)F,7got-a,openbind_d68ev3c_c1_scaffolds,7gp9-a,7gov-a,,,
Cc1ccc2c(c1)C=C(C(=O)NCc1cccs1)CO2,7got-a,openbind_d68ev3c_c1_scaffolds,7gp9-a,7gov-a,,,
c1ccc2[nH]c(N3CCC(c4ncc[nH]4)CC3)nc2c1,7got-a,openbind_d68ev3c_c1_scaffolds,7gp9-a,7gov-a,,,
CC(CNC(=O)CCc1cncnc1)CNC(=O)c1cnc(Cl)[nH]1,7got-a,openbind_d68ev3c_c1_scaffolds,7gny-a,7gpc-a,,,
CCOC(=O)C1CN(C(=O)N(C)Cc2ncc[nH]2)CCO1,7got-a,openbind_d68ev3c_c1_scaffolds,7go4-a,7gpo-a,,,
NC(Cc1cc[nH]n1)C(=O)NCCc1cccc2cc[nH]c12,7got-a,openbind_d68ev3c_c1_scaffolds,7go4-a,7gpo-a,,,
Cc1ccc(C(=O)NNC(=O)NCc2ccncc2)s1,7got-a,openbind_d68ev3c_c1_scaffolds,7go4-a,7gpo-a,,,
Cc1nc2c(C(=O)Nc3ccc4c(c3)CCO4)cccc2o1,7got-a,openbind_d68ev3c_c1_scaffolds,7go4-a,7gpo-a,,,
O=C(NC(CNC(=O)c1cnc2ccccn12)C1CC1)c1cc[nH]n1,7got-a,openbind_d68ev3c_c1_scaffolds,7go4-a,7gpo-a,,,
O=C(NCc1csc(Cl)c1)c1ccn2ccnc2n1,7gpo-a,openbind_d68ev3c_c1_scaffolds,7gpq-a,7gpk-b,7gpo-a,,
O=C(Nc1cnc2nccn2c1)N1CCC(c2ccco2)C1,7gpo-a,openbind_d68ev3c_c1_scaffolds,7go6-a,7gqm-a,,,
CCC(CNC(=O)c1nc(Cl)cs1)NC(=O)CC1CCOC1,7gpo-a,openbind_d68ev3c_c1_scaffolds,7gpg-a,7gph-a,,,
Cc1ccc2nc(NC(=O)C(O)Cc3c[nH]cn3)sc2c1,7gpo-a,openbind_d68ev3c_c1_scaffolds,7goj-a,7gqm-a,,,
Cc1nc2ccccc2n1CCC(=O)NC(C)c1ccc2c(c1)CCCO2,7gpo-a,openbind_d68ev3c_c1_scaffolds,7goj-a,7gqm-a,,,
O=C(CN1CCCC(c2ccn[nH]2)C1)NCCc1cccs1,7gpo-a,openbind_d68ev3c_c1_scaffolds,7go7-a,7gpo-a,,,
CC(C)S(=O)(=O)C1CCN(C(=O)C(=O)NCC2CCCNC2)C1,7gpo-a,openbind_d68ev3c_c1_scaffolds,7go7-a,7gpo-a,,,
C1=C(c2ccsc2)CNCC1,7gpo-a,openbind_d68ev3c_c1_scaffolds,7go4-a,7gph-a,,,
Clc1c(CNc2cnsn2)nc2ccccn12,7gpo-a,openbind_d68ev3c_c1_scaffolds,7go4-a,7gph-a,,,
O=C(Nc1cccc2c1ccn2C(F)F)c1cnc2n1CCS2,7gpo-a,openbind_d68ev3c_c1_scaffolds,7go4-a,7gph-a,,,
CCC(CC)C(=O)NC1CC(N(C)C(=O)Cc2ccn[nH]2)C1,7gq3-a,openbind_d68ev3c_c1_scaffolds,7go0-a,7gpl-a,,,
CC(C)SCC(=O)N1CCC(C(C)NC(=O)Cc2ccn[nH]2)CC1,7gq3-a,openbind_d68ev3c_c1_scaffolds,7goq-a,7go8-a,,,
CC(CNC(=O)Cc1cc(C(C)C)no1)NC(=O)c1cc[nH]n1,7gq3-a,openbind_d68ev3c_c1_scaffolds,7gp6-a,7gph-a,,,
CC(CC1CCOC1)(C(=O)O)n1ccc(C(F)(F)F)n1,7gq3-a,openbind_d68ev3c_c1_scaffolds,7goo-a,7gqm-a,7gpq-a,,
CC(CC(C)NC(=O)Cn1cccn1)NC(=O)Cc1cnc[nH]1,7gq3-a,openbind_d68ev3c_c1_scaffolds,7gp9-a,7gph-a,B0693a,,
CC(NC(=O)N1CCC(S(=O)(=O)C(C)C)C1)c1cn[nH]c1,7gq3-a,openbind_d68ev3c_c1_scaffolds,7gp9-a,7gph-a,B0693a,,
COC(C)CC(=O)NCC1CCN(Cc2ccc3ncccc3c2)C1,7gq3-a,openbind_d68ev3c_c1_scaffolds,7goq-a,7go8-a,,,
CCCN(CCNC(=O)c1cc[nH]n1)C(=O)c1nc[nH]c1C,7gq3-a,openbind_d68ev3c_c1_scaffolds,7gpc-a,7gpg-a,,,
CC(Nc1ccc2oc(C(C)(C)C)nc2c1)c1c[nH]cn1,7gq3-a,openbind_d68ev3c_c1_scaffolds,7gpc-a,7gpg-a,,,
O=S(=O)(NCc1cnc2nccn2c1)c1cccnc1,7gq3-a,openbind_d68ev3c_c1_scaffolds,7gpc-a,7gpg-a,,,
CC(CCNC(=O)C1CCOC1)NC(=O)Cc1cocn1,7gq3-a,openbind_d68ev3c_c1_scaffolds,7gpc-a,7gpg-a,,,
CC(C)(C(=O)O)n1ccc(NC(=O)c2ccn3nccc3c2)n1,7gq3-a,openbind_d68ev3c_c1_scaffolds,7gpc-a,7gpg-a,,,
c1cc2c(cc1C1CCCNC1)CCCC2,7gq3-a,openbind_d68ev3c_c1_scaffolds,7gpc-a,7gpg-a,,,
CCC(C)C(=O)NCC(=O)N1CCCC(CNC(=O)c2cc[nH]n2)C1,7gq3-a,openbind_d68ev3c_c1_scaffolds,7gpc-a,7gpg-a,,,
CC(CNC(=O)C12CCC(CC1)O2)NC(=O)Cc1nccn1C,7gq3-a,openbind_d68ev3c_c1_scaffolds,7gpc-a,7gpg-a,,,
O=C(CCc1ccc2ncsc2c1)N1CCN(c2ncc[nH]2)CC1,7gq3-a,openbind_d68ev3c_c1_scaffolds,7gpc-a,7gpg-a,,,
CC(CNC1CCNC1=O)NC(=O)c1cccc2cc[nH]c12,7gq3-a,openbind_d68ev3c_c1_scaffolds,7gpc-a,7gpg-a,,,
