name,gnina_score,gnina_score_min,smina_score_min,min_rmsd,
P810,5.630,5.567,-7.526,0.553
P944,4.463,4.347,-5.610,0.652
P1410,3.491,3.274,-2.857,2.045
P1411,3.509,3.495,-2.406,1.582
P2537,4.326,3.984,-4.300,0.648
P2540,4.033,3.875,-4.092,2.139
P3246,5.329,5.390,-6.692,0.923
P4097,5.345,5.510,-3.879,1.216
P4129,5.915,6.071,-5.827,0.521
P4539,4.427,4.189,-4.972,0.969
P5890,5.246,5.206,-6.553,0.394
P6803,4.311,4.473,-5.983,1.080
P7453,5.014,5.005,-5.426,0.665
P8090,4.373,4.562,-4.750,1.280
P8760,4.608,4.689,-4.086,1.157
P8892,5.620,5.707,-6.134,1.157
P9109,4.348,4.402,-5.800,0.822
P11635,5.680,5.773,-6.495,0.416
P15274,5.357,5.326,-6.480,0.523
P15275,5.490,5.417,-6.508,0.501
P15638,5.391,4.825,-4.862,2.376
P15897,3.117,3.256,-3.046,1.693
P16706,6.102,4.905,-6.440,2.166
P18206,4.639,4.640,-5.894,0.327
P19678,3.605,3.674,-5.074,0.572
P19748,3.843,3.831,-4.368,0.340
P19749,3.925,3.933,-4.553,1.745
P23693,4.294,3.817,-3.795,1.924
P23697,4.077,3.692,-4.417,1.743
P23703,4.380,3.696,-4.155,2.126
P23706,4.098,3.789,-4.168,1.355
P23709,4.307,4.012,-3.636,1.712
P23722,4.018,3.814,-3.380,0.718
P23724,4.155,3.979,-4.036,1.117
P23728,4.047,3.696,-4.037,1.273
P23741,4.274,3.994,-3.919,0.740
P26724,3.860,3.881,-4.876,1.208
P26728,4.086,3.913,-4.474,1.500
P26805,4.634,4.605,-5.047,0.750
P26816,4.847,4.837,-5.636,1.037
P26819,5.067,4.969,-5.531,0.788
P26820,5.542,5.567,-6.883,0.418
P26830,5.546,5.598,-7.244,0.388
P26831,5.496,5.489,-7.082,0.680
P26870,5.288,5.438,-3.525,0.774
P26874,4.666,4.656,-5.819,0.423
P26875,4.868,4.910,-5.458,0.636
P26877,5.183,5.141,-6.722,0.555
P26878,5.326,5.471,-6.478,0.646
P26880,5.416,5.278,-6.772,0.285
P26881,5.054,5.080,-6.671,0.422
P26889,5.687,5.807,-5.531,0.477
P26890,5.571,5.419,-5.902,0.396
P26891,5.815,5.951,-5.850,0.545
P26893,5.642,5.564,-6.295,0.463
P26906,5.587,5.636,-6.915,0.372
P26912,5.467,5.407,-6.136,0.308
P26924,5.476,5.503,-6.847,0.444
P27400,4.376,3.929,-4.164,0.630
P28690,4.660,4.501,-4.449,0.513
P30306,4.514,4.499,-5.257,0.748
P31267,5.250,5.572,-6.281,0.654
P31487,4.155,4.152,-4.653,1.571
P31494,4.135,3.779,-3.176,2.683
P31842,4.873,5.035,-6.854,0.594
P31846,5.413,5.404,-7.965,0.476
P33051,4.634,4.702,-5.013,0.713
P33919,5.428,5.470,-6.885,0.515
P34113,5.014,5.016,-6.104,0.460
P34116,4.813,4.791,-6.427,0.278
P34239,4.281,4.188,-4.262,0.644
P34455,4.346,4.352,-4.925,0.334
P34458,4.036,4.204,-4.554,1.079
P34468,3.701,3.561,-3.751,1.550
P34471,3.661,3.685,-4.178,0.159
P34950,4.702,4.747,-6.660,0.754
P35200,4.806,4.373,-4.540,1.664
P36471,3.011,2.991,-2.606,0.440
P36501,3.114,2.979,-3.150,0.696
P36503,3.277,3.306,-3.913,1.594
P36508,5.501,5.410,-6.112,0.737
P36509,5.705,5.806,-5.945,0.472
P36514,5.039,4.823,-5.220,1.136
P36519,4.969,4.995,-5.016,0.758
P36522,4.970,5.010,-5.452,1.724
P36817,4.669,4.487,-5.619,0.954
P36843,4.702,4.212,-4.793,2.601
P36852,5.533,5.165,-3.784,1.196
P37022,4.989,4.925,-5.167,1.126
P37149,3.290,3.372,-2.823,3.225
P37158,5.847,5.458,-5.850,0.691
P37352,4.781,5.004,-5.555,0.572
P37435,5.255,5.111,-4.456,0.895
P38313,5.944,5.961,-6.178,1.013
P38543,4.642,4.547,-5.572,0.903
P39158,3.988,4.214,-5.399,1.285
P39163,3.885,4.094,-4.456,1.221
P39709,4.044,3.941,-4.091,0.453
P42916,4.903,4.880,-6.314,1.257
P44243,6.940,6.882,-7.713,0.476
P44244,6.901,6.643,-6.545,0.854
P44246,6.784,6.408,-6.606,1.029
P44248,6.569,6.678,-7.953,0.674
P44258,6.725,6.854,-8.723,0.491
P44331,7.101,6.611,-7.680,0.818
P44353,6.864,6.776,-7.614,0.583
P44370,6.607,6.700,-5.831,0.313
P44377,6.640,6.664,-7.989,1.006
P44391,7.368,7.387,-11.458,0.301
P44672,6.330,6.325,-6.699,0.926
P44686,5.804,5.634,-5.163,0.842
P45189,4.728,4.905,-6.008,0.466
P45193,5.883,5.932,-6.909,0.257
P45194,4.738,4.926,-5.730,0.859
P45204,5.692,5.716,-6.332,0.823
P45214,5.679,5.644,-6.578,0.216
P45216,5.753,5.786,-6.567,0.268
P45418,6.652,6.620,-10.576,0.382
P45427,6.525,6.495,-10.544,0.272
P45445,6.944,6.966,-9.910,0.205
P45448,6.340,6.327,-9.588,0.324
P45449,6.601,6.582,-9.621,0.364
P45479,6.900,7.029,-11.256,0.378
P45536,6.852,6.893,-11.654,0.178
P45567,7.179,7.161,-11.157,0.254
P45653,7.081,7.039,-9.081,0.275
P45819,5.509,5.472,-6.004,1.159
P45862,5.145,5.059,-7.045,0.436
P46636,3.230,3.509,-4.320,0.904
P47252,6.773,6.772,-8.156,0.278
P47449,5.440,5.420,-6.488,0.330
P47459,5.167,4.973,-6.424,0.737
P47964,5.569,5.468,-7.756,0.504
P48078,4.885,4.788,-6.110,0.807
P48148,5.748,5.612,-7.261,0.970
P48155,5.878,5.868,-7.052,0.171
P48170,6.544,6.741,-7.366,0.719
P48171,5.875,5.865,-7.125,0.139
P48172,6.196,6.261,-9.092,0.248
P48175,6.536,6.520,-8.334,0.164
P48240,6.143,6.214,-6.138,0.353
P48278,4.576,4.611,-6.452,0.398
P48293,5.905,5.857,-6.919,0.673
P48299,6.336,6.388,-7.836,0.500
P50205,6.035,6.003,-8.783,0.193
P51261,5.820,5.868,-6.897,0.280
P51464,6.611,6.406,-6.766,0.732
P51627,6.471,6.430,-7.632,0.265
P51643,6.330,6.462,-8.377,0.690
P51713,5.728,5.975,-8.054,0.822
P51773,4.877,4.908,-6.365,0.777
P51785,5.568,5.558,-6.734,0.472
P52040,6.209,6.238,-7.681,0.419
P52073,7.213,7.256,-7.281,0.347
P52135,6.441,6.377,-7.817,0.225
P52196,6.415,6.389,-7.344,0.305
P52198,6.405,6.302,-9.432,0.497
P52222,6.160,6.180,-8.119,0.258
P52259,6.424,6.446,-9.733,0.263
P52274,6.767,6.796,-7.736,0.179
P52275,6.930,7.057,-8.355,0.660
P52287,6.777,6.535,-7.845,0.584
P52293,6.623,6.602,-9.285,0.312
P52296,6.480,6.473,-7.824,0.378
P52339,6.542,6.638,-5.915,0.630
P52375,6.773,6.488,-7.392,1.487
P52472,7.503,7.484,-10.968,0.517
P52481,7.237,7.216,-10.521,0.223
P53248,6.233,6.128,-8.103,0.356
P53454,6.590,6.484,-7.960,0.686
P53455,6.565,6.468,-8.206,0.420
P53460,6.208,6.208,-7.637,0.326
P53461,6.305,6.309,-8.139,0.293
P53476,6.380,6.320,-8.089,0.688
P53494,6.026,5.963,-7.561,0.289
P53507,6.514,6.403,-7.717,0.334
P53818,4.073,4.072,-5.038,0.350
P54413,5.920,5.871,-6.283,0.554
P54414,5.178,5.298,-6.883,1.222
P54415,5.190,5.298,-7.107,0.988
P54491,4.887,5.172,-6.986,1.017
P55680,6.087,6.045,-7.554,0.469
P55724,6.522,6.436,-5.051,0.460
P55730,6.388,6.424,-7.622,0.660
P56101,5.772,5.838,-7.815,0.285
P56424,5.565,5.518,-6.013,1.602
P56433,6.582,6.562,-9.724,0.187
P56434,6.401,6.384,-6.866,0.472
P56471,6.448,6.467,-8.389,0.307
P57629,6.218,5.894,-6.279,0.779
P57640,6.740,6.666,-6.173,0.206
P58797,6.057,6.009,-9.311,0.828
P59537,6.453,6.567,-6.997,0.432
P59549,6.945,6.885,-7.956,0.690
P60395,5.760,5.830,-7.676,0.378
P60402,6.121,6.253,-7.337,0.847
P60418,6.038,6.179,-7.855,0.433
P60429,5.993,6.079,-7.034,0.678
P60452,6.235,6.381,-8.801,0.493
P60453,5.496,5.503,-8.115,0.421
P60461,5.878,5.895,-7.842,0.415
P60464,5.644,5.685,-8.342,0.396
P62257,6.005,6.029,-7.271,0.324
P62380,5.617,5.683,-7.120,0.899
P62739,5.986,5.951,-8.167,0.184
P67648,3.512,3.601,-4.063,0.894
P68546,6.576,6.645,-9.222,0.209
P69030,5.946,6.160,-7.974,1.233
P69715,5.544,5.367,-6.145,2.163
P69735,5.473,5.349,-6.787,1.205
P69742,5.811,6.001,-5.904,0.478
P69784,5.179,5.196,-7.380,0.291
P70192,4.221,4.164,-4.211,1.291
P70193,4.212,4.042,-4.158,2.491
P71075,6.157,6.174,-7.762,0.320
P71485,5.389,5.638,-6.927,0.700
P72126,5.985,6.018,-8.280,0.510
P75349,6.452,6.592,-6.370,0.415
P75418,6.702,6.734,-6.078,0.359
P75423,6.200,6.024,-7.307,1.032
P77468,6.214,6.131,-9.091,0.716
P78117,3.939,4.231,-4.735,1.694
P79138,6.034,6.329,-8.760,0.441
P79214,5.538,5.624,-8.111,0.758
P79970,5.536,5.594,-6.715,0.399
P80496,5.087,5.059,-5.999,1.949
P81034,3.739,3.869,-4.524,1.994
P81110,6.101,6.034,-7.232,0.315
P81113,6.192,6.171,-8.840,0.183
P81114,6.638,6.585,-7.226,0.325
P81120,6.254,6.236,-8.970,0.395
P81149,5.534,5.639,-7.657,0.341
P81154,6.147,6.185,-8.969,0.323
P81159,6.184,6.120,-8.856,0.255
P81173,5.847,5.835,-7.521,0.565
P81184,6.056,6.148,-7.678,0.350
P81190,6.065,6.004,-6.897,0.398
P81193,6.013,5.961,-8.650,0.318
P81212,6.259,6.214,-8.128,0.384
P81226,6.087,6.032,-7.690,0.373
P81232,6.144,6.190,-7.746,0.364
P81261,5.719,5.642,-8.102,0.274
P81262,5.754,5.393,-7.189,2.017
P81266,6.164,6.226,-9.120,0.304
P81272,6.358,6.363,-8.104,0.218
P81279,6.343,6.331,-7.879,0.249
P81281,6.418,6.278,-8.228,0.854
P81344,6.417,6.489,-7.335,0.633
P82751,3.137,3.232,-2.197,1.633
P83486,5.791,5.799,-7.957,0.429
P84846,5.786,5.769,-8.302,0.330
P84852,6.007,5.999,-9.196,0.531
P85774,6.463,6.311,-8.125,0.586
P87181,4.205,3.909,-4.622,1.645
P87365,6.118,6.137,-9.619,0.557
P89241,4.101,4.151,-3.967,0.606
P90249,4.353,4.426,-4.743,0.778
P90743,5.890,6.321,-8.667,0.516
P91209,6.359,6.405,-8.476,0.286
P94244,6.100,6.118,-9.533,0.234
P95226,5.877,5.685,-8.749,0.633
P95495,4.138,4.167,-4.126,1.879
P95526,5.556,6.074,-7.602,0.490
P95600,5.847,5.811,-7.398,0.472
P95617,5.394,5.518,-6.031,0.810
P95625,6.625,6.738,-9.668,0.256
P95640,6.621,6.598,-7.736,0.344
P95694,6.296,6.286,-5.691,0.332
P95695,7.023,7.117,-10.014,0.486
P95739,5.931,5.897,-8.693,0.304
P95751,5.863,5.904,-8.004,0.354
P95945,7.071,7.029,-9.781,0.386
P95947,5.330,5.399,-8.032,0.284
P96039,5.983,6.076,-7.171,0.417
P96060,6.031,6.248,-7.599,1.080
P96064,5.497,6.033,-7.557,0.442
P96076,6.170,6.245,-5.904,0.230
P96258,5.767,5.719,-7.411,0.264
P96259,5.147,4.988,-6.193,0.363
P96265,6.796,6.659,-5.369,0.374
P96266,6.391,6.309,-6.015,0.215
P96267,6.219,6.158,-7.727,0.325
P96790,3.897,4.023,-4.470,2.741
P97924,6.571,6.624,-6.916,0.481
P98028,6.668,6.696,-8.109,0.187
P98040,6.510,6.539,-8.151,0.198
P98042,7.003,7.072,-9.213,0.260
P98050,5.880,5.787,-4.876,0.576
P98060,6.270,6.174,-7.371,0.271
P98070,6.388,6.362,-9.168,0.291
P98076,5.943,6.070,-8.443,0.297
P98089,6.783,6.735,-8.316,0.313
P98094,6.319,6.050,-7.483,1.494
P98099,6.591,6.702,-7.979,0.338
P98100,6.338,6.278,-7.610,0.391
P98101,6.595,6.609,-8.795,0.254
P98102,6.227,6.273,-8.505,0.290
P98103,5.990,6.007,-7.979,0.226
P98116,6.137,6.127,-6.307,0.355
P98135,6.584,6.697,-8.667,0.278
P98170,6.737,6.798,-8.120,0.329
P98172,6.505,6.467,-7.624,0.394
P98180,6.293,6.257,-6.818,0.343
P98182,6.494,6.409,-7.915,1.196
P98183,6.201,6.174,-7.402,0.441
P98184,6.176,6.250,-6.519,0.383
P98187,6.184,6.074,-7.864,0.500
P98189,6.266,6.308,-7.086,0.290
P98415,5.794,6.212,-5.899,0.482
P98423,5.948,6.008,-6.773,0.450
P98426,6.041,6.100,-7.648,0.333
P98430,6.318,6.333,-8.316,0.303
P98490,6.151,6.279,-6.082,0.537
P98492,6.009,6.038,-7.089,0.331
P98499,6.196,6.101,-7.164,0.239
P98503,6.153,6.120,-5.586,0.595
P98519,5.139,5.444,-6.098,1.141
P98521,3.320,3.380,-3.328,1.587
P98524,6.148,6.221,-7.401,0.731
P98526,6.445,6.482,-7.543,0.277
P98528,6.343,6.344,-7.544,0.356
P98531,6.204,6.164,-7.076,0.192
P98535,5.756,5.438,-5.739,0.500
P98536,6.019,5.583,-6.714,0.781
P100415,5.986,6.178,-7.700,0.651
P100567,6.209,6.346,-8.624,0.368
P100630,6.339,6.326,-8.505,0.157
P100669,6.022,6.061,-8.280,0.162
P101303,6.018,5.988,-7.525,0.437
P101421,6.120,6.145,-6.885,0.181
P102852,4.056,4.171,-3.857,1.524
P103294,5.992,6.128,-8.714,0.468
P103515,5.912,5.898,-6.932,0.567
P103688,6.243,6.611,-7.571,0.436
P103718,6.298,6.243,-8.320,0.736
P103816,4.369,5.011,-6.947,0.949
P105016,5.871,5.855,-5.674,0.272
P105055,5.427,5.363,-6.692,0.519
P106664,5.791,5.773,-8.828,0.317
P106815,3.584,3.704,-4.307,1.832
P106864,6.284,6.268,-8.751,0.268
P108430,6.272,6.216,-7.438,0.300
P108435,6.222,6.530,-6.803,0.458
P108614,5.729,5.645,-5.387,0.381
P108646,5.862,5.864,-5.606,0.678
P108729,5.551,5.576,-6.532,0.499
P108730,5.714,5.561,-6.274,0.352
P108745,5.892,5.811,-6.780,0.274
P108764,5.824,5.862,-6.155,0.593
P109061,5.843,5.824,-8.260,0.272
P109435,5.714,5.625,-7.840,0.486
P109659,6.103,6.217,-8.385,0.330
P110324,6.127,6.183,-6.754,0.529
P110336,5.901,5.878,-6.987,0.303
P111322,4.304,4.393,-4.710,1.103
P112961,6.180,6.256,-7.475,0.247
P113124,6.194,6.104,-8.914,0.666
P114219,5.387,5.145,-6.737,0.937
P114445,6.430,6.479,-7.880,0.560
P114471,6.583,6.649,-10.576,0.311
P115222,6.312,6.652,-8.839,0.427
P116684,6.178,6.224,-7.649,0.929
P117144,6.878,6.877,-8.384,0.351
P117462,6.309,6.669,-9.024,0.615
P119597,3.838,3.865,-4.016,1.278
P119965,4.673,4.624,-4.356,1.256
P119976,3.595,3.675,-4.202,0.364
P119993,6.536,6.600,-8.694,0.812
P120019,4.440,4.490,-4.648,1.606
P120496,4.191,4.566,-4.005,1.619
P121001,6.321,6.462,-8.913,0.376
P121264,6.116,6.115,-8.697,0.208
P122480,6.814,6.952,-7.759,0.545
P122607,5.835,5.867,-9.287,0.672
P122831,6.719,6.808,-8.109,0.810
C45982-P611,5.630,5.567,-7.526,0.553
C33321-P170,4.463,4.347,-5.610,0.652
C47239-P100,3.491,3.274,-2.857,2.045
C46327-P296,3.938,4.271,-4.123,1.399
C97401-P9,4.262,3.967,-4.321,0.716
C97404-P9,4.031,3.831,-3.606,0.878
C132369-P220,5.329,5.390,-6.692,0.923
C13210-P270,4.296,4.307,-4.348,1.254
C56215-P205,3.692,3.652,-4.021,0.470
C118307-P200,5.345,5.510,-3.879,1.216
C132547-P200,5.915,6.071,-5.827,0.521
C68035-P51,4.274,4.192,-5.186,0.805
C64769-P219,5.450,5.434,-7.507,0.692
C51427-P138,5.402,5.194,-5.683,0.645
C47239-P208,3.481,3.434,-2.367,1.243
C46501-P481,3.483,3.188,-3.036,0.621
C51402-P120,4.878,4.726,-5.452,1.973
C51406-P120,5.129,5.000,-5.273,1.693
C51421-P120,4.627,4.664,-4.833,0.816
C51187-P481,3.851,4.083,-4.572,3.184
C95583-P404,4.912,5.027,-6.920,0.550
C53037-P106,5.023,5.080,-5.935,0.273
C68901-P103,4.127,3.972,-4.490,1.039
C11630-P405,3.287,3.661,-3.736,1.842
C45658-P207,5.097,5.303,-6.543,1.430
C55769-P616,3.921,3.890,-3.754,0.367
C45903-P109,3.906,3.682,-3.458,1.608
C45903-P535,3.674,3.701,-3.700,0.762
C66335-P153,5.114,5.197,-6.196,0.694
C57914-P234,5.612,5.677,-6.458,0.703
C57919-P234,5.672,5.637,-6.501,0.406
C45662-P439,4.030,4.005,-4.203,1.427
C54524-P305,3.868,3.764,-4.237,0.671
C45982-P197,5.772,5.815,-6.920,0.384
C65274-P174,4.757,4.743,-5.345,1.635
C15317-P103,4.648,4.640,-5.093,2.545
C71039-P103,5.102,4.743,-5.104,1.361
C3689-P239,3.453,3.603,-4.111,0.949
C46556-P493,4.210,4.270,-4.802,1.127
C46573-P493,4.556,4.788,-5.076,0.915
C9335-P174,5.680,5.773,-6.495,0.416
C46353-P372,4.344,4.170,-4.341,1.836
C47846-P481,3.895,4.215,-3.290,1.183
C47877-P481,4.252,3.889,-4.100,3.193
C46339-P374,3.266,3.346,-2.247,2.145
C54239-P153,4.811,4.924,-5.969,0.730
C60323-P153,4.685,4.876,-5.613,0.605
C48580-P124,4.660,4.501,-4.449,0.508
C45982-P173,5.779,5.733,-7.414,0.697
C45874-P159,4.500,4.499,-5.172,0.622
C3275-P159,3.968,3.818,-5.019,0.319
C46500-P219,5.045,4.954,-5.933,0.814
C46501-P219,5.223,5.357,-6.169,0.318
C13204-P195,3.659,3.589,-4.220,0.870
C36518-P207,3.626,3.857,-5.338,1.942
C63643-P219,5.510,5.401,-6.042,0.435
C102812-P76,4.461,4.491,-3.427,0.703
C40513-P76,4.531,3.978,-4.602,1.992
C40525-P76,4.394,3.767,-4.776,2.027
C40527-P76,4.733,4.279,-3.603,2.109
C102839-P76,4.262,3.837,-5.385,1.629
C45903-P363,3.764,3.717,-4.085,2.794
C51842-P135,4.230,4.277,-5.095,0.927
C51851-P135,4.476,4.492,-5.350,0.345
C51859-P135,4.329,4.401,-5.325,0.474
C51872-P391,4.131,4.206,-3.582,0.485
C51876-P135,4.409,4.406,-5.323,0.379
C45780-P328,5.062,5.384,-7.068,1.437
C50807-P183,5.645,5.609,-5.525,0.268
C50814-P183,5.299,5.277,-5.757,0.259
C66327-P229,5.212,5.226,-5.218,0.615
C51400-P344,5.357,5.326,-6.480,0.523
C51401-P344,5.490,5.417,-6.508,0.501
C52381-P344,5.185,5.062,-4.842,1.572
C48046-P344,5.191,4.997,-5.244,0.337
C52382-P229,5.198,5.060,-5.564,0.599
C45790-P228,4.764,4.941,-6.288,0.605
C45958-P228,5.248,5.046,-6.447,1.285
C45959-P228,5.182,5.261,-5.700,0.938
C45966-P228,5.075,5.025,-6.363,0.450
C45979-P228,5.329,5.553,-7.535,1.415
C52374-P401,4.211,3.997,-4.486,2.463
C119628-P106,5.944,5.998,-5.148,0.790
C55786-P322,4.753,4.764,-5.596,0.864
C63883-P224,4.721,4.541,-4.660,1.811
C105131-P135,5.141,5.204,-6.798,0.367
C51401-P213,4.837,4.762,-4.965,1.332
C107104-P174,5.274,5.349,-6.135,0.338
C52375-P405,4.018,4.073,-4.130,1.518
C50753-P248,3.605,3.674,-5.074,0.572
C74114-P9,3.843,3.831,-4.368,0.340
C74115-P9,3.925,3.933,-4.553,1.745
C106645-P363,5.241,5.072,-4.547,0.951
C52382-P224,5.341,5.212,-5.986,0.480
C52408-P224,5.350,5.482,-6.645,0.731
C66854-P120,4.248,4.100,-4.506,0.854
C2716-P8,3.598,3.625,-4.617,1.471
C3806-P190,3.904,3.970,-3.617,0.417
C46321-P322,4.071,4.023,-2.857,1.322
C46339-P322,3.299,3.280,-3.854,2.113
C46343-P322,3.702,3.600,-4.236,1.907
C46353-P322,3.255,3.179,-3.265,1.770
C54664-P617,4.046,3.845,-3.924,1.927
C56883-P444,4.631,4.470,-5.739,1.880
C57129-P322,4.080,4.176,-4.787,2.021
C57139-P322,3.857,3.891,-3.865,2.295
C53768-P257,4.711,4.753,-5.266,1.043
C48170-P128,3.807,3.874,-4.231,1.588
C48181-P128,4.858,4.849,-5.385,0.541
C58995-P337,4.415,4.385,-5.563,0.884
C117753-P445,4.210,4.205,-5.134,1.207
C117762-P445,4.412,4.395,-5.420,0.595
C715-P557,4.015,3.898,-4.893,0.734
C9536-P122,3.599,3.207,-3.832,3.714
C46023-P304,4.502,4.406,-6.210,0.741
C46024-P304,4.553,4.964,-6.937,1.101
C46025-P304,4.520,4.939,-6.919,1.351
C45863-P322,3.641,3.477,-3.956,2.790
C47239-P196,3.572,3.303,-2.383,1.280
C124407-P214,4.460,4.649,-4.964,0.365
C124416-P214,4.707,4.706,-5.219,0.144
C47045-P198,4.537,5.044,-4.263,2.301
C12359-P152,4.242,4.392,-4.623,1.960
C39959-P100,4.294,3.817,-3.795,1.924
C124666-P76,4.120,3.554,-4.274,1.329
C124672-P100,4.380,3.696,-4.155,2.126
C124674-P100,4.098,3.789,-4.168,1.355
C124675-P76,3.857,3.673,-3.328,0.420
C124677-P100,4.307,4.012,-3.636,1.712
C124687-P76,4.275,3.741,-3.701,2.019
C124689-P100,4.155,3.979,-4.036,1.117
C124693-P100,4.047,3.696,-4.037,1.273
C39918-P76,4.029,4.012,-3.875,1.227
C39932-P100,4.274,3.994,-3.919,0.740
C39946-P76,3.946,3.959,-4.054,1.188
C32372-P76,4.356,4.103,-3.999,1.616
C63894-P229,4.397,4.348,-4.193,1.507
C63895-P229,4.433,4.729,-5.530,1.047
C46328-P354,4.388,4.323,-5.197,0.570
C54664-P557,3.929,3.866,-3.617,1.526
C46023-P308,4.585,4.391,-6.361,0.787
C46024-P308,4.660,4.885,-7.025,1.040
C47049-P481,4.559,4.605,-4.303,1.241
C47057-P481,5.117,5.064,-6.195,0.983
C47072-P481,4.834,4.985,-4.298,3.141
C46343-P371,4.795,4.700,-4.667,0.331
C46353-P371,4.338,4.168,-4.905,1.452
C13210-P291,3.809,4.196,-5.085,1.217
C64564-P152,4.707,4.688,-5.527,0.599
C51867-P219,3.897,3.968,-5.300,0.875
C43441-P128,4.937,4.953,-5.033,0.545
C60693-P128,4.756,4.761,-5.608,1.284
C60696-P128,5.168,5.154,2.681,0.414
C60700-P128,4.936,4.961,-5.498,0.584
C24948-P137,3.312,3.246,-3.637,2.230
C54664-P384,3.973,4.019,-4.752,1.098
C50895-P339,3.744,3.700,-3.484,0.609
C45615-P339,4.723,4.822,-5.113,0.644
C55223-P339,4.393,4.198,-3.372,0.501
C51875-P363,4.109,4.082,-3.561,1.667
C75223-P136,3.368,3.348,-2.679,2.674
C55392-P183,4.351,4.259,-4.723,0.681
C48157-P405,4.048,3.985,-3.558,1.144
C9559-P391,3.228,3.492,-3.616,1.648
C65388-P220,5.529,5.656,-6.364,0.271
C50814-P220,5.522,5.542,-6.579,0.268
C16362-P220,5.540,5.688,-6.403,0.340
C46023-P225,4.625,4.815,-7.281,0.537
C46024-P225,4.655,4.792,-7.279,0.339
C46025-P225,4.714,4.850,-7.069,0.713
C46033-P225,4.649,4.843,-7.240,0.458
C57129-P481,4.135,4.195,-4.006,1.041
C57137-P481,3.949,3.944,-3.705,1.720
C57140-P481,4.252,4.205,-4.636,1.560
C79212-P220,4.173,3.698,-3.060,3.005
C13210-P271,4.199,4.094,-3.907,1.493
C63652-P229,4.428,4.781,-6.131,1.392
C24948-P174,3.447,3.092,-2.838,1.545
C45815-P469,4.109,4.360,-5.280,0.866
C95588-P135,4.887,4.961,-6.544,0.234
C56176-P71,4.305,3.971,-3.592,0.333
C95867-P543,4.629,4.591,-4.860,0.493
C79259-P174,5.966,5.830,-6.975,1.115
C72495-P174,5.494,5.438,-6.623,0.891
C72496-P174,5.420,5.442,-6.707,1.049
C59884-P322,3.855,3.665,-3.579,4.042
C55138-P204,4.834,4.829,-6.499,0.915
C45792-P497,5.592,5.685,-6.734,0.475
C19322-P22,3.899,4.164,-5.487,2.193
C76028-P273,4.907,5.211,-6.493,0.943
C51396-P274,4.704,4.665,-5.784,0.954
C51403-P274,4.765,4.732,-5.337,1.644
C45982-P244,5.608,5.466,-7.158,0.593
C98152-P58,3.828,3.973,-3.609,0.410
C45884-P374,3.641,3.635,-2.718,4.534
C51427-P384,4.956,4.658,-5.894,0.862
C48037-P492,4.682,4.704,-5.120,0.521
C99430-P339,4.215,4.161,-4.993,2.249
C51749-P174,5.434,5.493,-7.215,0.489
C45982-P401,5.687,5.583,-7.242,1.018
C78052-P22,5.419,5.091,-5.242,1.457
C12359-P239,4.230,4.270,-4.543,1.290
C69744-P182,4.809,4.777,-6.203,0.636
C35464-P248,4.213,4.173,-5.622,0.400
C35473-P248,4.487,4.731,-5.917,0.857
C54505-P214,4.737,4.804,-5.816,0.574
C101512-P38,2.851,2.801,-2.618,1.775
C48908-P374,4.306,4.494,-4.876,0.954
C59012-P256,4.639,4.402,-5.476,1.345
C46501-P322,3.569,3.520,-3.267,0.710
C46024-P325,4.464,4.726,-6.712,0.972
C46033-P325,4.499,4.569,-6.150,0.773
C45835-P252,5.140,5.184,-6.807,0.312
C46024-P303,4.383,4.389,-6.591,1.222
C46025-P303,4.387,4.526,-6.441,0.498
C55226-P87,3.869,3.891,-3.243,0.725
C55237-P87,3.772,3.793,-4.328,0.794
C12359-P320,4.165,4.306,-4.754,2.255
C37158-P124,4.655,4.651,-5.066,0.830
C37167-P124,5.180,5.140,-5.458,0.646
C37174-P124,5.292,5.255,-4.945,0.524
C46502-P159,4.836,4.659,-5.538,1.099
C48482-P487,5.064,4.863,-6.651,0.427
C48489-P487,4.658,4.605,-5.971,0.328
C48494-P487,4.976,4.978,-5.682,0.384
C48501-P487,5.082,5.024,-5.847,0.592
C54239-P151,4.836,5.031,-6.211,0.892
C3756-P159,3.445,3.247,-3.524,1.324
C3275-P439,3.974,3.848,-5.191,0.312
C45912-P439,5.123,4.968,-6.167,3.000
C1794-P481,3.932,3.844,-5.029,0.494
C715-P481,3.862,3.813,-4.898,0.727
C48047-P481,4.099,3.929,-4.887,0.624
C736-P439,3.703,3.662,-5.330,0.685
C46475-P481,3.447,3.765,-4.960,1.279
C47047-P322,3.645,3.515,-3.734,3.411
C47049-P322,3.781,3.697,-3.662,1.468
C47050-P322,4.015,3.830,-3.470,2.148
C47054-P322,3.847,3.697,-3.382,1.462
C47072-P322,3.899,3.788,-4.330,1.666
C51714-P354,4.845,4.690,-5.123,1.806
C45903-P405,3.718,3.713,-4.154,2.220
C27143-P405,3.697,3.775,-4.515,6.586
C70623-P205,5.561,5.617,-6.368,0.511
C97238-P252,4.031,3.961,-3.538,1.293
C79798-P234,4.436,4.292,-5.578,0.913
C79880-P200,4.119,4.289,-5.151,0.844
C58995-P336,4.207,4.373,-5.430,0.878
C58997-P336,4.260,4.291,-4.771,0.685
C109281-P200,5.336,5.353,-5.510,1.119
C3275-P465,3.916,3.759,-5.121,1.040
C55918-P109,3.737,3.751,-3.114,1.620
C109280-P136,4.668,4.465,-4.715,0.627
C55393-P128,4.612,4.804,-6.133,1.097
C45658-P197,5.059,5.072,-5.849,0.629
C64747-P344,4.925,4.963,-6.842,0.415
C108276-P28,4.263,4.169,-4.949,1.031
C104338-P12,5.797,5.264,-4.761,1.582
C12359-P348,4.184,4.222,-4.572,1.357
C51862-P384,3.483,3.791,-3.671,0.491
C46321-P374,3.960,3.885,-4.276,1.482
C72578-P363,4.501,5.009,-5.662,0.445
C79596-P103,4.869,4.946,-4.783,1.258
C79613-P103,4.805,4.884,-4.513,1.413
C117674-P37,4.827,4.826,-4.715,0.407
C54664-P439,4.025,3.927,-3.362,1.358
C52382-P235,5.311,5.173,-5.730,0.670
C59844-P404,4.206,3.997,-4.245,1.505
C59845-P404,4.101,4.107,-4.691,1.921
C55769-P615,4.358,4.176,-3.387,1.930
C45903-P257,4.802,4.843,-5.763,1.238
C118482-P100,3.694,3.789,-4.483,0.693
C118483-P100,3.643,3.789,-4.239,0.630
C118718-P174,5.727,5.847,-7.379,0.653
C54664-P180,3.906,3.766,-3.586,1.944
C55786-P481,4.658,4.642,-5.202,0.934
C48087-P405,5.415,5.178,-6.183,0.787
C12359-P310,4.187,4.234,-4.642,1.578
C46323-P374,4.345,4.294,-3.473,0.203
C46357-P374,5.330,4.872,-4.536,2.023
C48566-P93,5.015,5.124,-5.374,1.208
C45903-P337,4.795,5.237,-5.926,1.535
C29426-P551,3.735,3.912,-5.354,0.735
C54664-P441,3.970,3.825,-4.040,1.870
C127359-P20,3.533,3.651,-2.353,1.516
C52374-P354,4.229,4.175,-4.046,1.333
C52375-P354,4.071,3.933,-3.594,1.329
C59022-P93,4.622,4.713,-6.497,0.301
C10281-P310,3.283,3.661,-4.023,2.312
C63652-P310,4.565,4.751,-5.914,1.201
C3732-P310,3.425,3.411,-3.157,0.130
C3689-P310,3.403,3.811,-4.079,2.187
C55396-P28,3.782,3.714,-4.234,0.446
C72721-P564,5.000,5.077,-6.984,0.435
C45903-P364,4.711,4.698,-5.347,1.020
C19322-P234,3.964,3.685,-4.181,0.775
C129526-P38,4.321,3.919,-4.292,1.558
C129593-P51,3.967,4.157,-5.502,0.689
C69074-P201,4.245,4.450,-6.710,0.658
C51875-P364,4.190,3.972,-3.263,1.114
C51496-P390,4.257,4.274,-5.239,0.542
C51516-P390,4.138,4.242,-5.788,1.901
C51403-P239,4.775,4.773,-5.418,1.806
C28118-P252,4.679,4.687,-5.367,1.230
C81569-P109,4.082,4.026,-4.311,1.604
C51862-P405,3.531,3.731,-3.458,0.494
C29316-P225,4.669,4.542,-6.418,0.737
C45903-P336,3.683,3.748,-4.109,1.122
C51859-P495,4.147,4.050,-4.381,1.315
C46321-P481,3.913,3.875,-4.067,1.459
C46327-P481,3.461,3.310,-3.698,4.245
C46328-P481,3.684,3.624,-3.761,4.164
C46349-P481,3.674,3.636,-4.297,3.321
C46350-P481,3.925,3.882,-4.168,2.679
C46353-P481,3.312,3.195,-3.558,2.198
C45903-P444,3.900,3.736,-4.487,1.928
C45662-P441,4.037,4.047,-4.212,1.258
C102905-P123,4.265,4.014,-3.480,1.174
C81620-P174,3.977,3.760,-4.609,1.573
C5573-P103,3.857,3.923,-4.952,1.057
C76028-P170,4.855,5.147,-6.564,0.791
C111020-P31,4.520,4.057,-3.787,2.559
C111024-P31,4.134,3.927,-3.981,2.392
C45903-P536,4.778,4.805,-5.849,1.090
C55840-P103,5.245,4.993,-4.616,1.065
C55852-P103,5.103,4.686,-4.493,1.295
C55854-P103,5.034,4.744,-4.314,0.864
C55855-P103,5.017,4.701,-4.811,0.790
C55859-P103,5.085,4.704,-4.642,1.778
C55877-P103,5.080,4.753,-4.390,1.185
C2394-P339,3.476,3.465,-3.793,2.404
C2397-P339,3.984,3.897,-4.420,2.202
C2399-P339,4.305,4.195,-4.191,3.384
C2410-P339,3.885,4.291,-4.307,3.557
C2413-P339,4.181,4.226,-4.040,3.099
C2416-P339,3.870,3.850,-3.005,0.881
C7674-P77,4.087,4.009,-3.312,0.399
C5400-P106,3.447,3.423,-4.983,0.596
C8137-P187,4.689,4.899,-5.788,0.842
C13035-P120,4.659,4.377,-5.170,1.542
C2376-P328,4.103,4.230,-4.754,1.077
C2382-P328,4.453,4.348,-4.903,0.465
C2399-P328,4.128,4.097,-4.807,0.944
C2413-P328,4.290,4.131,-4.705,0.888
C6118-P124,4.096,4.132,-5.122,0.456
C37857-P128,4.173,4.561,-5.068,2.269
C6791-P439,4.085,4.048,-4.784,0.253
C4581-P20,3.277,3.279,-3.727,1.120
C4584-P20,3.710,3.548,-2.704,1.889
C8131-P308,3.620,3.475,-3.824,0.706
C8152-P308,3.719,3.803,-4.727,0.868
C8163-P308,4.125,3.856,-4.527,0.833
C8173-P308,4.086,4.123,-5.360,0.818
C727-P310,3.985,4.020,-5.025,0.558
C2414-P197,4.499,4.830,-5.030,1.592
C2408-P323,4.612,4.688,-5.081,0.729
C9370-P564,4.176,4.139,-5.246,0.448
C9388-P77,4.386,4.506,-5.180,1.182
C18204-P412,4.445,4.346,-4.942,1.650
C8155-P328,4.418,4.331,-5.218,1.255
C4703-P122,3.710,3.597,-4.387,1.336
C11373-P9,3.723,3.797,-3.075,3.244
C4790-P187,4.078,4.293,-4.725,1.870
C18177-P364,3.895,3.917,-3.458,2.154
C8146-P93,4.710,4.509,-4.749,0.417
C8169-P93,4.245,4.239,-4.720,0.518
C901-P354,4.462,4.219,-4.632,2.327
C6260-P558,4.318,4.349,-4.818,0.442
C6285-P558,3.941,3.937,-4.658,0.548
C709-P558,4.151,4.096,-4.632,0.412
C725-P558,4.062,4.059,-4.692,0.607
C961-P289,4.037,3.532,-3.774,1.857
C4728-P277,3.271,3.421,-3.756,1.340
C15044-P77,4.735,4.663,-5.024,0.891
C8150-P344,4.363,4.665,-5.748,0.747
C14594-P616,4.675,4.125,-4.367,1.315
C26225-P277,4.504,4.670,-5.145,0.754
C7479-P325,5.291,5.448,-5.880,0.528
C10705-P198,4.062,3.956,-4.001,2.409
C7529-P324,4.123,4.017,-4.878,0.674
C15278-P321,4.721,4.899,-4.739,0.783
C7646-P558,4.171,3.765,-3.967,2.023
C9546-P405,3.477,3.605,-3.071,1.838
C9547-P405,3.378,3.618,-3.087,1.232
C9548-P405,3.321,3.593,-3.838,1.435
C8161-P191,4.565,4.596,-5.154,0.763
C15027-P151,4.022,4.198,-5.185,1.614
C15044-P151,4.729,4.810,-5.234,0.440
C15045-P151,4.421,4.533,-5.666,0.760
C15048-P151,4.250,4.690,-4.990,1.929
C15066-P151,4.470,4.427,-5.236,0.637
C15067-P151,4.155,4.171,-5.222,0.713
C8138-P151,4.393,4.428,-5.539,0.371
C8155-P151,4.840,4.835,-5.331,0.372
C8169-P151,4.594,4.522,-4.926,0.485
C8173-P151,4.630,4.745,-5.961,1.391
C8174-P151,5.270,5.279,-5.703,0.669
C8176-P151,4.372,4.349,-4.957,0.175
C8154-P180,4.377,4.190,-5.431,0.483
C8160-P180,4.234,4.107,-5.357,0.415
C8178-P180,4.817,4.531,-5.215,1.187
C901-P186,4.426,4.268,-4.570,2.108
C2414-P180,4.683,4.384,-5.151,1.726
C10375-P494,4.492,4.617,-4.874,3.123
C7518-P37,4.128,4.034,-4.640,0.567
C18171-P252,4.447,4.689,-5.368,1.045
C18177-P252,3.495,3.907,-4.276,1.742
C2382-P373,4.435,4.584,-5.212,0.648
C542-P445,3.498,3.469,-4.116,1.818
C14594-P615,5.042,4.906,-7.508,1.244
C8152-P146,4.012,3.974,-4.819,0.591
C8163-P146,4.181,4.148,-4.688,0.592
C8176-P146,3.847,4.054,-4.978,1.026
C13035-P2,4.422,4.201,-4.654,2.030
C25758-P122,4.246,4.271,-2.599,0.820
C1780-P441,3.782,3.873,-5.068,0.438
C26247-P205,4.186,4.407,-5.350,1.297
C11212-P135,4.147,4.440,-5.433,1.076
C20066-P550,3.713,3.805,-5.513,1.036
C20082-P550,4.190,3.927,-4.428,1.207
C1791-P197,4.752,4.774,-5.781,0.544
C1795-P197,4.801,4.888,-6.068,0.485
C7479-P296,5.453,5.454,-6.034,0.845
C6285-P557,3.910,3.952,-4.844,1.125
C709-P557,4.144,4.082,-4.546,0.244
C90474-P543,3.823,3.929,-4.463,1.401
C4728-P344,3.348,3.368,-3.471,0.767
C4745-P440,3.879,3.884,-4.013,0.786
C82633-P168,4.363,4.296,-3.899,0.917
C7527-P453,4.151,4.126,-4.451,0.523
C7529-P453,3.986,4.218,-4.792,0.942
C5649-P481,3.993,4.042,-3.808,1.959
C4751-P558,3.443,3.515,-4.111,0.851
C2493-P225,5.134,5.006,-6.503,0.583
C2494-P225,4.434,4.301,-6.346,0.663
C2499-P225,4.970,4.862,-6.715,1.079
C9370-P276,4.137,4.009,-4.721,0.859
C9393-P77,4.618,4.527,-5.143,1.290
C9394-P276,3.531,3.631,-4.488,1.566
C9396-P276,3.599,3.749,-4.483,1.250
C956-P51,3.673,3.766,-3.393,1.759
C8846-P212,4.590,4.680,-6.529,0.442
C4761-P619,4.026,4.301,-4.641,1.241
C31977-P124,4.228,4.212,-5.046,0.262
C10642-P391,4.098,3.969,-3.811,1.134
C7479-P391,5.155,5.461,-5.940,0.580
C13610-P135,4.195,4.271,-4.870,1.053
C1316-P291,3.622,3.939,-4.610,2.265
C40870-P182,4.832,4.611,-4.563,0.789
C727-P440,3.929,4.059,-5.390,1.179
C7135-P444,4.777,4.752,-5.459,0.742
C18929-P134,4.278,4.284,-6.499,0.596
C18936-P134,4.347,4.415,-5.580,0.446
C18941-P134,4.155,4.189,-5.695,0.493
C8140-P439,4.265,4.230,-5.193,0.798
C8160-P439,4.144,4.128,-5.260,0.780
C8169-P439,3.902,3.982,-4.866,0.954
C6268-P242,3.917,3.820,-5.331,0.649
C1800-P198,4.799,4.839,-6.564,0.359
C2384-P313,4.088,4.412,-5.282,0.971
C7137-P304,4.694,4.542,-4.320,0.919
C7139-P304,4.778,4.672,-4.816,1.774
C4728-P204,3.159,3.376,-4.123,1.208
C7479-P192,5.361,5.534,-6.133,0.573
C6056-P493,4.336,3.959,-4.904,0.954
C4655-P339,3.640,3.514,-3.316,2.490
C4699-P339,3.953,3.800,-2.866,2.397
C4730-P339,3.879,3.912,-2.047,3.386
C6273-P152,4.288,4.352,-5.150,0.343
C2382-P2,4.054,4.094,-4.830,0.716
C15025-P239,3.840,3.828,-4.311,0.879
C15027-P239,3.929,4.156,-5.258,1.589
C15036-P239,4.187,4.379,-5.151,1.678
C15044-P239,4.850,4.839,-5.103,0.472
C15048-P239,4.215,4.198,-4.640,0.809
C15051-P239,3.827,3.816,-4.706,0.533
C15065-P239,3.553,3.597,-4.847,0.714
C15066-P239,4.210,4.200,-5.353,1.316
C8152-P239,4.031,3.974,-4.879,0.540
C6115-P290,4.176,4.252,-5.568,0.680
C1392-P557,4.624,4.551,-5.976,0.702
C1394-P557,4.855,4.468,-4.599,0.458
C14594-P412,4.548,4.104,-4.822,1.591
C38619-P404,3.935,3.785,-4.704,0.903
C7479-P278,5.470,5.502,-6.056,0.483
C7646-P322,4.226,3.816,-4.039,2.291
C7674-P322,4.077,3.768,-4.019,0.797
C131129-P120,4.557,4.252,-5.142,1.450
C8137-P195,4.767,4.554,-5.417,0.388
C8169-P195,4.009,4.062,-5.039,1.570
C9144-P234,3.586,3.623,-5.100,0.987
C7620-P229,4.405,4.144,-4.687,2.845
C8903-P457,4.659,4.605,-6.745,0.361
C1414-P457,4.499,4.697,-5.415,1.167
C2382-P308,4.384,4.239,-5.157,0.400
C2397-P308,3.868,3.779,-4.897,1.096
C2401-P308,3.938,3.637,-4.619,1.031
C2408-P308,4.408,4.373,-4.783,0.524
C2410-P308,3.870,4.207,-4.984,1.921
C2413-P308,4.279,4.122,-4.652,1.012
C4781-P264,4.109,4.202,-4.656,0.333
C6791-P185,4.312,4.199,-4.981,0.496
C1814-P138,5.089,4.929,-6.361,0.504
C9436-P106,4.920,5.072,-5.647,0.643
C9559-P183,3.238,3.295,-3.847,1.516
C17783-P174,4.568,4.481,-5.154,0.914
C2279-P174,5.316,5.010,-6.436,1.118
C901-P106,4.350,4.013,-4.688,1.772
C7479-P337,5.442,5.498,-5.695,0.509
C1386-P339,4.259,4.056,-4.816,1.841
C36972-P445,4.347,4.527,-5.017,0.553
C1390-P242,4.020,3.746,-3.740,1.100
C2382-P198,4.425,4.431,-5.403,0.569
C7529-P618,4.110,4.215,-4.910,0.970
C2408-P439,4.189,4.260,-5.144,1.395
C38621-P170,3.876,3.859,-4.404,0.422
C3646-P213,3.397,3.762,-3.937,2.368
C8041-P151,4.919,5.025,-6.355,0.830
C19976-P296,4.516,4.834,-1.971,0.949
C82692-P296,4.159,4.173,-3.689,0.477
C1800-P296,4.793,4.793,-6.131,0.159
C6268-P306,3.823,3.726,-5.627,0.781
C6269-P306,3.923,3.765,-5.498,0.549
C7182-P153,5.024,5.045,-4.670,0.669
C7646-P373,4.148,4.019,-4.184,2.546
C7653-P373,4.001,3.963,-4.368,0.967
C7658-P373,3.747,4.021,-4.819,1.710
C7672-P373,3.951,3.865,-4.064,0.909
C7674-P373,4.077,3.902,-3.232,1.317
C18930-P134,4.567,4.334,-5.072,0.766
C2397-P338,3.883,3.824,-4.113,1.408
C9375-P358,4.469,4.459,-5.139,0.335
C9378-P358,4.433,4.464,-4.861,0.514
C9379-P358,4.046,4.187,-5.188,1.295
C9394-P358,3.590,3.630,-4.883,0.689
C7070-P174,3.839,3.769,-5.077,1.313
C2382-P437,4.710,4.329,-5.373,1.737
C2408-P437,4.786,4.553,-5.136,1.067
C7634-P305,4.109,4.106,-4.509,0.839
C9121-P248,3.457,3.413,-4.734,0.787
C9144-P248,3.671,3.557,-4.909,0.893
C13911-P248,4.726,4.832,-5.413,0.921
C11236-P200,5.593,5.509,-4.788,0.522
C15025-P224,3.828,4.127,-4.700,1.771
C15027-P224,3.948,4.101,-4.999,1.161
C15036-P224,4.192,4.279,-4.686,0.770
C15045-P224,4.338,4.482,-5.585,1.295
C15048-P224,4.301,4.339,-4.651,1.075
C15051-P224,3.830,3.775,-4.913,0.999
C15056-P224,4.060,4.044,-5.331,0.525
C15065-P224,3.554,3.602,-4.873,0.749
C15066-P224,4.262,4.287,-5.659,0.685
C15067-P224,3.936,3.943,-5.260,0.726
C8137-P224,4.611,4.663,-5.112,0.881
C8141-P224,3.904,3.806,-4.648,0.555
C8155-P224,4.939,4.903,-6.022,0.539
C8169-P224,4.624,4.543,-4.922,1.359
C8176-P224,3.991,4.330,-5.240,1.990
C1390-P218,4.639,4.334,-5.175,0.741
C4666-P245,3.491,3.621,-4.200,0.785
C1405-P195,4.254,4.180,-4.497,2.483
C2410-P338,3.935,3.985,-3.219,1.211
C7479-P2,5.499,5.397,-5.976,0.666
C4745-P465,3.701,3.554,-4.515,1.387
C2414-P217,4.349,4.562,-5.004,0.651
C15025-P229,3.830,4.133,-4.684,1.752
C15027-P229,3.949,4.109,-5.006,1.175
C15036-P229,4.205,4.268,-4.658,0.764
C15048-P229,4.299,4.319,-4.914,1.895
C15065-P229,3.548,3.611,-4.837,0.746
C15067-P229,3.918,3.947,-4.912,0.455
C8146-P229,4.727,4.579,-4.161,0.968
C8163-P229,4.158,4.132,-4.884,0.430
C8176-P229,4.024,4.290,-5.246,2.197
C34425-P31,4.099,3.932,-4.191,1.917
C901-P190,4.562,4.233,-4.449,1.382
C727-P275,3.971,4.047,-4.894,0.374
C7480-P437,4.356,4.396,-5.258,0.589
C935-P161,4.411,4.438,-4.460,0.543
C15044-P213,4.674,4.808,-5.074,0.653
C15051-P213,3.856,3.815,-4.783,0.567
C15066-P213,4.144,4.116,-5.096,1.346
C15070-P213,4.115,4.215,-5.246,1.288
C8141-P213,3.692,3.795,-4.889,1.402
C8152-P213,3.909,3.887,-4.650,0.434
C8163-P213,4.189,4.121,-4.982,0.688
C8173-P213,4.402,4.362,-5.842,1.402
C7489-P197,3.578,3.497,-3.530,0.181
C7500-P197,3.724,3.602,-3.729,1.252
C18925-P134,3.998,4.079,-5.913,0.330
C24522-P77,3.659,3.970,-4.556,1.369
C495-P374,3.955,3.849,-3.644,1.430
C7587-P191,3.944,3.891,-4.712,0.929
C7597-P191,3.823,3.768,-4.348,1.543
C7633-P191,4.523,4.675,-4.625,1.454
C7652-P191,4.179,4.039,-4.656,1.576
C7653-P191,4.314,4.402,-5.040,0.663
C7654-P191,4.138,4.124,-4.563,1.866
C7479-P423,4.684,5.428,-5.625,0.739
C21692-P77,3.981,3.822,-4.158,0.949
C9547-P384,3.425,3.657,-3.482,1.620
C9548-P384,3.271,3.550,-3.476,2.351
C11630-P384,3.280,3.603,-3.666,1.585
C9539-P363,3.395,3.411,-2.925,0.613
C9549-P363,3.496,3.361,-3.161,0.840
C3759-P487,4.123,4.232,-5.362,0.416
C7640-P153,3.890,3.916,-4.193,1.928
C7643-P153,4.459,4.181,-3.512,1.878
C7664-P153,3.878,3.849,-4.023,0.883
C7678-P153,4.614,4.536,-4.877,0.904
C6703-P174,4.726,4.715,-5.360,0.557
C8169-P291,3.932,3.899,-4.779,0.860
C6269-P487,3.646,3.746,-5.139,0.805
C725-P487,3.663,3.805,-5.277,1.073
C744-P219,3.878,3.970,-5.802,0.844
C7137-P423,4.629,4.419,-4.410,1.185
C38801-P76,3.377,2.903,-3.255,1.849
C3256-P185,4.848,4.818,-5.983,0.325
C3266-P185,4.759,4.858,-6.708,0.586
C3292-P185,4.878,4.918,-6.499,0.314
C727-P384,3.726,3.784,-4.631,1.176
C11373-P23,3.764,3.705,-2.328,1.438
C961-P617,3.722,3.429,-3.245,1.793
C37900-P28,4.218,3.935,-4.899,2.341
C2408-P196,4.265,4.318,-4.592,0.568
C3803-P358,4.096,4.224,-5.128,0.928
C3806-P358,4.094,4.337,-5.120,1.478
C4761-P358,3.932,4.113,-4.616,0.579
C715-P235,3.981,4.046,-5.306,0.279
C688-P168,4.785,4.958,-5.834,0.879
C10642-P176,4.569,4.577,-5.694,0.793
C11338-P54,4.310,4.347,-5.775,1.413
C1791-P191,4.783,4.721,-5.841,0.342
C1795-P191,4.974,4.979,-6.113,0.295
C1805-P191,5.006,4.859,-5.150,0.359
C1814-P191,5.289,5.271,-6.112,0.405
C3508-P195,4.313,4.296,-3.029,3.449
C29723-P77,3.221,3.185,-3.493,1.116
C14594-P391,4.528,4.092,-4.703,1.345
C2912-P404,4.049,3.936,-5.433,0.508
C2865-P404,3.919,3.922,-5.209,0.369
C9947-P234,3.911,3.900,-4.271,0.308
C11200-P153,4.217,4.455,-5.050,1.359
C11228-P153,5.076,5.233,-5.886,0.599
C2393-P153,3.836,3.855,-4.395,1.012
C2408-P153,4.647,4.653,-5.199,0.476
C2040-P496,4.474,4.662,-5.104,0.895
C2059-P496,4.288,4.347,-5.008,1.124
C16466-P174,4.209,4.144,-3.885,0.643
C7135-P290,4.725,4.644,-4.872,0.209
C2382-P465,4.491,4.419,-5.228,0.661
C18170-P495,4.170,4.176,-4.696,1.451
C18171-P495,5.055,5.057,-5.394,0.909
C18173-P495,4.540,4.522,-5.010,0.976
C3508-P489,4.011,4.137,-2.637,0.748
C7529-P323,4.009,4.225,-5.134,1.801
C41823-P124,4.637,4.716,-5.153,0.523
C41834-P137,4.678,4.465,-5.663,1.194
C8138-P440,4.148,4.145,-5.176,1.507
C8155-P440,4.721,4.757,-5.338,0.725
C8172-P440,4.260,4.169,-5.183,0.480
C2375-P494,4.183,4.424,-5.210,0.778
C1791-P217,4.876,4.841,-5.691,0.722
C8131-P618,4.059,3.937,-5.016,0.951
C8160-P618,4.337,4.448,-5.176,0.583
C8169-P618,4.434,4.376,-4.948,0.735
C8178-P618,4.664,4.626,-5.588,0.828
C723-P344,4.527,4.467,-6.060,0.328
C24186-P168,3.937,3.922,-3.882,2.389
C2382-P185,4.278,4.390,-5.116,0.465
C7182-P317,5.127,5.276,-5.109,1.486
C43276-P128,4.939,4.979,-4.805,0.601
C43279-P124,4.609,4.603,-5.060,0.585
C43281-P124,4.410,4.384,-5.682,1.049
C12323-P321,4.397,4.330,-4.229,2.047
C7587-P321,3.745,3.790,-4.165,1.792
C7653-P321,4.355,4.199,-4.178,1.482
C8155-P390,4.748,4.640,-4.814,1.086
C8169-P390,4.613,4.342,-4.904,1.388
C8174-P390,5.406,5.077,-5.669,1.806
C13035-P151,4.427,4.254,-4.495,1.824
C7181-P151,4.777,4.893,-5.674,2.100
C7182-P151,5.018,5.098,-5.159,1.770
C31976-P405,4.547,4.499,-5.784,0.446
C4749-P199,3.688,3.425,-3.973,0.970
C4755-P199,3.538,3.556,-3.427,0.667
C3806-P199,3.860,3.535,-3.915,1.117
C10627-P405,3.909,3.709,-3.256,0.920
C10635-P405,4.185,3.714,-3.792,1.231
C10655-P405,3.607,3.523,-3.258,1.087
C7352-P183,5.378,5.425,-5.248,0.552
C1602-P183,4.892,4.941,-4.981,0.526
C2407-P186,4.031,4.054,-4.283,1.446
C8903-P303,4.309,4.345,-6.164,0.891
C935-P356,4.719,4.369,-4.787,1.498
C2799-P440,3.584,3.865,-5.025,0.994
C2408-P218,4.441,4.295,-4.944,0.432
C2410-P218,4.033,4.022,-4.578,1.100
C2414-P218,4.344,4.531,-5.044,0.626
C1791-P306,4.748,4.858,-5.591,0.716
C1783-P196,4.894,4.858,-5.656,0.721
C1795-P196,4.804,4.771,-5.968,0.542
C1805-P196,4.890,4.856,-5.495,0.399
C1810-P196,5.160,5.049,-5.913,0.481
C8903-P225,4.607,4.710,-6.917,0.438
C4702-P304,3.610,3.728,-4.493,0.849
C7527-P494,4.373,4.139,-4.808,1.718
C4728-P455,3.203,3.382,-4.316,1.321
C18173-P405,4.090,4.045,-4.653,1.050
C18207-P405,4.492,4.252,-4.552,0.614
C4791-P405,3.604,3.725,-3.467,1.371
C15689-P103,3.900,4.133,-4.614,0.637
C15690-P103,3.952,4.148,-4.547,0.733
C7620-P274,4.368,4.035,-4.920,2.066
C7674-P274,3.995,3.901,-3.601,0.663
C1266-P536,4.729,4.808,-6.555,0.749
C1281-P536,4.716,4.780,-6.615,0.874
C1627-P182,4.827,4.688,-4.914,1.142
C24493-P77,3.919,3.813,-4.253,0.948
C4755-P612,3.743,4.064,-4.511,2.489
C4669-P364,3.231,3.220,-3.285,1.187
C1386-P338,4.279,4.143,-4.880,2.265
C38601-P122,4.119,4.005,-1.511,0.572
C38616-P273,4.015,3.994,-4.779,1.058
C83115-P174,4.900,4.727,-5.625,1.437
C33925-P219,5.479,5.282,-8.126,1.373
C1800-P190,5.112,4.998,-6.022,0.328
C1814-P190,5.272,5.148,-6.219,0.545
C1820-P190,3.900,3.983,-3.604,0.444
C3508-P535,4.242,4.193,-3.525,5.104
C1360-P303,5.047,4.995,-5.933,0.961
C2086-P296,4.673,4.719,-5.467,0.845
C3758-P497,3.657,3.683,-3.645,0.206
C16020-P135,4.566,4.717,-5.257,0.481
C1783-P444,4.217,4.250,-4.450,0.417
C1795-P444,4.293,4.284,-5.284,0.696
C31081-P273,4.762,4.449,-4.687,2.080
C8153-P611,3.904,4.120,-5.132,1.429
C8173-P611,4.330,4.410,-5.743,0.881
C8137-P325,4.263,4.365,-4.843,1.076
C8152-P325,3.701,3.766,-4.807,0.551
C8176-P325,3.807,3.783,-4.646,0.748
C7585-P457,3.588,3.667,-3.816,0.497
C12320-P135,4.160,4.202,-4.749,0.800
C12323-P135,4.308,4.425,-4.401,0.862
C8141-P214,3.987,3.712,-4.676,0.447
C8142-P214,3.572,3.584,-3.791,0.829
C1304-P208,3.629,3.724,-4.614,1.243
C7596-P190,4.057,4.272,-5.241,0.656
C7644-P190,4.312,4.347,-5.118,1.056
C7652-P190,4.171,4.054,-4.541,1.192
C1783-P270,5.018,4.919,-5.606,0.298
C1805-P270,4.968,4.875,-5.410,0.276
C2414-P440,4.894,4.882,-5.084,0.751
C7479-P440,5.590,5.614,-6.047,0.541
C26145-P124,4.900,4.756,-5.123,0.988
C2376-P151,4.452,4.665,-5.314,1.363
C2384-P151,4.581,4.810,-5.416,1.389
C3219-P551,5.057,4.959,-6.554,0.707
C935-P213,4.449,4.435,-4.520,0.552
C1800-P191,5.149,5.075,-6.038,0.350
C8160-P465,4.248,4.277,-4.922,0.389
C8169-P465,4.094,4.214,-4.757,0.529
C8172-P465,4.413,4.336,-5.489,0.439
C8041-P161,4.947,4.926,-6.291,0.538
C2382-P152,4.501,4.605,-5.558,0.977
C2384-P152,4.773,4.601,-5.623,1.090
C21693-P248,3.809,3.874,-4.605,0.423
C21712-P248,4.757,4.821,-6.017,1.934
C956-P337,3.650,3.748,-3.165,2.063
C1002-P337,4.349,4.225,-3.465,0.524
C4702-P152,3.647,3.737,-5.087,1.077
C22606-P136,5.029,4.529,-3.974,1.323
C727-P93,3.954,3.978,-5.548,0.709
C2304-P137,4.395,4.439,-5.022,0.270
C2384-P423,4.112,4.237,-5.097,1.902
C2410-P423,3.933,4.253,-4.965,1.803
C7192-P364,3.768,3.818,-3.034,0.318
C2059-P257,4.317,4.352,-5.299,1.906
C6703-P137,5.203,5.084,-5.200,0.582
C7646-P354,4.166,3.743,-3.770,1.974
C1595-P220,4.716,4.808,-5.595,0.338
C1627-P220,4.920,5.037,-5.529,0.493
C12320-P183,4.281,3.927,-3.562,1.102
C12328-P183,5.262,4.926,-4.526,1.161
C4803-P390,3.907,3.965,-3.370,1.693
C8152-P198,3.479,3.543,-5.300,1.148
C4755-P613,3.640,4.035,-4.701,2.372
C4790-P329,4.074,4.182,-4.233,1.920
C10667-P136,4.407,4.203,-4.884,1.113
C7479-P317,5.266,5.435,-5.265,0.642
C1405-P176,4.906,4.788,-5.675,1.138
C3803-P457,3.729,4.023,-4.775,1.711
C4784-P457,3.682,3.777,-4.274,0.841
C961-P278,3.752,3.486,-3.796,1.475
C11236-P276,5.311,5.293,-4.805,0.486
C7646-P265,4.155,3.722,-3.627,2.015
C7674-P265,4.156,3.582,-3.400,2.500
C86465-P363,5.063,4.915,-4.732,0.613
C10627-P494,3.745,3.776,-3.318,1.038
C10655-P494,3.607,3.580,-3.537,1.497
C6791-P159,4.110,3.976,-4.867,0.916
C18187-P391,3.895,3.861,-4.285,1.527
C18209-P391,3.750,3.790,-4.057,1.324
C1304-P207,3.693,3.679,-4.059,0.860
C3858-P32,3.847,3.686,-4.140,0.788
C23130-P37,5.099,5.231,-6.066,1.447
C7644-P270,4.257,4.227,-4.415,1.771
C7649-P270,4.312,4.339,-2.242,0.425
C23707-P106,4.397,4.316,-5.350,0.795
C9375-P199,4.471,4.401,-5.183,0.668
C9394-P199,3.417,3.469,-4.568,0.353
C7664-P214,3.322,3.561,-3.592,1.475
C1791-P457,5.012,5.100,-6.362,0.310
C1625-P182,4.304,4.373,-5.582,0.215
C25337-P198,4.352,3.973,-3.609,1.254
C7479-P185,5.487,5.356,-5.814,1.589
C8140-P441,4.267,4.153,-5.220,1.051
C8169-P441,3.885,3.846,-4.740,0.666
C4790-P373,4.058,4.253,-4.566,2.221
C9370-P619,3.708,3.779,-4.660,0.695
C9371-P619,3.790,3.695,-4.743,0.389
C9376-P619,3.098,3.506,-4.156,2.069
C9379-P619,3.872,3.745,-4.392,0.995
C9380-P619,3.776,3.885,-5.186,0.934
C9385-P619,3.172,3.761,-4.974,2.000
C9390-P619,3.784,4.036,-5.377,1.495
C9394-P619,3.600,3.921,-4.413,1.567
C2423-P283,4.070,4.037,-4.721,0.915
C760-P279,4.269,4.087,-4.737,0.343
C742-P441,3.747,3.755,-5.326,0.563
C11066-P220,4.206,4.168,-4.598,1.782
C7620-P239,4.346,4.265,-4.684,2.504
C11062-P176,4.121,4.442,-3.753,2.707
C15027-P135,3.874,4.197,-5.344,0.820
C7654-P161,3.888,3.923,-4.340,1.083
C21692-P22,4.147,4.107,-3.748,1.018
C21693-P22,4.233,4.383,-4.116,0.408
C30125-P22,4.871,4.729,-6.781,1.534
C15027-P152,4.189,4.132,-5.246,1.095
C15036-P152,4.519,4.483,-4.488,0.677
C15044-P152,4.782,4.840,-5.252,1.072
C15045-P152,4.577,4.562,-5.804,0.734
C15065-P152,3.803,3.761,-4.197,0.885
C15067-P152,4.224,4.236,-4.995,0.366
C15070-P152,4.533,4.517,-5.288,0.310
C8138-P152,4.486,4.552,-5.524,0.919
C6248-P354,4.243,4.280,-5.355,0.188
C8138-P613,4.153,4.122,-5.409,2.002
C8142-P613,3.469,3.768,-4.295,1.895
C8155-P613,4.517,4.311,-5.005,0.682
C8176-P613,3.854,4.174,-5.000,1.603
C8841-P444,4.295,4.379,-5.250,0.469
C8848-P444,4.101,4.225,-5.023,0.778
C7479-P274,5.513,5.520,-6.152,0.577
C9954-P364,3.413,3.582,-3.912,1.252
C6291-P213,3.703,3.669,-1.558,0.136
C6773-P441,4.087,4.118,-5.143,0.230
C6812-P441,3.742,3.656,-4.746,0.553
C961-P187,3.864,3.450,-3.535,1.919
C1394-P423,4.675,4.445,-4.945,1.421
C7479-P279,5.361,5.446,-5.484,0.487
C15051-P343,3.883,3.843,-4.970,0.676
C15054-P343,4.390,4.561,-5.363,0.424
C8132-P343,4.245,4.074,-5.443,0.767
C8137-P343,4.832,4.852,-5.392,0.687
C9179-P22,4.041,4.227,-6.209,1.589
C961-P228,3.858,3.688,-2.829,1.691
C1002-P228,4.309,4.236,-3.446,0.527
C1352-P196,4.720,4.776,-5.746,0.606
C7067-P174,5.107,5.023,-6.742,0.790
C4728-P317,3.203,3.593,-3.859,1.799
C36269-P36,3.477,4.180,-2.509,2.699
C9375-P489,4.436,4.458,-5.730,0.861
C7646-P138,4.061,4.109,-2.933,0.546
C7649-P138,4.278,4.340,-2.177,0.343
C7674-P138,4.032,3.625,-3.109,2.277
C7678-P138,4.503,4.338,-2.945,1.156
C1799-P256,4.849,4.903,-5.573,0.698
C7506-P306,4.062,3.905,-3.484,1.171
C6726-P252,4.116,4.088,-4.680,0.400
C13035-P321,4.500,4.316,-4.156,1.453
C11210-P213,3.671,3.817,-4.601,2.487
C11229-P213,4.334,4.444,-5.195,0.421
C9125-P22,3.965,3.932,-5.092,1.230
C6791-P465,4.051,4.052,-4.503,0.256
C6812-P465,3.710,3.599,-4.294,0.551
C13035-P161,4.442,4.425,-5.130,1.785
C7527-P441,4.114,3.913,-4.116,0.808
C7529-P441,3.833,3.817,-4.960,0.779
C4135-P200,5.412,5.563,-5.751,0.738
C15024-P274,4.220,4.223,-5.093,0.339
C15036-P274,4.266,4.494,-4.608,0.976
C15044-P274,4.881,4.634,-5.231,1.277
C15048-P274,4.248,4.474,-5.098,1.842
C15065-P274,3.552,3.596,-4.874,1.230
C15067-P274,3.997,3.957,-5.441,0.682
C8155-P274,4.961,4.874,-5.758,0.489
C8176-P274,3.900,3.815,-5.289,1.001
C10627-P252,3.913,3.854,-3.812,1.423
C8161-P228,4.657,4.290,-5.498,1.252
C8176-P228,3.875,3.920,-5.236,1.301
C7073-P183,4.522,4.786,-5.976,0.705
C994-P158,4.485,4.478,-4.944,1.966
C9394-P277,3.446,3.642,-4.412,1.222
C7646-P437,4.155,4.144,-4.128,0.550
C4791-P317,3.753,3.989,-4.037,1.497
C4142-P136,5.701,5.771,-6.862,0.280
C7479-P173,5.422,5.478,-5.798,0.603
C1392-P283,4.297,4.233,-5.794,0.432
C4093-P283,3.716,3.864,-4.100,0.722
C7139-P305,4.499,4.657,-4.812,1.997
C38611-P550,3.740,3.868,-5.147,0.910
C38614-P550,3.861,3.630,-4.456,0.617
C38621-P550,3.645,3.616,-4.046,0.536
C2408-P441,4.126,4.031,-4.633,1.389
C35850-P200,3.991,3.874,-4.275,1.624
C35879-P37,4.089,4.043,-4.465,1.454
C716-P440,4.503,4.489,-5.865,0.491
C25767-P356,3.700,3.535,-3.337,2.274
C92177-P134,5.398,5.322,-3.632,0.475
C7527-P465,4.048,4.099,-4.782,0.732
C1002-P336,4.309,4.229,-3.607,0.891
C7480-P618,4.328,4.394,-5.216,1.007
C727-P557,3.945,3.937,-4.849,0.308
C2410-P302,3.987,4.285,-5.033,1.693
C542-P467,3.471,3.489,-4.169,1.707
C15040-P153,4.816,4.759,-5.956,0.962
C15045-P153,4.362,4.406,-5.135,0.495
C15048-P153,4.502,4.659,-4.789,1.090
C15067-P153,4.071,4.053,-4.665,0.506
C15070-P153,4.508,4.401,-5.197,0.458
C8131-P153,3.888,3.916,-4.723,0.541
C8138-P153,4.321,4.449,-5.150,0.455
C8141-P153,4.065,4.070,-5.397,0.511
C8152-P153,3.743,3.806,-5.009,1.837
C8161-P153,4.278,4.634,-5.654,1.662
C8173-P153,4.678,4.685,-5.822,0.924
C8176-P153,4.251,4.017,-4.705,0.483
C2758-P200,4.625,4.536,-4.665,1.041
C37375-P551,4.557,4.812,-5.582,1.603
C11061-P25,4.421,4.511,-4.897,1.313
C11211-P161,4.071,4.282,-4.563,1.324
C11216-P161,3.820,3.976,-4.619,1.014
C11228-P161,4.968,5.196,-6.000,0.847
C11229-P161,4.402,4.651,-5.262,1.422
C8032-P310,4.427,4.554,-6.403,1.268
C8041-P310,5.022,4.952,-6.245,0.465
C8057-P310,3.914,4.125,-5.054,0.840
C4749-P445,3.978,4.284,-5.385,0.996
C4755-P445,3.904,4.079,-5.179,0.633
C4761-P445,3.846,4.119,-5.324,0.938
C4763-P445,3.936,3.937,-4.592,0.534
C92804-P51,4.040,3.871,-3.357,1.584
C7585-P199,4.120,4.177,-4.520,0.999
C7646-P199,4.180,3.588,-3.655,1.537
C1805-P190,4.963,4.839,-5.075,0.299
C7054-P192,4.344,3.951,-4.647,1.157
C17572-P125,4.372,4.203,-3.289,1.531
C995-P439,4.485,4.523,-4.679,0.559
C37374-P54,4.664,4.403,-5.073,0.825
C37377-P54,4.322,3.961,-4.319,0.787
C1922-P198,3.823,4.034,-4.352,0.554
C7479-P497,5.265,5.346,-5.324,0.410
C6124-P374,4.431,4.558,-5.307,3.259
C90727-P22,3.652,3.399,-4.001,0.907
C90672-P296,3.830,3.829,-3.454,0.862
C90689-P296,3.950,3.881,-2.713,0.365
C90691-P22,3.944,3.797,-4.653,1.636
C9352-P201,3.723,3.581,-5.173,0.920
C9353-P201,4.199,4.296,-5.131,1.184
C9359-P201,3.918,3.828,-4.844,0.480
C9365-P201,4.031,4.156,-5.227,0.647
C9371-P201,3.737,3.779,-5.269,0.687
C9372-P201,4.235,4.140,-5.051,0.683
C9375-P201,4.940,4.928,-5.307,0.395
C9379-P201,3.749,3.873,-4.988,0.636
C9386-P201,3.991,4.000,-4.602,0.687
C1329-P252,4.042,4.048,-4.348,0.741
C18177-P122,4.085,3.929,-4.855,3.044
C3689-P235,3.492,3.497,-3.782,0.466
C3732-P235,3.437,3.825,-3.697,2.133
C12360-P176,4.361,4.041,-2.777,1.474
C8903-P214,4.838,5.144,-7.276,1.640
C1390-P214,4.573,4.992,-6.317,1.899
C7479-P171,5.502,5.533,-5.732,0.502
C11236-P171,5.329,5.282,-6.367,0.808
C86475-P364,5.055,4.727,-4.699,1.378
C86508-P364,4.327,4.396,-4.179,0.614
C2382-P264,4.535,4.468,-5.338,0.375
C2414-P264,4.819,4.813,-5.183,0.535
C40869-P176,3.757,3.564,-4.487,1.863
C1383-P278,3.335,3.431,-3.354,0.410
C8052-P310,4.922,4.678,-5.837,0.852
C10646-P363,3.940,3.918,-3.563,0.981
C22804-P550,5.572,5.560,-6.205,1.148
C9811-P205,4.542,4.543,-4.524,0.374
C14769-P58,3.744,3.528,-3.064,0.960
C4666-P229,3.259,3.529,-3.986,0.991
C7479-P564,5.634,5.677,-3.247,0.837
C15027-P348,3.873,4.159,-5.253,1.475
C15044-P348,4.796,4.764,-5.041,0.491
C15051-P348,3.785,3.889,-4.889,1.133
C15065-P348,3.532,3.542,-4.878,0.675
C15067-P348,3.947,3.898,-5.538,0.577
C8141-P348,3.905,4.058,-5.584,1.242
C8176-P348,3.837,3.773,-4.813,0.914
C7529-P423,3.994,4.233,-4.758,0.857
C38598-P551,3.709,3.806,-4.596,0.850
C9146-P364,4.245,4.147,-4.508,0.776
C9356-P204,4.372,4.446,-5.251,0.655
C9372-P204,4.097,4.278,-5.914,1.617
C9376-P204,3.196,3.422,-4.323,1.047
C9380-P204,3.662,3.614,-4.974,1.382
C9382-P204,4.487,4.564,-5.274,1.167
C9385-P204,3.257,3.504,-4.694,1.678
C9386-P204,3.905,3.802,-4.600,0.315
C9393-P204,4.537,4.599,-4.991,0.423
C9394-P204,3.427,3.504,-4.479,0.758
C1585-P198,4.598,4.664,-5.499,0.629
C1625-P136,4.470,4.630,-5.698,0.434
C9549-P364,3.520,3.371,-3.137,0.769
C7674-P618,4.329,4.043,-3.690,1.478
C678-P71,3.978,3.872,-4.383,2.476
C2399-P384,4.260,4.181,-4.654,0.807
C1627-P176,4.994,5.074,-5.638,0.709
C7182-P336,5.241,5.211,-5.353,1.250
C13001-P22,3.744,3.743,-5.506,1.699
C8052-P2,4.977,4.958,-5.821,0.399
C4719-P339,3.379,3.369,-3.395,0.352
C4725-P339,3.022,3.001,-2.902,2.833
C4754-P423,3.560,3.798,-4.192,1.531
C4761-P423,3.624,3.792,-4.377,0.752
C18193-P364,4.169,3.944,-4.219,1.328
C961-P288,3.751,3.538,-3.914,1.905
C8156-P364,3.625,3.638,-3.787,0.575
C956-P233,3.694,3.819,-2.990,2.653
C1002-P233,4.346,4.273,-3.632,1.591
C1003-P233,4.810,4.474,-3.933,1.190
C4745-P180,3.673,3.562,-4.619,0.733
C1360-P259,4.979,5.062,-5.635,0.583
C34717-P248,3.682,3.763,-4.805,0.425
C2375-P325,3.696,3.689,-3.593,0.342
C2384-P325,4.097,4.138,-5.111,1.423
C2397-P325,3.821,3.870,-4.825,1.512
C2399-P325,4.018,4.026,-4.643,1.131
C2410-P325,3.939,4.140,-4.974,2.340
C736-P338,3.797,3.785,-4.719,0.732
C727-P338,3.790,3.833,-4.968,0.771
C10375-P495,4.437,4.358,-5.277,2.905
C87424-P143,3.975,3.871,-4.224,0.372
C87425-P143,4.116,4.495,-5.245,0.902
C7479-P289,5.417,5.497,-5.880,0.508
C7672-P439,4.033,3.754,-3.958,0.504
C18486-P183,3.659,3.707,-3.895,2.363
C8161-P192,4.447,4.304,-5.078,1.149
C8169-P192,3.980,3.973,-4.338,0.853
C7479-P465,5.360,5.522,-6.416,0.915
C11184-P344,4.445,4.510,-5.058,1.046
C11208-P344,3.893,3.654,-3.886,1.191
C961-P444,3.708,3.619,-2.927,1.340
C1002-P444,4.356,4.314,-3.481,0.859
C4702-P226,3.685,3.863,-4.816,0.824
C1392-P493,4.840,4.743,-4.981,0.623
C15044-P321,4.737,4.738,-5.023,0.444
C15048-P321,4.208,4.575,-5.125,1.829
C8153-P321,4.236,4.022,-5.044,0.986
C8169-P321,4.627,4.511,-4.652,0.686
C13035-P152,4.610,4.425,-5.031,2.220
C7182-P152,5.009,5.320,-5.920,2.046
C16242-P168,4.988,4.779,-4.087,1.302
C8840-P439,4.215,4.310,-6.042,0.614
C8854-P439,4.484,4.536,-6.184,0.370
C2188-P174,4.620,4.658,-5.236,1.019
C15025-P275,3.853,4.110,-4.563,1.831
C15036-P275,4.224,4.609,-5.170,2.034
C15048-P275,4.324,4.474,-4.936,1.645
C15065-P275,3.512,3.562,-4.780,0.773
C8159-P275,3.920,3.920,-4.539,0.602
C2382-P321,4.448,4.629,-5.324,0.917
C10375-P497,4.466,4.424,-5.239,2.751
C7372-P182,5.249,5.129,-5.126,1.093
C1823-P158,3.975,4.147,-5.764,0.645
C8437-P343,5.488,5.498,-6.648,0.250
C15183-P151,4.137,4.200,-4.896,0.900
C15184-P151,4.015,4.077,-4.771,0.781
C31102-P120,4.138,4.029,-4.507,1.010
C7479-P612,5.449,5.584,-5.982,0.600
C11193-P363,3.449,3.580,-3.140,1.832
C11200-P363,4.003,3.965,-3.350,0.352
C1785-P457,3.549,3.894,-4.318,2.045
C1796-P457,3.352,3.687,-4.403,1.998
C7646-P275,4.140,4.004,-2.621,0.629
C1446-P71,3.220,3.204,-3.123,1.692
C7652-P325,3.863,3.921,-4.451,1.246
C8173-P244,4.370,4.390,-5.409,0.857
C7674-P192,4.002,3.868,-3.663,1.392
C8138-P270,4.257,4.479,-5.370,0.500
C8144-P270,3.713,4.038,-5.141,1.859
C8152-P270,3.820,3.868,-4.642,0.318
C8160-P270,4.423,4.486,-4.962,0.449
C8163-P270,4.168,4.471,-5.203,0.842
C8169-P270,4.610,4.591,-4.971,0.659
C8176-P270,4.224,3.984,-4.996,1.630
C9352-P171,3.537,3.662,-4.979,0.854
C9379-P171,4.121,4.180,-5.109,1.384
C961-P265,3.641,3.553,-3.931,1.271
C25757-P277,4.444,4.546,-5.371,1.656
C842-P405,4.463,3.777,-4.110,2.615
C901-P405,4.438,4.378,-4.632,1.845
C83889-P135,5.128,4.830,-5.553,1.651
C53105-P135,4.873,5.035,-6.854,0.594
C7492-P161,4.069,3.975,-4.338,0.854
C38594-P122,3.765,3.760,-4.440,1.299
C38598-P404,3.968,3.646,-4.710,1.351
C89701-P12,4.688,4.408,-4.421,0.556
C89709-P12,4.714,4.454,-4.833,2.385
C89730-P12,4.612,4.385,-4.462,0.953
C89732-P12,4.648,4.349,-4.676,1.918
C2408-P324,4.674,4.672,-5.149,0.904
C18995-P38,3.976,4.038,-4.742,1.685
C18997-P51,3.815,3.919,-4.279,0.571
C7181-P440,4.701,5.017,-5.986,2.016
C4728-P276,3.238,3.436,-3.875,1.444
C25758-P259,4.241,4.054,-4.190,1.215
C20430-P22,4.450,4.294,-3.854,0.689
C6315-P170,4.126,4.155,-5.278,0.415
C6329-P170,4.486,4.501,-6.659,1.755
C8881-P274,4.361,4.324,-5.521,0.688
C660-P103,3.893,3.942,-4.154,0.261
C684-P103,4.492,4.701,-4.698,3.403
C542-P199,3.473,3.489,-4.117,1.629
C3646-P239,3.412,3.602,-3.970,1.082
C7625-P159,4.538,4.746,-5.048,0.864
C9375-P356,4.381,4.381,-5.216,0.626
C9394-P356,3.709,3.682,-4.521,0.362
C8155-P271,4.738,4.525,-5.224,0.955
C4732-P405,3.246,3.145,-3.259,1.987
C3665-P182,3.832,3.705,-4.047,1.216
C16361-P182,5.476,5.503,-6.847,0.444
C2086-P207,4.780,4.974,-5.886,0.533
C2091-P207,4.879,4.868,-5.453,0.223
C8142-P190,3.879,3.610,-3.292,1.104
