quote_entry,quoted_smiles,HIPPO Compound ID (xx01zvns2b),HIPPO Compound ID (a71ev2a),HIPPO Compound ID (d68ev3c)
EN300-106689,Cl.Cl.Nc1ccc2c(c1)CNC2,61484,,
EN300-176585,O=C(O)c1cc(F)cc2[nH]nnc12,123049,,
EN300-1590558,N#Cc1c[nH]c2c(C(=O)O)cccc12,122834,,
EN300-26677505,CC(CN)c1ccncc1.Cl.Cl,618,,
EN300-6764593,COCc1ccc(Br)nc1,129215,,
EN300-37114,Cl.Nc1ccnc2ccccc12,128923,,
EN300-125852,CCc1ccnc(C(=O)O)c1,128924,,
EN300-225138,CNc1ccc2c(c1)CNC2.Cl.Cl,77344,,
EN300-18999,O=Cc1ccccn1,128932,,
EN300-50619,c1ccc2c(c1)CNC2,128533,,
EN300-135456,CC(C)(C)OC(=O)C1CCCNC1,128690,,
EN300-1628437,O=C(O)c1ccc(-c2nc[nH]n2)nc1,128846,,
EN300-28281,NCc1ccncn1,128847,,
EN300-113423,Cl.O=C(O)c1ccn2ccnc2c1,128912,,
EN300-02241,CCOC(=O)c1csc(N)n1,129123,,
EN300-259251,OCc1cnn2c1CNCC2,122156,,
EN300-1232054,CCCN1CCCCC1CN,129125,,
EN300-7431714,Cl.O=C(O)C1CCCN(c2cc(=O)[nH]cn2)C1,128643,,
EN300-35650,OCCNc1ccccn1,128861,,
EN300-129334,Nc1ccc2cccc(Cl)c2n1,128862,,
EN300-68837,NCc1ncc[nH]1,128665,,
EN300-65507,CC(=O)NCc1ccc(C(=O)O)o1,129009,,
EN300-86799,O=C(O)C1CCCN(C(=O)c2ccncc2)C1,128657,,
EN300-97459,CC(C)[C@H](N)CO,128658,,
EN300-193609,Cl.Cl.Nc1cnc[nH]1,68051,,
EN300-19540,CCC(=O)O,121245,,
EN300-50402,NCCc1ccncc1,128584,,
EN300-152418,Cl.Cn1cncc1CC(=O)O,128585,,
EN300-20789,O=C(O)CCc1c[nH]c2ccccc12,128673,,97698
EN300-18193,CCNCc1ccncc1,128674,,
EN300-16724,O=C(O)c1cccs1,129150,,
EN300-57529,Nc1ccc(Cl)c2ncccc12,129151,,
EN300-152798,Cl.Cl.NCc1ccc2c(c1)CNC2,61579,,
EN300-1244816,Cc1nnnn1CC(=O)O,128501,,
EN300-112459,C1CC2(C1)CNC2.Cl,128799,,
EN300-266320,O=C(O)c1ccc(-c2ccccn2)nc1,128850,,
EN300-216851,Cl.Cl.N[C@@H]1CCCNC1,128465,,
EN300-27306,COc1nc2ccccc2cc1C=O,128466,,
EN300-303593,Cl.c1cnn(C2CCCNC2)c1,7609,,
EN300-51961,CCC(C)C(=O)NCC(=O)O,128557,,
EN300-21700,O=C(O)c1ccnc2ccccc12,128678,,
EN300-6489057,Cc1cc(N)c2ncccc2c1.Cl,128679,,
EN300-702796,Cl.O=C(O)c1c(F)ccc2[nH]cnc12,128693,,
EN300-657410,Cl.NC(CO)c1ncc[nH]1,128694,,
EN300-309701,O=C(O)c1ccc2c(c1)C1(CCOCC1)C(=O)N2,124938,,
EN300-30997962,N#Cc1csc2ccc(C(=O)O)cc12,126639,,
EN300-106530,CN1Cc2ccc(N)cc2C1.Cl.Cl,127535,,
EN300-112361,CC1(C)C(=O)Nc2ccc(C(=O)O)cc21,127537,,
EN300-1601419,Nc1ccc2c(c1)CNC2=O,123714,,
EN300-6481671,COC(=O)c1cc(Cl)c2[nH]cc(C)c2c1,128069,,
EN300-254951,CC(N)Cc1c[nH]cn1.Cl.Cl,48740,,
EN300-310118,N#Cc1cc2cccnc2nc1Cl,129782,,
EN300-42819,O=C1CCC(C(=O)O)CN1,128504,,
EN300-77094,Nc1ccn(-c2ccncc2)n1,128505,,
EN300-655536,Cl.O=C(O)CN1CCNCC1,128564,,
EN300-213135,Cl.NCC1CCC(=O)NC1,128565,,
EN300-137433,O=C(O)CCc1cncc2ccccc12,128639,,
EN300-141474,Cl.Cl.NCc1nc(CO)cs1,128640,,
EN300-18989,CC(C)N,121697,,
EN300-191318,Brc1ccnc2ccsc12,128698,,
EN300-30137,Nc1cccc2ncccc12,65266,,
EN300-249430,CCSc1cccnc1C(=O)O,128973,,
EN300-1072125,Cl.Cl.c1cc(C2CCNC2)[nH]n1,60620,,
EN300-222693,Cl.O=C(O)CCc1cncs1,128514,,
EN300-65463,CNC(=O)CO,129521,,
EN300-28331811,C1CNC2(CCN1)CC2.Cl.Cl,129653,,
EN300-19785,CC(C)(N)CO,121750,,
EN300-41644,Cl.O=C(O)[C@H]1NC[C@@H]2C[C@@H]21,129377,,
EN300-26647,O=C(O)c1sccc1-n1cccc1,129747,,
EN300-51443,Brc1cnccn1,129319,,
EN300-7409824,Cl.Cl.Nc1cccc2c1CNC2,61490,,
EN300-41399,OCC1CCOC1,129619,,
EN300-266554,Cl.O=C(O)CCC1CCCN1,129874,,
EN300-79639,Nc1n[nH]c2nc(C(F)(F)F)ccc12,129875,,
EN300-195515,Cl.c1ccc2[nH]c(C3CCNCC3)cc2c1,17848,,
EN300-198933,C=CCNC(=O)CO,129366,,
EN300-93066,Clc1ccnc2ccsc12,129375,,
EN300-19058,C1CNCCNC1,129376,,
EN300-86038,O=C(O)c1cccc2cc[nH]c12,129383,,
EN300-343425,COc1ccc(CC(C)(N)CO)cc1,129384,,
EN300-343910,CC(N)(CO)Cc1ccc(F)cc1.Cl,129392,,
EN300-42996,O=C(O)Cn1c(=O)[nH]c2ccccc21,129416,,
EN300-53656,CC(CN)CO,129417,,
EN300-19017,CCC(C)N,122863,,
EN300-83375,Brc1ccc2ccccc2n1,129481,,
EN300-35798,CC(C(=O)O)n1cnc2ccccc21,70487,,
EN300-157897,CC[C@H](N)CO,129785,,
EN300-189225,Nc1cccc2[nH]c(=O)[nH]c12,69218,,
EN300-174561,Cl.Cn1cncc1CCC(=O)O,129484,,
Z262221634,C1=CN=C(N=C1)N2CCNCC2,63872,,
EN300-42001,O=C(O)Cc1csc2nccn12,129459,,
EN300-1723015,Cl.N[C@H]1c2ccccc2C[C@H]1C(=O)O,124436,,
EN300-52478,CC(C)(C)CN,129603,,
EN300-20873,CC(C)C(C)N,129606,,
EN300-19020,CCCCCN,129622,,
EN300-30298,O.O=CC(F)(F)F,123296,,
EN300-32051,Cl.Cl.NCCc1nc2ccccc2[nH]1,128485,,
EN300-41693,Cl.Cl.Nc1cccc2nc[nH]c12,61791,,
EN300-21589,CCCCCC(=O)O,129884,,
EN300-55963,CC(=O)N(C)C1CCNCC1.Cl,54155,,
EN300-170339,O=C(O)c1cccc2[nH]c(=O)[nH]c12,128998,,
EN300-160263,Cl.O=C(O)[C@H]1CCCNC1,122766,,
EN300-658538,Cl.NC[C@H]1CCCC(=O)N1,128863,,
EN300-62061,Cl.O=C(O)CCCn1ccnc1,129060,,
EN300-1581819,Cl.NCc1nc2ccccn2c1Br,129061,,
EN300-152096,O=C(O)CCc1cnc2ccccc2c1,128922,,
EN300-95416,CCn1cncc1CO,129076,,
EN300-188049,Cl.Cl.Nc1ccn2ccnc2c1,129030,,
EN300-148847,CC(OC(C)(C)C)C(=O)O,129783,,
EN300-56964,C=CCCOC(C)C(=O)O,129784,,
EN300-19153,CCC=O,125675,,
EN300-1657606,Nc1ncnc2scnc12,129816,,
EN300-1273309,Nc1ncnc2cccnc12,129822,,
EN300-86282,C[C@H](N)CO,129781,,
EN300-63856,CNc1ncnc2ccccc12,129838,,
EN300-1278411,CC(C)(C)OC(=O)N[C@H]1c2ccccc2C[C@H]1C(=O)O,135353,,
EN300-45405983,Cl.Nc1ccc2c(c1)CN(C1CC(=O)NC1=O)C2=O,135357,,
EN300-45585904,Nc1ccc2c(c1)CN([C@H]1C[C@H](F)CNC1=O)C2=O,135359,,
EN300-1272845,Nc1ccc2c(c1)CN(C1CCC(=O)NC1=O)C2=O,135360,,
EN300-7439200,Nc1ccc2c(c1)C(=O)N(C1CCCNC1=O)C2=O,135361,,
EN300-2009704,Nc1ccc2c(c1)C(=O)N(C1CCC(=O)NC1=O)C2,135362,,
EN300-37156096,Cc1ccc2c(c1)[C@@H](NC(=O)OC(C)(C)C)[C@@H](C(=O)O)C2,135354,,
EN300-88347,Nc1ccc2c(c1)C(=O)N(c1ccc(F)cc1)C2=O,135363,,
EN300-27728955,CC(C)(C)OC(=O)NC1c2cccc(O)c2CC1C(=O)O,135355,,
EN300-3119278,Nc1ccc2c(c1)C1CCC2N1C(=O)C(F)(F)F,135356,,
EN300-28257523,Nc1ccc2c(c1)C(=O)N(C1CC(=O)NC1=O)C2=O,135364,,
EN300-7365471,Nc1ccc2c(c1)C(=O)N(C1CCC(=O)NC1=O)C2=O,135365,,
EN300-7071569,C=C1CC(CN)(COC)C1,135503,,
EN300-51835733,Br.O=C(O)c1csc2c(Br)ccnc12,135659,,
EN300-6266534,COCC1(CN)CC(C)C1,135517,,
EN300-110411,CCOCCC1(CN)CCC1,135543,,
EN300-746119,NCC1(C2CCCO2)CCC1,135587,,
EN300-39672691,CC1(C)CCCN(CCN)C1.Cl.Cl,135549,,
EN300-47318140,COC(=O)c1csc2c(Br)ccnc12,135660,,
EN300-343682,NCC1(C2CCCCO2)CCC1,135644,,
EN300-27782177,CCCCCC(N)C1CC1.Cl,136132,,
EN300-78456,O=C(O)CCC1CC1,136664,,
EN300-1692629,Cc1cc(N)c2[nH]cnc2c1,136695,,
EN300-211845,CC1CC1CC(=O)O,136665,,
EN300-2967681,Nc1cc(Br)cc2nc[nH]c12,136696,,
EN300-130536,Nc1cc(Cl)cc2[nH]cnc12,136697,,
EN300-7225112,O=C(O)CCCCCI,136668,,
EN300-6445996,Cn1cnc2c(N)cccc21,136700,,
EN300-18477535,Cc1nc2c(N)cccc2[nH]1.Cl.Cl,136701,,
EN300-40446,O=C(O)CC1CCCO1,136669,,
EN300-7276461,C[C@@H]1C[C@H]1CCC(=O)O,136670,,
EN300-4289130,Cc1ccc2nc[nH]c2c1N,136699,,
EN300-14707,CC(O)CCCC(=O)O,136671,,
EN300-160225,C=CCCCCC(=O)O,136672,,
EN300-134849,CCC(C)CCC(=O)O,136673,,
EN300-79913,CCCC(O)CC(=O)O,136674,,
EN300-1859194,O=C(O)CCCCCF,136675,,
EN300-61548,CCCC(C)CC(=O)O,136676,,
EN300-149328,CCC(=O)CCC(=O)O,136677,,
EN300-1829663,CC1(CC(=O)O)CCC1,136678,,
EN300-49717,O=C(O)CC1=CCCC1,136679,,
EN300-125161,C#CCCCCC(=O)O,136680,,
EN300-183205,CCCCC(O)C(=O)O,136681,,
EN300-37152198,O=C(O)CC1CC(S)C1,136682,,
EN300-196066,CCCCC(C)C(=O)O,136683,,
EN300-2969945,O=C(O)CC1CC12CC2,136684,,
EN300-223522,CC(C)CCCC(=O)O,129890,,
EN300-20411,CCCCC(Br)C(=O)O,136685,,
EN300-246423,O=C(O)CC1(O)CCC1,136686,,
EN300-20142,O=C(O)CC1CCCC1,129017,,
EN300-117001,O=C(O)CC1CC(=O)C1,136687,,
EN300-120421,CCCCC(=O)C(=O)O,136688,,
EN300-1657497,C=C(C)CCCC(=O)O,136689,,
EN300-7069032,CC(F)CCCC(=O)O,136690,,
EN300-1233791,O=C(O)C(O)CC1CC1,136691,,
EN300-118441,O=CCCCCC(=O)O,136692,,
EN300-23059,CC(=O)CCCC(=O)O,136693,,
EN300-223585,CC1(CCC(=O)O)CC1,136667,,
EN300-249764,O=C(O)C(O)C1CCC1,136694,,
EN300-6020914,Nc1cc(Cl)cc2[nH]c(O)nc12,136702,,
EN300-37104305,Cl.Cn1c(=O)[nH]c2cccc(N)c21,136703,,
EN300-5084190,Nc1cc(Br)cc2nc(O)[nH]c12,136704,,
EN300-138726,CC1CNC1.O=C(O)C(F)(F)F,123114,,
EN300-71952,Cc1ccc2c(c1)nc(CCN)n2C.Cl.Cl,137010,,
EN300-233415,CC[N+](CC)(CC)CC.O=C([O-])C(F)(F)F,136997,,
EN300-20643,COC(=O)C(F)(F)F,136998,,
EN300-72279,Cl.Cl.Cn1c(CCN)nc2cc(F)ccc21,137013,,
EN300-99202,Cl.Cl.Cn1c(CCN)nc2cc(Cl)ccc21,137007,,
EN300-19221,CCOC(=O)C(F)(F)F,137002,,
EN300-01256,O=C=NC(=O)C(F)(F)F,137003,,
EN300-1250797,CN(C)C(=O)C(F)(F)F,136999,,
EN300-2493048,C#CCOC(=O)C(F)(F)F,137001,,
EN300-1251156,CON(C)C(=O)C(F)(F)F,137000,,
EN300-37334722,Cl.Cl.NC1Cc2nc3cc4c(cc3n2C1)OCCO4,137023,,
EN300-834006,CC(N)CC1CC1.Cl,137120,,
EN300-7546416,O=C(O)CC1Cn2c(nc3ccccc32)NC1=O,137170,,
EN300-211215,O=C(O)c1cc(Br)cc2[nH]c(=O)[nH]c12,123507,,
EN300-2010158,CN1CCC(N2CC(N)CC2=O)CC1.Cl.Cl,137217,,
EN300-2845132,CN1CCC(N2CCC(N)C2=O)CC1,137210,,
EN300-1387297,Nc1cccc2c1CN(C1CC(=O)NC(=O)C1)C2=O,137227,,
EN300-634621,Cn1c(=O)[nH]c2cccc(C(=O)O)c21,137190,,
EN300-190447,Cn1c(=O)[nH]c2c(C(=O)O)cccc21,137189,,
EN300-171535,CCCN1CCCC(C(=O)O)C1.Cl,137415,,
EN300-27692384,NCC1(c2ccccc2)CCCC(=O)N1.O=C(O)C(F)(F)F,137555,,
EN300-384379,CC(C)N1CCCC(C(=O)O)C1.Cl,123300,,
EN300-37155978,C[C@H]1CC(=O)N(C)C[C@H]1C(=O)O,137418,,
EN300-43378550,Cl.O=C(O)C1CCCN(c2ccncc2)C1,137442,,
EN300-39874810,Cl.Cl.O=C1CCCC2(CCCNC2)N1,137559,,
EN300-214344,O=C1CCC(C(=O)O)(c2ccccc2)CN1,137454,,
EN300-1087098,NCC1CCC(F)(F)C(=O)N1,137562,,
EN300-37334953,CCOC(=O)C1(CC(=O)O)CCCNC1=O,137465,,
EN300-26861094,CC12CCC(CN)(C1)NC2=O,137567,,
EN300-393339,NNC(=O)C1CCCC(=O)N1,137565,,
EN300-119643,O=C(O)C1CCC(=O)N(c2ccccc2)C1,137461,,
EN300-190726,O=C(O)C1CCCN(c2ccccc2)C1=O,137472,,
EN300-43506,O=C(O)C1CCCN(c2ncccc2Cl)C1,137474,,
EN300-81636,CN1C(=O)CCC(C(=O)O)C1c1cccs1,137481,,
EN300-399768,O=Cc1ccc(N2CCCC(C(=O)O)C2)o1,137482,,
EN300-39180,CC(C)CN1CCCC(C(=O)O)C1,137506,,
EN300-75414,CN1C(=O)CCC(C(=O)O)C1c1ccccc1,137497,,
EN300-78773,CN1C(=O)CCC(C(=O)O)C1c1cnn(C)c1,137489,,
EN300-298995,O=C(O)C1CCC(=O)N(c2cccc(F)c2)C1,137493,,
EN300-92485,O=C(O)C1CCCN(c2ccc([N+](=O)[O-])cc2)C1,137476,,
EN300-761163,NCC12CCC(C1)C(=O)N2,137561,,
EN300-249168,CN1C(=O)CC[C@H](C(=O)O)[C@H]1c1ccncc1.Cl,137462,,
EN300-332416,CN1C(=O)CC[C@H](C(=O)O)[C@H]1c1nccn1C,137456,,
EN300-269244,CN1C(=O)CC[C@H](C(=O)O)[C@H]1c1ccnn1C,137431,,
EN300-269650,CCN1C(=O)CC[C@H](C(=O)O)[C@H]1c1nccn1C,137426,,
EN300-1087187,O=C1CCC2CNCC2N1,137557,,
EN300-1697500,CC(C)N1CC(C(=O)O)CCC1=O,137541,,
EN300-231187,CC(C)C(CC(=O)O)c1c[nH]c2ccccc12,138020,,98125
EN300-14606,c1cc(CNC2CC2)ccn1,138037,,
EN300-332508,CN(Cc1ccncc1)CC(O)CN.Cl.Cl.Cl,138056,,
EN300-1725652,Cn1c2c(c3ccccc31)CC(C(=O)O)C2,138025,,98117
EN300-301991,CN1C(=O)C[C@H](CN)[C@H]1c1ccncc1,138070,,
EN300-43935,O=CC1CC1,129189,,
EN300-1613508,Cc1nc2c(N)ncnc2s1,138590,,
EN300-28309233,Nc1nc(Cl)nc2scnc12,138591,,
EN300-18029,CCCC=O,123365,,
EN300-103531,O=CC1CO1,138525,,
EN300-1716848,CCC(=O)S,138526,,
EN300-2995116,O=CCCO,138527,,
EN300-1725323,O=CCCF,138528,,
EN300-19563,CC(C)C=O,138529,,
EN300-19749,C=C(C)C=O,138530,,
EN300-90591,CC(Cl)C=O,138531,,
EN300-68177,O=C1CCO1,138532,,
EN300-1600489,CC(O)C=O,138533,,
EN300-60203,CC(Br)C=O,138534,,
EN300-7192580,O=CC1CC1F,138535,,
EN300-46441275,Cl.Nc1ncnc2sc(CCl)nc12.Nc1ncnc2sc(CCl)nc12.Nc1ncnc2sc(CCl)nc12,138592,,
EN300-7574084,C/C(C=O)=C\Br,138536,,
EN300-6940117,CC1CC(=O)O1,138537,,
EN300-33240752,CCCC(=O)F,138538,,
EN300-36267,CC(Br)C(=O)Br,138539,,
EN300-20490,O=C(O)CCBr,138540,,
EN300-133387,COCCC=O,138541,,
EN300-91905,C[C@H](O)C(=O)O,128890,,
EN300-105706,N#CCC(=O)Cl,138542,,
EN300-52134,O=C(O)CCO,138543,,
EN300-135453,CCC(Br)C=O,138544,,
EN300-132110,O=CCCCBr,138545,,
EN300-182105,CC1(C=O)CC1,138546,,
EN300-157825,O=CC1(F)CC1,138547,,
EN300-19926,N#CCC(=O)O,138548,,
EN300-174199,C[C@@H](O)C(=O)[O-].[Li+],138549,,
EN300-222318,CSC(C)C=O,138550,,
EN300-97486,C#CCC(=O)O,138551,,
EN300-19267,C=CCC(=O)O,138552,,
EN300-101526,O=C1CC=NO1,138553,,
EN300-180992,CC(C)(Br)C=O,138554,,
EN300-29630,O=C(Cl)C1CC1,138555,,
EN300-39852067,C[C@@H](F)C(=O)[O-].[Na+],138556,,
EN300-147204,O=C(O)CCI,130123,,
EN300-20147,C=C(C=O)CC,138557,,
EN300-310113,O=CC1CC1Cl,138558,,
EN300-1240585,N#CCCC=O,138559,,
EN300-41012,O=CCCCCl,130809,,
EN300-46819974,O=C[C@H]1C[C@H]1Br,138560,,
EN300-20448,CC(Cl)C(=O)Cl,138561,,
EN300-19158,CCCCC=O,138562,,
EN300-133813,O=CC1COC1,138563,,
EN300-20156,CC(S)C(=O)O,138564,,
EN300-19246,C=C(C)C(=O)Cl,138565,,
EN300-19270,CC(C)C(=O)Cl,138566,,
EN300-313356,O=C(Cl)CCF,138567,,
EN300-26307,CCC(C)C=O,138568,,
EN300-19579,O=C(O)CCS,138569,,
EN300-20450,O=C(Cl)CCCl,138570,,
EN300-2977620,O=CC1CSC1,138571,,
EN300-19257,CCCC(=O)Cl,138572,,
EN300-304066,C/C=C(\C)C=O,138573,,
EN300-53815,CC(C)(C)C=O,138574,,
EN300-134388,O=C([O-])C1CO1.[K+],138575,,
EN300-84961,O=CCC1CC1,138576,,
EN300-70278,CCC(=O)OC,138577,,
EN300-106327,CC1CC1C=O,138578,,
EN300-2007750,CC(C)C(=O)S,138579,,
EN300-1725354,CC(C)(F)C=O,138580,,
EN300-132996,O=C(Cl)CCBr,138581,,
EN300-86333,O=CCCCO,138582,,
EN300-378192,C[C@@H](Br)C(=O)O,138583,,
EN300-71825,O=CC1CCC1,138584,,
EN300-24953,O=C(O)CCCl,138585,,
EN300-22778,CC(Cl)C(=O)O,138586,,
EN300-223023,COC(C)C=O,138587,,
EN300-128781,C=CCCC=O,138588,,
EN300-20267,CSCCC=O,129296,,
EN300-21170,C=C1CC(=O)O1,138589,,
EN300-19272,CC(C)C(=O)O,122404,,
EN300-51875259,[N-]=[N+]=NCc1nc2c(N)ncnc2s1,138593,,
EN300-118139,O=C(O)CCc1cc2ccccc2[nH]c1=O,138862,,
EN300-1693229,OCc1cnc2n1CCC2,138865,,
EN300-95408,OCc1cncn1C1CC1,138866,,
EN300-1174403,CC(C)n1cncc1CO,138867,,
EN300-6501420,Cl.Cl.NC(Cc1cnc2ccccc2c1)C(=O)O,138863,,
EN300-295271,OCc1cnc2n1CCOC2,138868,,
EN300-6817804,OC1CCCn2c1cnc2Br,138869,,
EN300-1174416,OCc1cncn1CC(F)F,138870,,
EN300-1709929,O=C(O)CCc1cc2cc(F)ccc2nc1Cl,138864,,
EN300-192329,OCc1cncn1CC(F)(F)F,138871,,
EN300-337813,OCc1c(Br)nc2n1CCOC2,138872,,
EN300-157595,OCc1cncn1Cc1ccccc1,138873,,
EN300-157597,OCc1cnc(S)n1Cc1ccccc1,138874,,
EN300-250254,OCc1cnc(S)n1Cc1cccc(F)c1,138875,,
EN300-255829,CC(c1ccc(Cl)cc1)n1c(CO)cnc1S,138876,,
EN300-364737,CC1(CO)N=N1,138913,,
EN300-159993,CNc1nc(Cl)nc2ccccc12,138918,,
EN300-11477,CNc1nc(S)nc2ccccc12,138919,,
EN300-5104460,CNc1nc(Cl)nc2c(F)cccc12,138920,,
EN300-14921,CCNc1nc(S)nc2ccccc12,138921,,
EN300-10403,O=C(O)CNc1ncnc2ccccc12,138922,,
EN300-23476,S=c1nc2ccccc2c(NC2CC2)[nH]1,138923,,
EN300-133735,CCNc1ncnc2ccc(OC)cc12,138925,,
EN300-11739476,O=C(O)CNc1nc(Cl)nc2ccccc12,138928,,
EN300-64456,CCNC(=O)CNc1ncnc2ccccc12,138929,,
EN300-14092439,CNc1nc(Cl)nc2cc(OC)c(OC)cc12,138930,,
EN300-185895,c1coc(CNc2ncnc3ccccc23)c1,138931,,
EN300-100292,CN(C)C(C)(C)CO,138914,,
EN300-254605,CNc1ncnc2cc(C(=O)O)ccc12,138924,,
EN300-234130,CCNc1ncnc2cc(C(=O)O)ccc12,138927,,
EN300-813999,O=C1CC(CO)N1,138915,,
EN300-39860333,Brc1ccc2ncnc(N3CCNCC3)c2c1.Cl.Cl,138932,,
EN300-373660,CN1CCC1CO,138916,,
EN300-39923808,CNC1CCN(c2ncnc3ccccc23)CC1.Cl.Cl,129059,,
EN300-246946,Clc1nc(NCc2ccco2)c2ccccc2n1,129561,,
EN300-7539203,Clc1nc(NCC2CCCO2)c2ccccc2n1,138933,,
EN300-11251,S=c1nc(Nc2ccccc2)c2ccccc2[nH]1,138934,,
EN300-27221,O=C1CC[C@@H](CO)N1,138917,,
EN300-45216419,Brc1ccc2ncnc(N3CCCNCC3)c2c1.Cl.Cl,138935,,
EN300-21833,S=c1nc2ccccc2c(Nc2ccccc2Cl)[nH]1,138937,,
EN300-266800,Clc1nc(NCc2ccccc2)c2ccccc2n1,138938,,
EN300-111093,O=C(O)CNc1nc(C(F)(F)F)nc2ccccc12,138939,,
EN300-305059,Nc1ncnc2ccc(Cl)nc12,138982,,
EN300-1169979,Nc1ccn2ccnc2c1Br,139048,,
EN300-7547488,Cc1cnc2cc(N)ccn12.Cl.Cl,139049,,
EN300-39849336,Cl.Nc1ccn2cc(O)nc2c1,139050,,
EN300-307003,Cc1cn2ccc(N)cc2n1,139051,,
EN300-27755181,Cl.Cl.Nc1ccn2c(Br)cnc2c1,139052,,
EN300-186839,CC1(C)CCC(C(=O)O)O1,139058,,
EN300-52413092,Cl.Cl.Nc1cc(Br)n2ccnc2c1,139109,,
EN300-2961506,O=C(O)C1CCC2(CC2)O1,139059,,
EN300-2957137,O=C(O)C1CCC2(CCC2)O1,139060,,
EN300-177598,CC1(C)CCCC(C(=O)O)O1,139061,,
EN300-22850610,CC1(C)OC2(C(=O)O)CC1C2,139062,,
EN300-26860996,CC12CCC(C(=O)O)(CC1)O2,139063,,
EN300-2985478,CC1(C)CCC(C)(C(=O)O)O1,139064,,
EN300-2957111,O=C(O)C1CCCC2(CC2)O1,139065,,
EN300-761132,CC1(C)COCC(C(=O)O)O1,139066,,
EN300-2957128,CCC1(C)CCC(C(=O)O)O1,139067,,
EN300-27148488,CC1(C)OC2(C(=O)O)CCC1C2,139068,,
EN300-27722167,O=C(O)C1COCC2(CCC2)O1,139069,,
EN300-52481401,CC1(C)CC(C(=O)O)OC1(C)C,139070,,
EN300-3031934,O=C(O)C1CCCC2(CCC2)O1,139071,,
EN300-3031933,O=C(O)C1CCC2(CCOC2)O1,139072,,
EN300-3039063,CC1(C)CCCC(C)(C(=O)O)O1,139073,,
EN300-47327680,CC1(C)COCC(C)(C(=O)O)O1,139074,,
EN300-52317102,CC12CC(C(=O)O)(C1)OC2(C)C,139075,,
EN300-8133596,CC1(C)OC2(C(=O)O)CCC1CC2,139076,,
EN300-4593799,O=C(O)C1CCC2(CCOCC2)O1,139077,,
EN300-52419547,CC1(C)OCC(C(=O)O)OC1(C)C,139079,,
EN300-3064358,O=C(O)C1CCCC2(CCOC2)O1,139080,,
EN300-23620334,CCCCC(OC(C)(C)C)C(=O)O,139081,,
EN300-52138339,COC(=O)[C@]12C[C@H](C1)C(C(=O)O)O2,139078,,
EN300-45646672,O=C(O)C1COCC2(CCOCC2)O1,139082,,
EN300-7424948,COC(=O)C12CCC(C(=O)O)(CC1)O2,139083,,
EN300-3499796,O=C(O)C1CCCC2(CCCCC2)O1,139084,,
EN300-342221,CC(C)C1(C(=O)O)OC(=O)C(C)(C)O1,139085,,
EN300-3510000,O=C(O)C1CCCC2(CCOCC2)O1,139086,,
EN300-28256973,CCOC(=O)C12CC(C)(C1)OC2C(=O)O,139087,,
EN300-46600026,COC(=O)C12CC(C(=O)O)(C1)OC2(C)C,139088,,
EN300-117108,CC(C)(C)OC(C(=O)O)c1ccccc1,139090,,
EN300-39851164,CC(=O)OCC12CCC(C(=O)O)(CC1)O2,139091,,
EN300-27782175,CC(C)(C)O[C@H](Cc1ccccc1)C(=O)O,139092,,
EN300-37153619,O=C(O)C1CCCC2(CCC(F)(F)CC2)O1,139093,,
EN300-6474059,CCOC(=O)C12CC(C(=O)O)(C1)OC2(C)C,139094,,
EN300-52226385,CC(C)(C)OC(=O)NC[C@]12C[C@H](C1)C(C(=O)O)O2,139096,,
EN300-28256965,CC(C)(C)OC(=O)NC12CC(C)(C1)OC2C(=O)O,139097,,
EN300-47246448,CC(C)(C)OC(=O)N1CC(C(=O)O)OC2(COC2)C1,139099,,
EN300-7463577,CC(C)(C)OC(=O)N[C@@H]1C[C@@H](C(=O)O)OC(C)(C)C1,139103,,
EN300-26272970,CC(C)(C)OC(=O)NCC12CCC(C(=O)O)(CC1)O2,139104,,
EN300-27115592,CC(C)(C)OC(=O)NC12CC(C(=O)O)(C1)OC2(C)C,139107,,
EN300-27113744,CC(C)(C)OC(=O)N1CC2(COCC(C(=O)O)O2)C1,139108,,
EN300-872798,O=C(O)Cn1nnnc1C1CC1,139369,,
EN300-27148763,CCN1Cc2cc(CN)ccc2C1=O.Cl,139384,,
EN300-6495578,Cc1nnnn1C(C(=O)O)c1ccccc1,139370,,
EN300-7371590,Cl.NCc1ccc2c(c1)C(=O)NC2,139387,,
EN300-396018,NCc1ccc2c(c1)C(=O)NC2=O.O=C(O)C(F)(F)F,139389,,
EN300-7447617,CN1Cc2cc(CN)ccc2C1=O.Cl,139390,,
EN300-80396,Cc1nnnn1C(Cc1ccccc1)C(=O)O,139374,,
EN300-6494389,CN1Cc2ccc(CN)cc2C1.Cl.Cl,139386,,
EN300-06513,Cc1nnnn1C(=Cc1ccccc1)C(=O)O,139375,,
EN300-7444541,CN1Cc2ccc(CN)cc2C1=O.Cl,139391,,
EN300-370591,CN1C(=O)c2ccc(CN)cc2C1=O,139392,,
EN300-42578,Cc1nnnn1C(Cc1cccc(F)c1)C(=O)O,139380,,
EN300-27173,Cc1nnnn1C(=Cc1ccc(F)cc1)C(=O)O,139381,,
EN300-42512,Cc1nnnn1C(Cc1ccc(F)cc1)C(=O)O,139378,,
EN300-42511,COc1cccc(CC(C(=O)O)n2nnnc2C)c1,139383,,
EN300-7378927,Cl.NCc1ccc2c(c1)CNC2=O,139385,,
EN300-27202,Cc1nnnn1C(=Cc1cccc(F)c1)C(=O)O,139379,,
EN300-70071,O=C(O)c1sccc1I,139485,,
EN300-8134159,Cc1ccnc2c(Cl)ccc(N)c12,139750,,
EN300-98274,O=C(O)c1sccc1O,139486,,
EN300-42764,O=C(O)c1sccc1Br,139487,,
EN300-99855,O=C(O)c1sccc1F,139489,,
EN300-26625389,CNc1ccc(Cl)c2ncccc12.Cl,132380,,
EN300-150747,O=C(O)c1cc(F)cs1,139490,,
EN300-100229,O=C(O)c1sccc1Cl,139492,,
EN300-60920,N#Cc1ccsc1C(=O)O,139493,,
EN300-121120,O=Cc1ccsc1C(=O)O,139522,,
EN300-52125836,Nc1c(Br)cc(Cl)c2ncccc12,139749,,
EN300-1273289,O=C(O)c1sccc1CO,139543,,
EN300-4174051,O=C(O)c1sccc1CF,139546,,
EN300-2993983,O=C(O)c1sccc1CCl,139548,,
EN300-51047,CC(C)c1ccsc1C(=O)O,139553,,
EN300-335898,O=C(O)c1sccc1C(F)F,139557,,
EN300-343987,N#CCc1ccsc1C(=O)O,139558,,
EN300-40136,O=C(O)c1sccc1[N+](=O)[O-],139562,,
EN300-251693,CCOc1ccsc1C(=O)O,139564,,
EN300-128199,COCc1ccsc1C(=O)O,139591,,
EN300-36279332,Cc1cc(CO)c(C(=O)O)s1,139606,,
EN300-105330,CN(C)Cc1ccsc1C(=O)O.Cl,139611,,
EN300-70063,O=C(O)c1sccc1OC(F)F,139615,,
EN300-722371,COC(=O)c1sccc1C(=O)O,139618,,
EN300-181870,O=C(O)c1sc(Br)cc1[N+](=O)[O-],139627,,
EN300-216829,O=C(O)c1scc2c1CCCC2,139630,,
EN300-71847,O=C(O)c1sccc1SC(F)F,139647,,
EN300-24419,NS(=O)(=O)c1ccsc1C(=O)O,139649,,
EN300-51080,CC(C)(C)c1ccsc1C(=O)O,139650,,
EN300-71660,CS(=O)(=O)c1ccsc1C(=O)O,139667,,
EN300-43465,CS(=O)(=O)Nc1ccsc1C(=O)O,139672,,
EN300-36731,O=C(O)c1sccc1-n1cnnn1,139676,,
EN300-52402029,Cc1csc(C(=O)O)c1C(F)(F)F,139738,,
EN300-745537,O=C(O)c1sccc1-c1ccsc1,139743,,
EN300-138728,O=C(O)c1sccc1-n1ccnn1,139747,,
EN300-647961,CCCOc1nc2ccccc2cc1C(=O)O,140427,,
EN300-7563740,CN1C2CNCC1C2.Cl.Cl,140432,,
EN300-703747,CCCOc1nc2ccc(F)cc2cc1C(=O)O,140428,,
EN300-6766360,Cl.Cl.N[C@H]1CN2CCC1CC2,140434,,
EN300-7424123,CN1CC2CCC1CN2.Cl.Cl,140435,,
EN300-260827,CN1CC2CCC1C(N)C2.Cl.Cl,140433,,
EN300-74794,CNC1CN2CCC1CC2,140437,,
EN300-45168615,Cl.Cl.NC1CN2CCC1(F)CC2,136139,,
EN300-3127108,OCCN1CC2CCC1CN2,140450,,
EN300-54434,O=C(O)c1ccc(-c2ccccn2)[nH]c1=O,140547,,
EN300-45643384,Cl.FC(F)C1CCC12CNC2,140579,,
EN300-47297027,Cl.Cl.NCCN1CC2(CCC2)C1,135522,,
EN300-46736119,CN(C)CC1CC2(CNC2)C1.O=C(O)C(F)(F)F.O=C(O)C(F)(F)F,140596,,
EN300-2988108,C1CC(C2NCC23CCC3)C1,140597,,
EN300-51682223,Cl.[N-]=[N+]=NCC1CC2(CNC2)C1,140598,,
EN300-39913999,COC(=O)C1NCC12CCC2.O=C(O)C(F)(F)F,140601,,
EN300-262234,Cl.c1cc(C2NCC23CCC3)cs1,140606,,
EN300-216770,C1COC(C2NCC23CCC3)C1,140608,,
EN300-244752,c1coc(C2NCC23CCC3)c1,140609,,
EN300-269281,Cl.Cl.c1cncc(C2NCC23CCC3)c1,140621,,
EN300-310304,c1cc(C2NCC23CCC3)ccn1,129023,,
EN300-52057577,CN1CCC(C2NCC23CCC3)CC1,140631,,
EN300-321123,Cl.Fc1ccc(C2NCC23CCC3)cc1,140635,,
EN300-6762568,Cl.c1ccc(COC2CC3(CNC3)C2)cc1,140639,,
EN300-264546,CC(C)(C)OC(=O)N1CC2(CCC2CN)C1,140643,,
EN300-27689171,FC(F)(F)c1ccc(C2NCC23CCC3)cc1,140644,,
EN300-45954058,CC1(CN)CC2(CN(C(=O)OC(C)(C)C)C2)C1,140645,,
EN300-1705753,Cn1ccnc1C(N)C(=O)[O-].[Na+],140757,,
EN300-1851983,COC(=O)C(N)c1ncc[nH]1,140760,,
EN300-622277,Cc1c[nH]c(C2(N)CCOC2)n1.Cl.Cl,140762,,
EN300-1091501,CC(C)(C)OC(=O)C1CCCN(c2ccc(C=O)o2)C1,140806,,
EN300-1294600,Nc1cc2c(cc1F)CNC2=O,140986,,
EN300-63988,COCCCN1Cc2ccc(N)cc2C1,140991,,
EN300-67125,CC(C)CCN1Cc2ccc(N)cc2C1,140993,,
EN300-68261,CCOCCCN1Cc2ccc(N)cc2C1,140994,,
EN300-6735902,O=C(O)[C@H]1NC(=O)[C@@H]2CC[C@H]12,141019,,
EN300-52826395,CS(=O)(=O)Nc1ccnn1C1CCCNC1.Cl.Cl,141105,,
EN300-34070,O=C(O)CN1C(=O)C2CC=CCC2C1=O,141035,,
EN300-6487461,Nc1cnn(C2CCC(=O)NC2)c1,141097,,
EN300-00188,O=C(O)CN1C(=O)C2CCCCC2C1=O,141048,,
EN300-12157,CCCCC1(C)NC(=O)N(CC(=O)O)C1=O,141043,,
EN300-46429246,Cl.Nc1cnn(C2CCC(=O)NC2=O)c1,141100,,
EN300-53360,CCCCC1(C)NC(=O)N(C(C)C(=O)O)C1=O,141053,,
EN300-10959,O=C(O)CN1C(=O)NC2(CCCCC2)C1=O,141059,,
EN300-12585,CN1C(=O)N(CC(=O)O)C(=O)C12CCCCC2,141065,,
EN300-1168895,O=C(O)CN1C(=O)NC2(CCOCC2)C1=O,141052,,
EN300-05770,CC(C(=O)O)N1C(=O)C2CC=CCC2C1=O,141050,,
EN300-10960,CC1CCC2(CC1)NC(=O)N(CC(=O)O)C2=O,141068,,
EN300-113548,CC1CC(C)CC2(C1)NC(=O)N(CC(=O)O)C2=O,141072,,
EN300-112212,CC1(C)CCCC2(C1)NC(=O)N(CC(=O)O)C2=O,141076,,
EN300-113629,O=C(O)CN1C(=O)NC(c2cccs2)(C2CC2)C1=O,141074,,
EN300-28247768,O=C(O)CNC(=O)[C@@H]1C[C@H]1c1ccc(Cl)c(Cl)c1,141064,,
EN300-07623,CC1CC(C)(C)CC2(C1)NC(=O)N(CC(=O)O)C2=O,141091,,
EN300-45186396,C#CCCSC1=C(C(=O)O)N2C(=O)[C@H]([C@@H](C)O)[C@H]2[C@H]1C,141089,,
EN300-179880,CNC(=O)c1ccn(C2CCCNC2)n1.Cl.Cl,134365,,
EN300-00200,CSCC(C(=O)O)N1C(=O)C2CCCCC2C1=O,141094,,
EN300-364824,Nc1ccc2c(c1)CN(c1ccccc1)C2,139363,,
EN300-22854255,O=C(O)c1ccc2c(c1)C1(CC1)C(=O)N2,141603,,
EN300-127114,NCc1ccnc2ccnn12,141620,,
EN300-345671,NCc1ccnc(-c2ccccn2)n1,141656,,
EN300-26690326,Cl.Cl.NCc1cc(=O)n2ccc(Br)cc2n1,141658,,
EN300-175414,CN1CCN(c2nccc(CN)n2)CC1,141663,,
EN300-28253659,Cl.Cl.NCc1cc(=O)[nH]c(-c2ccccn2)n1,141666,,
EN300-218026,CN1Cc2cc(N)ccc2C1=O,141753,,
EN300-790949,CCN1Cc2cc(N)ccc2C1=O,141755,,
EN300-790947,CCCCN1Cc2cc(N)ccc2C1=O,141756,,
EN300-215349,Cc1cn2ccc(C(=O)O)cc2n1.Cl,122035,,
EN300-156785,CCOC(=O)c1nc(N)sc1I,141802,,
EN300-108888,CCOC(=O)c1nc(N)sc1Cl,141803,,
EN300-109085,CCOC(=O)c1nc(N)sc1C,141804,,
EN300-243320,Cc1cnc2cc(C(=O)O)ccn12,141789,,
EN300-171078,CCOC(=O)c1nc(N)sc1Br,141805,,
EN300-7539252,O=C(O)c1ccn2c(Br)cnc2c1,141790,,
EN300-46618381,Cl.O=C(O)c1cc2nccn2cc1F,141791,,
EN300-52563803,Cl.Cl.O=C(O)c1cc(Br)n2ccnc2c1,141792,,
EN300-8185607,O=C(O)c1cc2nccn2cc1Br,141793,,
EN300-1458390,CCOC(=O)c1nc(N)sc1CC,141807,,
EN300-886814,CC(C)(C)OC(=O)c1csc(N)n1,141808,,
EN300-92198,CCNc1nc(C(=O)OCC)cs1,141806,,
EN300-46817296,Cl.O=C(O)c1cc2ncc(Cl)n2cc1F,141794,,
EN300-46792427,Cl.O=C(O)c1cc2ncc(Br)n2cc1F,141795,,
EN300-321965,O=Cc1cnc2cc(C(=O)O)c(Br)cn12,141797,,
EN300-191499,CCOC(=O)c1nc(N)sc1C(C)=O.Cl,141810,,
EN300-6739281,O=Cc1cn2cc(Br)c(C(=O)O)cc2n1,141796,,
EN300-1197847,O=C(O)c1ccn2cc(C3CC3)nc2c1,141798,,
EN300-54734,C=CCNc1nc(C(=O)OCC)cs1,141809,,
EN300-172801,O=C(O)c1ccn2cc(C(F)(F)F)nc2c1,141799,,
EN300-217306,CCOC(=O)c1nc(N)sc1C(F)(F)F,141811,,
EN300-97665,Cn1cc(-c2cn3ccc(C(=O)O)cc3n2)cn1,141800,,
EN300-814042,CCOC(=O)c1nc(N)sc1Cc1ccccc1,141812,,
EN300-07273,CCOC(=O)c1nc(NCc2ccccc2)sc1C,141813,,
EN300-267695,O=C(O)c1ccnc2cc(F)ccc12,141969,,
EN300-313463,Nc1cc(C(F)(F)F)cc2cccnc12,142092,,
EN300-317542,CC(C)(C)c1cc(N)c2ncccc2c1,142093,,
EN300-2394676,O=C(O)c1c(Br)cnc2ccccc12,141962,,
EN300-90077,COC(=O)c1cc(N)c2ncccc2c1,142094,,
EN300-7541596,Cc1ccc2c(C(=O)O)ccnc2c1,141980,,
EN300-17872,O=C(O)c1cc(Cl)nc2ccccc12,141961,,
EN300-27779498,Cl.O=C(O)c1ccnc2ccc(F)cc12,141983,,
EN300-629980,Cc1cccc2c(C(=O)O)ccnc12,141985,,
EN300-704006,O=C(O)c1ccnc2cc(Cl)ccc12,141986,,
EN300-52402296,Br.O=C(O)c1ccnc2c(O)cccc12,141966,,
EN300-00923,Cc1cc(C(=O)O)c2ccccc2n1,141965,,
EN300-731952,O=C(O)c1ccnc2cccc(Cl)c12,141964,,
EN300-119039,O=C(O)c1ccnc2ccc(Cl)cc12,141987,,
EN300-731942,O=C(O)c1ccnc2cccc(Br)c12,141963,,
EN300-257141,O=C(O)c1ccnc2ccc(Br)cc12,141991,,
EN300-731943,O=C(O)c1ccnc2cc(Br)ccc12,141993,,
EN300-93470,O=C(O)c1c(O)cnc2ccccc12,141968,,
EN300-197195,O=C(O)c1ccnc2c(Br)cccc12,141967,,
EN300-731960,O=C(O)c1ccnc2cc(I)ccc12,141971,,
EN300-1212503,Cc1cnc2ccccc2c1C(=O)O,141994,,
EN300-3480934,O=C(O)c1ccnc2ccc(O)cc12,141995,,
EN300-00825,O=C(O)c1cc(O)nc2ccccc12,141960,,
EN300-396409,O=C(O)c1ccnc2c(F)cccc12,141959,,
EN300-201291,O=C(O)c1c(O)cnc2ccc(Cl)cc12,141996,,
EN300-630022,O=C(O)c1ccnc2c(F)c(F)ccc12,141992,,
EN300-1581858,CCc1cnc2ccccc2c1C(=O)O,141997,,
EN300-82028,O=C(O)c1cc(O)nc2ccc(Br)cc12,141998,,
EN300-629989,COc1ccc2nccc(C(=O)O)c2c1,141999,,
EN300-625764,O=C(O)c1cc(Cl)nc2c(F)cccc12,141990,,
EN300-101222,O=C(O)c1cc(=O)[nH]c2c(Br)cccc12,141989,,
EN300-50068,Cc1cc(C(=O)O)c2ccc(Br)cc2n1,142000,,
EN300-366431,Cc1nc2ccccc2c(C(=O)O)c1O,142001,,
EN300-625418,O=C(O)c1c(O)cnc2cc(F)ccc12,142002,,
EN300-731950,COc1ccc2c(C(=O)O)ccnc2c1,129693,,
EN300-86946,Cc1cc(C(=O)O)c2cccc(Br)c2n1,141988,,
EN300-72404,O=C(O)c1cc(=O)[nH]c2ccc(Cl)cc12,142003,,
EN300-39524,Cn1c(=O)cc(C(=O)O)c2ccccc21,141982,,
EN300-49563,Cc1cc(C(=O)O)c2cc(Br)ccc2n1,142004,,
EN300-625390,Cc1cc(C(=O)O)c2cccc(Cl)c2n1,141984,,
EN300-49454,O=C(O)c1cc(=O)[nH]c2cc(F)ccc12,142005,,
EN300-1670550,Cc1ccc2c(C(=O)O)cc(Br)nc2c1,142006,,
EN300-239807,COc1cc(C(=O)O)c2ccccc2n1,141978,,
EN300-82027,O=C(O)c1cc(O)nc2ccc(F)cc12,142007,,
EN300-191667,Cc1cc(C(=O)O)c2cc(Cl)ccc2n1,142008,,
EN300-748984,O=C(O)c1cc(O)nc2c(O)cccc12,141979,,
EN300-05732,Cc1ccc2nc(C)cc(C(=O)O)c2c1,142009,,
EN300-629982,Cc1ccc2c(C(=O)O)ccnc2c1C,142010,,
EN300-302522,Cc1c(C(=O)O)c2ccccc2[nH]c1=O,141972,,
EN300-303511,O=C(O)c1c(O)cnc2c(F)cccc12,141975,,
EN300-7494438,Br.Cc1cc(C(=O)O)c2cccc(O)c2n1,141976,,
EN300-366390,O=C(O)c1cc(=O)[nH]c2c(F)cccc12,141977,,
EN300-1697552,Cc1ccc2c(C(=O)O)ccnc2c1Cl,142011,,
EN300-630019,Cc1cc(Br)cc2c(C(=O)O)ccnc12,142012,,
EN300-629983,Cc1cc(C)c2nccc(C(=O)O)c2c1,142013,,
EN300-136675,O=C(O)c1c(O)cnc2c(Br)cccc12,141970,,
EN300-140740,O=C(O)c1c(O)cnc2ccc(Br)cc12,142014,,
EN300-51304,Cc1cc(C(=O)O)c2c(Br)cccc2n1,141974,,
EN300-35621,Cc1cc(C(=O)O)c2ccc(F)cc2n1,142016,,
EN300-235887,Cc1cc(C(=O)O)c2cccc(C)c2n1,141973,,
EN300-314567,Cc1c(Cl)nc2ccccc2c1C(=O)O,142023,,
EN300-93473,COc1cnc2ccccc2c1C(=O)O,128930,,
EN300-200990,O=C(O)c1c(O)cnc2ccc(F)cc12,142025,,
EN300-625451,O=C(O)c1cc(O)nc2cc(Br)ccc12,142026,,
EN300-629981,COc1cccc2c(C(=O)O)ccnc12,142027,,
EN300-1581864,Cc1cnc2ccc(Br)cc2c1C(=O)O,142028,,
EN300-01328,CCc1nc2ccccc2c(C(=O)O)c1C,142031,,
EN300-1695739,CC(=O)c1cnc2ccccc2c1C(=O)O,142032,,
EN300-10841664,Cc1ccc2nc(C)c(O)c(C(=O)O)c2c1,142033,,
EN300-12106,O=C(O)c1cc(C2CC2)nc2ccccc12,142022,,
EN300-331956,Cc1c(C=O)nc2ccccc2c1C(=O)O,142035,,
EN300-625400,Cc1cc(C(=O)O)c2c(F)ccc(F)c2n1,142021,,
EN300-749545,Cc1c(C(=O)O)c2ccccc2n(C)c1=O,142024,,
EN300-01305,O=C(O)c1c2c(nc3ccccc13)CCC2,142020,,
EN300-154590,COc1ccc2c(C(=O)O)cc(=O)[nH]c2c1,142036,,
EN300-19356786,Cc1cc(C(=O)O)c2ccc(C)c(C)c2n1.O.O,142037,,
EN300-7539764,Cc1nc2c(F)cccc2c(C(=O)O)c1O,142019,,
EN300-1702810,Cn1c(=O)cc(C(=O)O)c2cc(Br)ccc21,142038,,
EN300-126681,CN(C)c1cc(C(=O)O)c2ccccc2n1,142040,,
EN300-252972,COc1ccc2c(C(=O)O)c(O)cnc2c1,142041,,
EN300-188236,CCCc1cc(C(=O)O)c2ccccc2n1,142042,,
EN300-127954,Cc1cc(F)c2nc(O)cc(C(=O)O)c2c1,142043,,
EN300-13661,CC(C)c1cc(C(=O)O)c2ccccc2n1,142044,,
EN300-40293,Cc1cccc2c(C(=O)O)cc(C3CC3)nc12,142046,,
EN300-74869,O=C(O)c1cc(=O)[nH]c2ccc([N+](=O)[O-])cc12,142047,,
EN300-86899,O=C(O)c1cc(C2CC2)nc2cc(F)ccc12,142048,,
EN300-7393002,O=C(O)c1cc(C(F)(F)F)nc2ccccc12,142053,,
EN300-625513,O=C(O)c1c2c(nc3ccc(Br)cc13)CCC2,142052,,
EN300-22302402,Cc1nc2c(F)c(F)ccc2c(C(=O)O)c1O,142057,,
EN300-625512,O=C(O)c1c2c(nc3ccc(Cl)cc13)CCC2,142058,,
EN300-102073,O=C(O)c1cc(C2CC2)nc2ccc(Cl)cc12,142059,,
EN300-86950,Cc1ccc2nc(C3CC3)cc(C(=O)O)c2c1,142060,,
EN300-93683,O=C(O)c1cc(C2CC2)nc2ccc(F)cc12,142062,,
EN300-186674,CC(C)c1cc(C(=O)O)c2cc(F)ccc2n1,142063,,
EN300-126687,Cc1c(C2CC2)nc2ccccc2c1C(=O)O,142064,,
EN300-01335,CCCc1nc2ccccc2c(C(=O)O)c1CC,142065,,
EN300-00804,O=C(O)c1cc(-c2ccco2)nc2ccccc12,142029,,
EN300-101470,Cc1c(C2CC2)nc2ccc(Br)cc2c1C(=O)O,142071,,
EN300-86931,Cc1cc(C)c2c(C(=O)O)cc(C3CC3)nc2c1,142072,,
EN300-07634,O=C(O)c1c2c(nc3ccc(Br)cc13)CCCC2,142073,,
EN300-06036,Cc1ccc2nc3c(c(C(=O)O)c2c1)CCCC3,142074,,
EN300-46583579,O=C(O)c1cc(Cl)nc2c(S(=O)(=O)F)cccc12,142076,,
EN300-00839,CN1CCc2nc3ccccc3c(C(=O)O)c2C1,142077,,
EN300-00918,O=C(O)c1c2c(nc3ccccc13)CCCCC2,142045,,
EN300-257975,COc1ccc2nc3c(c(C(=O)O)c2c1)CCC3,142078,,
EN300-00694,O=C(O)c1cc(-c2cccs2)nc2ccccc12,142030,,
EN300-102776,Cc1cc(C)c2nc(C3CC3)cc(C(=O)O)c2c1,142080,,
EN300-01304,CC1CCc2nc3ccccc3c(C(=O)O)c2C1,142081,,
EN300-383881,Cl.Cl.N[C@@H]1C[C@H]1c1c[nH]cn1,142462,,
EN300-149131,NC1CCc2[nH]cnc2C1,142464,,
EN300-333078,Cl.Cl.N[C@H](CO)Cc1c[nH]cn1,129945,,
EN300-57334,N[C@@H](Cc1c[nH]cn1)C(=O)O,129553,,
EN300-37443612,Cc1ncc2n1CCC(N)C2.Cl.Cl,142467,,
EN300-181428,Cc1nc2c([nH]1)CCC(N)C2.Cl.Cl,142469,,
EN300-45407070,Cl.Cl.Cn1cnc2c1CCC(N)C2,142470,,
EN300-716368,COC(=O)[C@H](N)Cc1c[nH]cn1.Cl.Cl,142471,,
EN300-7352047,N[C@@H](Cc1c[nH]c(O)n1)C(=O)O,142472,,
EN300-46968980,Cc1nc(C[C@H](N)C(=O)O)c[nH]1.Cl.Cl,142473,,
EN300-7375424,N[C@@H](Cc1c[nH]c(S)n1)C(=O)O,142474,,
EN300-1588807,COC(=O)[C@@H](N)Cc1cn(C)cn1.Cl.Cl,142475,,
EN300-75059,CCOC(=O)[C@@H](N)Cc1c[nH]cn1.Cl.Cl,142476,,
EN300-28316220,COC(=O)[C@@H](N)Cc1c[nH]c(O)n1.Cl.Cl,142477,,
EN300-200195,Cc1nc2c(n1CCO)CCC(N)C2.Cl.Cl,142479,,
EN300-118284,Cl.Cl.NC(Cc1ccccc1)Cc1c[nH]cn1,142480,,
EN300-1692657,Cn1cncc1[C@@H]1CN(Cc2ccccc2)C[C@H]1N,142481,,
EN300-52983,CN1CC(C(=O)O)CCC1=O,142516,,
EN300-3023801,Cc1cc(-n2ccc(N)n2)ccn1,142534,,
EN300-95698,CC1CC(=O)NCC1C(=O)O,142517,,
EN300-5370140,Cc1nccc(-n2ccc(N)n2)c1Cl,142535,,
EN300-259187,CCN1CC(C(=O)O)CCC1=O,137410,,
EN300-6734171,CN1CC(C)(C(=O)O)CCC1=O,137419,,
EN300-26619659,Nc1ccn(-c2ccnc(C(F)F)c2)n1,142536,,
EN300-46882765,C[C@H]1NC(=O)CC[C@H]1C(=O)O,142518,,
EN300-1212475,CC1(C)CC(=O)NCC1C(=O)O,137412,,
EN300-391961,O=C1CCC(C(=O)O)C(C(F)(F)F)N1,142524,,
EN300-7351945,CC1(C)CC(C(=O)O)CNC1=O,137411,,
EN300-395691,COCCN1CC(C(=O)O)CCC1=O,142526,,
EN300-47336155,O=C(O)C1CCC(=O)N(C(F)(F)F)C1,142527,,
EN300-46900618,O=C(O)C1CNC(=O)C(C(F)(F)F)C1,142528,,
EN300-208959,O=C1CC(C(F)(F)F)C(C(=O)O)CN1,142529,,
EN300-1704404,O=C1CC2(CCC2)C(C(=O)O)CN1,142522,,
EN300-6489149,Cl.O=C(O)C1CCC(=O)N(C2CC2)C1,142523,,
EN300-1707879,O=C1CC2(CCOC2)C(C(=O)O)CN1,142525,,
EN300-702642,Cn1cc(N2CC(C(=O)O)CCC2=O)cn1,137484,,
EN300-101845,O=C(O)C1CCC(=O)N(Cc2ccccc2)C1,137459,,
EN300-213182,CC(Cc1cncc2ccccc12)C(=O)O.Cl,142635,,
EN300-20882205,COC(=O)c1csc(CN)n1.Cl,142636,,
EN300-6496193,CCOC(=O)c1nc(CN)sc1Br.Cl,142641,,
EN300-884825,CCOC(=O)c1csc(C(C)N)n1,142642,,
EN300-37355872,CN1CCn2ncc(CO)c2C1,142650,,
EN300-118496,NC1CCCN2CCCCC12,142652,,
EN300-27719395,Cl.Cl.NCC12CCCCN1CCC2,142653,,
EN300-80135,CC1CN2CCCCC2CN1,142654,,
EN300-214889,Cl.Cl.N#CC1CN2CCCCC2CN1,142655,,
EN300-94150,CCC1CN2CCCCC2CN1,142656,,
EN300-94216,O=Cc1cc(F)ccn1,142680,,
EN300-27685778,CN(C)c1ccc2c(c1)CNC2.Cl.Cl,142720,,
EN300-112748,Cc1cccc(C=O)n1,142683,,
EN300-37104410,CNc1ccc2c(c1)CN(C)C2.Cl.Cl,142721,,
EN300-113572,O=Cc1cccc(Cl)n1,142684,,
EN300-130330,O=Cc1cccc(F)n1,142686,,
EN300-107792,O=Cc1cccc(Br)n1,142687,,
EN300-128733,O=C(Cl)c1cc(Cl)ccn1,142689,,
EN300-6507857,Cc1ccc(Br)c(C=O)n1,142691,,
EN300-40905,O=C(O)c1cccc(Br)n1,142693,,
EN300-1725450,O=Cc1cc(Cl)cc(Cl)n1,142696,,
EN300-61563,O=C(O)c1cccc(Cl)n1,142698,,
EN300-69366,Cc1ccc(O)c(C=O)n1,142703,,
EN300-103100,O=C(O)c1cc(F)ccn1,142709,,
EN300-05538,O=C(O)c1cccc(S)n1,142711,,
EN300-69574,O=C(O)c1cc(O)ccn1,142715,,
EN300-96893,O=C(O)c1cccc(F)n1,142716,,
EN300-192913,N#Cc1cccc(C=O)n1,142718,,
EN300-39860506,Cc1ccc(C(=O)O)c2[nH]cc(C#N)c12,142766,,
EN300-59911,Nc1ccc2c(c1)C(=O)NC2,142767,,
EN300-182904,CCN1Cc2ccc(N)cc2C1,142768,,
EN300-316563,CN1Cc2ccc(N)cc2C1=O,142769,,
EN300-02536,Nc1ccc2c(c1)C(=O)NC2=O,142770,,
EN300-02523,CN1C(=O)c2ccc(N)cc2C1=O,141754,,
EN300-62009,CCCN1Cc2ccc(N)cc2C1,140987,,
EN300-790928,CCN1Cc2ccc(N)cc2C1=O,142772,,
EN300-39667569,CN1Cc2cc(N)ccc2C1(C)C.Cl.Cl,142773,,
EN300-190063,Nc1ccc2c(c1)CN(CC(F)F)C2,123891,,
EN300-249079,Nc1ccc2c(c1)CN(CC(F)(F)F)C2,129339,,
EN300-804126,COCN1C(=O)c2ccc(N)cc2C1=O,142774,,
EN300-64753,CCCC(C)N1Cc2ccc(N)cc2C1,140992,,
EN300-64657,CC(C)C(C)N1Cc2ccc(N)cc2C1,142803,,
EN300-1229319,CC(C)(O)CCN1Cc2ccc(N)cc2C1=O,135358,,
EN300-124792,CC(C)c1ccc(N2Cc3ccc(N)cc3C2)cc1,140995,,
EN300-37380617,CN1C(=O)CCC(N2Cc3cc(N)ccc3C2=O)C1=O,140996,,
EN300-37370664,CN1C(=O)CCC(N2Cc3ccc(N)cc3C2=O)C1=O,140998,,
EN300-45384,CC(C(=O)O)N1CCN(C)CC1.Cl.Cl,142834,,
EN300-7441082,CC1(C)CC(CN)CNC1=O,142875,,
EN300-94643,Br.Br.CN1CCN(C(C)(C)C(=O)O)CC1,142830,,
EN300-52961,CC(C)C(C(=O)O)N1CCN(C)CC1,142836,,
EN300-45376890,COC(=O)CN1CCN(CC(=O)O)CC1,142840,,
EN300-27148662,O=C(O)C(F)(F)F.O=C1CCC2(CNC2)CN1,142881,,
EN300-27702142,CC1NC(=O)CCC1CN.Cl.Cl,129657,,
EN300-335935,CN1CCN(C2(C(=O)O)CCOC2)CC1.Cl.Cl,142843,,
EN300-1264327,CN1CC(CN)CCC1=O,142883,,
EN300-45748662,Cl.NCC1CCC(=O)NC1=O,142885,,
EN300-28263171,CCC(C(=O)O)N1CCN(CCO)CC1.Cl,142842,,
EN300-6779420,NC(CO)C1CCC(=O)NC1,142880,,
EN300-6825494,CN1CC(C)(CN)CCC1=O,142878,,
EN300-1605566,Cl.Cl.O=C(O)C1CN2CCN1CC2,142847,,
EN300-333782,CN1C(=O)CC[C@@H](CN)[C@@H]1c1nccn1C.Cl.Cl,142887,,
EN300-72135,CN1CCN(CC(=O)O)CC1.Cl.Cl,142833,,
EN300-365180,CN1C(=O)CC[C@@H](CN)[C@@H]1c1cnn(C)c1.O=C(O)C(F)(F)F,142888,,
EN300-31958,Cl.Cl.O=C(O)CN1CCN(Cc2ccccc2)CC1,142851,,
EN300-318157,CCN1C(=O)CC[C@H](CN)[C@H]1c1nccn1C,142890,,
EN300-14509999,CCC(C(=O)O)N1CCN(c2ccccc2)CC1,142854,,
EN300-120562,CC1CN2CCN1C(C(=O)O)C2.Cl.Cl,142828,,
EN300-120414,CC1CN2CCN1CC2C(=O)O.Cl.Cl,142827,,
EN300-52528,Br.Br.CCN1CCN(CC(=O)O)CC1,142826,,
EN300-28267843,CC(C(=O)O)N1CCN(c2ccccc2F)CC1.Cl,142858,,
EN300-46388320,CC(C)(C)OC(=O)CN1CCN(CC(=O)O)CC1,142856,,
EN300-37433271,O=C(O)CN1CCN(CCN2CCNC(=O)C2)CC1=O,142872,,
EN300-258436,CC1(CN)CCC(=O)NC1,142882,,
EN300-311607,Cn1ccnc1[C@H]1[C@H](CN)CCC(=O)N1C1CC1,142892,,
EN300-46744668,CC(C)(C)OC(=O)NCCN1CCN(CC(=O)O)CC1,142868,,
EN300-12787075,CC(C(=O)O)N1CCN(c2ccccc2)CC1,142852,,
EN300-6760176,Cl.O=C1CCC(C2CCCCN2)C(=O)N1,142886,,
EN300-107056,CS(=O)(=O)N1CCN(CC(=O)O)CC1,142837,,
EN300-398695,CCN1C(=O)CC[C@H](CN)[C@H]1c1cnn(C)c1,142889,,
EN300-72525,CC(C(=O)O)N1CCN(c2ccc(F)cc2)CC1.Cl.Cl,142853,,
EN300-81561,Cl.Cl.O=C(O)CN1CCN(c2ccccn2)CC1,142845,,
EN300-94411,Br.Br.CN1CCN(C2(C(=O)O)CCCC2)CC1,142844,,
EN300-716236,Cn1cc([C@H]2[C@H](CN)CCC(=O)N2C2CC2)cn1,142891,,
EN300-716184,CCS(=O)(=O)c1cccnc1C(=O)O,143562,,
EN300-208774,Cc1ccc2c(N)cccc2n1,143563,,
EN300-749617,Nc1cccc2[nH]c(=O)ccc12,143564,,
EN300-26979915,Cl.Cl.Nc1ccc(F)c2ncccc12,143565,,
EN300-6474368,Nc1c(Cl)ccc2ncccc12,143568,,
EN300-28970,Cc1ccc(N)c2cccnc12,79028,,
EN300-159771,Nc1ccc(Br)c2ncccc12,133344,,
EN300-1295355,Nc1c(F)ccc2ncccc12,143572,,
EN300-2971155,Nc1ccc(S)c2ncccc12,143574,,
EN300-126674,Nc1c(Br)ccc2ncccc12,143575,,
EN300-5269096,Cc1ccnc2cccc(N)c12,143576,,
EN300-39310,Cc1cc(Cl)c(N)c2cccnc12,143578,,
EN300-1616759,CCc1ccc(N)c2cccnc12,143581,,
EN300-1616763,CCc1ccc2ncccc2c1N,143582,,
EN300-52401,COc1ccc(N)c2cccnc12,143584,,
EN300-137203,Nc1ccc([N+](=O)[O-])c2ncccc12,143587,,
EN300-1707452,Nc1c([N+](=O)[O-])ccc2ncccc12,143588,,
EN300-1616760,CCCc1ccc(N)c2cccnc12,143589,,
EN300-1587340,Nc1ccc(S(=O)(=O)F)c2ncccc12,143590,,
EN300-45611501,Cl.NCC(=O)Nc1cccc2ncccc12,143591,,
EN300-28338285,Cl.NCCC(=O)Nc1cccc2ncccc12,143595,,
EN300-43052,c1cc(NC2CCCCCC2)c2cccnc2c1,143601,,
EN300-91186,Cc1c(C#N)c(N)n(-c2cccc3ncccc23)c1C,143603,,
EN300-1708489,C/C=C/C(C)N.Cl,143669,,
EN300-3566148,OC1CN(c2ncc(Br)cc2F)C1,143728,,
EN300-127790,Nc1ccc2cc(Br)cc(Cl)c2n1,143734,,
EN300-126636,Nc1ccc2ccc(Cl)c(Cl)c2n1,143735,,
EN300-6273545,Nc1ccc2c(F)ccc(Cl)c2n1,143736,,
EN300-28691673,O=C(O)C1CCc2ncsc2C1,143792,,
EN300-27150170,Cl.Cl.c1cc(C2CNCC23CCC3)n[nH]1,143804,,
EN300-8189265,Cc1nc2c(s1)CC(C(=O)O)CC2,143793,,
EN300-52948076,O=C(O)[C@@H]1CCO[C@H]1c1cncs1,143800,,
EN300-304356,CCOC(=O)c1cn[nH]c1C1CCNC1.Cl.Cl,143814,,
EN300-1725852,Cn1nccc1[C@@H]1CN(Cc2ccccc2)C[C@H]1N,143816,,
EN300-1708861,O=C(O)C1C2CCC1(c1cncs1)C2,143797,,
EN300-371037,CC(C)(C)OC(=O)N1CCC(c2[nH]ncc2CN)C1,143819,,
EN300-74220,O=C(CO)NC1CCCCC1,143887,,
EN300-52749048,CN1CCNCCC12CC2.Cl.Cl,143902,,
EN300-116274,O=C(CO)Nc1ccc(F)cc1F,143891,,
EN300-55159,Cc1ccc(NC(=O)CO)c(Cl)c1,143893,,
EN300-4998727,Cc1cc(C)c(NC(=O)CO)c(C)c1,143894,,
EN300-198668,CC(O)C(=O)Nc1ccc(Cl)cc1Cl,143895,,
EN300-54629,CCOc1ccc(NC(=O)CO)cc1,143896,,
EN300-195434,CC(O)C(=O)Nc1ccc2c(c1)OCO2,143898,,
EN300-201345,O=C(CO)Nc1ccc2c(c1)OC(F)(F)O2,143900,,
EN300-21353,NC1CC1,143653,,
EN300-160276,Oc1cncc(Br)n1,143955,,
EN300-104725,Cc1cncc(Br)n1,143956,,
EN300-219398,OCc1cnc(Br)cn1,143957,,
EN300-33248799,C#Cc1cncc(Br)n1,143958,,
EN300-4296286,C#Cc1cnc(Br)cn1,143959,,
EN300-698795,CCc1cnc(Br)cn1,143960,,
EN300-262011,N#Cc1cncc(Br)n1,143961,,
EN300-6245933,BrCc1cnc(Br)cn1,143962,,
EN300-33441,CC(N)C#N.Cl,143654,,
EN300-384625,Oc1nccnc1Br,143963,,
EN300-101691,Cc1cnc(Br)cn1,143964,,
EN300-111685,Oc1cnc(Br)cn1,143965,,
EN300-267631,Cc1nccnc1Br,143966,,
EN300-132920,Cc1ncc(Br)nc1C,143967,,
EN300-104707,COc1cncc(Br)n1,143968,,
EN300-45198917,C[n+]1ccnc(Br)c1.[I-],132346,,
EN300-51904,CC1CC1N,143921,,
EN300-7456125,Br.CC(N)CBr,122098,,
EN300-37452912,CC(N)CI.I,143657,,
EN300-33281755,Cl.NC1CC1O,143922,,
EN300-80684,CC1(N)CC1.Cl,143658,,
EN300-19637847,Cl.N[C@H]1C[C@H]1F,143923,,
EN300-112329,C=CC(C)N.Cl,143655,,
EN300-118872,CC(N)CS.Cl,143656,,
EN300-112062,CC(C)NO,143924,,
EN300-16766,CC(C)(C)N,143925,,
EN300-43363,CC(C)NN.Cl,143926,292133,
EN300-1587667,C[C@@H](N)CF.Cl,131868,,
EN300-152999,C#CC(C)N.Cl,128301,,
EN300-137231,CC(N)CCl.Cl,122103,,
EN300-6489963,O=Cc1cnc(Br)cn1,143969,,
EN300-114919,COc1cnc(Br)cn1,143970,,
EN300-645966,COc1nccnc1Br,143971,,
EN300-33245618,C#Cc1nccnc1Br,143972,,
EN300-7586910,Br.CC(N)C(C)Br,143927,,
EN300-6507851,O=Cc1nccnc1Br,143973,,
EN300-81645,Cn1ccnc(Br)c1=O,143974,,
EN300-107155,N#Cc1nccnc1Br,143975,,
EN300-37442768,Cl.NC1(CS)CC1,143678,,
EN300-7536992,CC(N)CCS.Cl,143670,,
EN300-120416,CCC(N)CS.Cl,143928,,
EN300-196960,CC[C@@H]1C[C@H]1N.Cl,143929,,
EN300-125138,Br.CC(C)(N)CBr,143668,,
EN300-7537233,CO[C@@H]1C[C@H]1N.Cl,143930,,
EN300-210140,CC1CCC1N.Cl,143931,,
EN300-312434,CC1CC1(C)N.Cl,143932,,
EN300-746712,C=CC(C)(C)N.Cl,143672,,
EN300-72142,C#CC(C)(C)N,129699,,
EN300-20706,CCC(C)(C)N,143671,,
EN300-6498993,Cl.N[C@H]1CC[C@H]1F,143933,,
EN300-373956,C#CC1(N)CC1.Cl,143677,,
EN300-323051,CC(N)CCCl.Cl,124578,,
EN300-307658,C=C[C@@H](N)CO.Cl,143934,,
EN300-315658,CC(C)(N)CCl.Cl,129604,,
EN300-1223410,Cl.NC1CC1(F)F,143935,,
EN300-257898,Cl.NC1CC12CC2,143936,,
EN300-7463460,C[C@@H]1C(N)[C@H]1C.Cl,143938,,
EN300-141346,CC(C)(N)CF.Cl,143673,,
EN300-91235,CC(=O)C(C)N.Cl,143939,,
EN300-7429810,C=C1CCC1N.Cl,143940,,
EN300-117059,Cl.NC1(CO)CC1,143676,,
EN300-7440243,C=C[C@@H]1C[C@H]1N.O=C(O)C(F)(F)F,143941,,
EN300-233791,C[C@@H](N)C1CC1.Cl,143942,,
EN300-233538,C#CC(N)CO.Cl,143943,,
EN300-216228,CCC1(N)CC1.Cl,143675,,
EN300-208867,Cl.NC(CF)CF,143944,,
EN300-72272,CC(N)C(C)O,129959,,
EN300-6759849,C#CCC(C)N.Cl,143667,,
EN300-52621,C[C@H](N)C(=O)O,143945,,
EN300-129418,COC[C@@H](C)N,143665,,
EN300-136061,C#CC(N)CC.Cl,143946,,
EN300-26529104,Cl.N[C@H]1CC[C@H]1O,143947,,
EN300-307380,Brc1nccn2ccnc12,143976,,
EN300-7656664,Brc1cncc2cccn12,143977,,
EN300-5042497,Brc1cncc2nnnn12,143978,,
EN300-3190992,Brc1cncc(C2CC2)n1,143979,,
EN300-4247126,Brc1nccn2nccc12,143980,,
EN300-43508,CCC(N)C#N.Cl,143948,,
EN300-78342,Cl.N#CC1(N)CC1,143674,,
EN300-29407,CC(C)(N)C#N,123920,,
EN300-100944,CC(CO)NN.Cl.Cl,143666,292163,
EN300-26638650,Cl.N[C@@H](CO)CF,143949,,
EN300-100120,CC(N)C(F)F.Cl,125958,,
EN300-79544,C=CCC(C)N.Cl,143662,,
EN300-80840,CSCC(C)N,143663,,
EN300-19572,CC(C)(C)NN.Cl,143950,292151,
EN300-82225,CC(N)CCO,143664,,
EN300-7423116,C[C@H](N)CC#N.Cl,143659,,
EN300-56931,CCC(C)NN.Cl.Cl,143661,292164,
EN300-43495,CCCC(C)N.Cl,143660,,
EN300-7661370,Cc1[nH]c(=O)c(C)nc1Br,143981,,
EN300-7563926,Brc1nccn2cccc12,143982,,
EN300-7414372,Brc1cncc2nncn12,143983,,
EN300-214980,Brc1cnc2[nH]ccc2n1,143984,,
EN300-2170730,Cc1nc(C)c(Br)nc1C,143985,,
EN300-7415363,Brc1cn2cnnc2cn1,143986,,
EN300-195239,Brc1cn2ncnc2cn1,143987,,
EN300-1659261,Brc1cnc2[nH]cnc2n1,143988,,
EN300-103725,O=C(O)c1cnc(Br)cn1,143989,,
EN300-698801,Brc1cnc(C2CC2)cn1,143990,,
EN300-121409,O=C(O)c1cncc(Br)n1,143991,,
EN300-173599,Brc1cn2ccnc2cn1,143992,,
EN300-124285,Brc1cncc2ncnn12,143993,,
EN300-134393,Cl.Cl.NNC1CC1,143951,292130,
EN300-3425430,ONC1CC1,143952,,
EN300-705974,Cl.NC1CSC1,143953,,
EN300-6412487,Brc1cncc2nccn12,143994,,
EN300-1387117,Brc1nccn2cnnc12,143995,,
EN300-148143,O=C(O)c1nccnc1Br,143996,,
EN300-62688,NC1CCC1,125556,,
EN300-49064,NC1COC1,143954,,
EN300-188348,CN1Cc2cccc(N)c2C1.Cl.Cl,140843,,
EN300-46560125,C[C@@H]1COC[C@H]1CO,144886,,
EN300-253416,CN1Cc2c(N)cccc2C1=O,144956,,
EN300-2944349,CC1(C)CC(CO)CO1,144888,,
EN300-211846,Nc1cccc2c1CNC2=O,144957,,
EN300-27804,Nc1cccc2c1C(=O)NC2,144958,,
EN300-7633232,CC1C(=O)OCC1CO,144890,,
EN300-790938,CN1Cc2cccc(N)c2C1=O,144959,,
EN300-37296972,CN(C)C1(CO)CCOC1.Cl,144904,,
EN300-26623867,CC12CCC(CO)(CO1)C2,144910,,
EN300-1387193,Nc1ccc(Cl)c2c1C(=O)NC2,144960,,
EN300-1590473,Nc1ccc(Br)c2c1C(=O)NC2,144964,,
EN300-3001269,Nc1cc(F)cc2c1CNC2=O,144965,,
EN300-51836121,CC1(CO)COC(C)(C)C1,144923,,
EN300-6736175,CC1(C)C(=O)OCC1CO,144928,,
EN300-631681,OC1(C2CO2)CCOC1,144892,,
EN300-8168783,CN1Cc2c(Br)ccc(N)c2C1=O,144967,,
EN300-08155,Nc1cccc2c1C(=O)NC2=O,144966,,
EN300-52584,CN1C(=O)c2cccc(N)c2C1=O,144963,,
EN300-313437,CC1(C)OCCC1CO,144894,,
EN300-106765,COC(=O)C1(O)CCOC1,144915,,
EN300-3020574,Nc1ccc(Br)c2c1C(=O)NC2=O,144972,,
EN300-37342608,OC[C@H]1C[C@H]2CC[C@@H]1O2,144918,,
EN300-66507,CCCCN1Cc2cccc(N)c2C1,144962,,
EN300-218824,CN1C2CCC1CC(C(=O)O)C2.Cl,145322,,
EN300-228971,Cc1cc(C(F)(F)F)nc2[nH]nc(N)c12,145342,,
EN300-26864020,Cl.O=C(O)C1CCN2CCCC2C1,145323,,
EN300-37100768,O=C(O)[C@H]1C[C@H]2C[C@@H](C1)C(=O)N2,145324,,
EN300-1535823,O=C1CCC2(CC(C(=O)O)C2)N1,145325,,
EN300-7473309,O=C(O)[C@H]1C[C@H]2CCCN2C(=O)N1,145326,,
EN300-228970,Nc1n[nH]c2nc(C(F)(F)F)cc(C3CC3)c12,145343,,
EN300-89030,CC(C)N1C2CCC1CC(C(=O)O)C2,145327,,
EN300-89031,CCCN1C2CCC1CC(C(=O)O)C2,145328,,
EN300-45592758,Cl.O=C(O)C1CC2CCC(C1)N2C1CC1,145329,,
EN300-9300356,CC=CC(=O)N1C2CCC1C(C(=O)O)C2,145330,,
EN300-78982,Cl.O=C(O)C1CC2CCC(C1)N2Cc1ccccc1,145332,,
EN300-6473107,CC(C)(C)OC(=O)N1CCCC12CC(C(=O)O)C2,145333,,
EN300-7437455,CC(C)(C)OC(=O)N1C[C@H]2C[C@H](C(=O)O)C[C@@H]1C2,145335,,
EN300-7440217,CC(C)(C)OC(=O)N1[C@H]2CC[C@@H]1[C@@H](C(=O)O)C2,145338,,
EN300-5068073,Cc1csc(C(=O)O)c1-n1cccc1,145373,,
EN300-6766359,O=C1N[C@H](C(=O)O)[C@@H]2C[C@H]12,145428,,
EN300-1717630,CC1(CO)CCN1,145435,,
EN300-27106238,CC1(CO)C=CCN1.Cl,145441,,
EN300-7618331,Cl.NC(CO)(CF)CF,145445,,
EN300-1859832,NCC1(c2ccncc2)CCC1,135652,,
EN300-30710844,O=C1OCc2nc(Br)ccc21,145607,,
EN300-122034,Cl.Cl.NCC1(c2ccncc2)CC1,145591,,
EN300-2010539,COC(=O)c1cnc(Br)cc1C,145612,,
EN300-130583,Cl.Cl.NCC1(c2ccncc2)CCCCC1,145600,,
EN300-30984086,Brc1ccc2c(n1)COC2,145606,,
EN300-37364370,Br.Br.NCC1(c2ccnc(O)c2)CCC1,145596,,
EN300-7425998,CCOC(=O)c1cnc(Br)c(O)c1,145614,,
EN300-805080,CCOC(=O)c1ccc(Br)nc1C,145613,,
EN300-219185,COC(=O)c1ccc(Br)nc1,145608,,
EN300-219754,NC(=O)C1(c2ccncc2)CCCCC1,145604,,
EN300-220473,COC(=O)c1cnc(Br)c(O)c1,145611,,
EN300-116881,COC(=O)c1ccc(Br)nc1C,145610,,
EN300-1440192,NCC1(c2ccncc2)CC(F)(F)C1,145601,,
EN300-1723098,COC(=O)c1ccc(Br)n2cncc12,145617,,
EN300-53014,CN1CCCN(CCN)CC1,145785,,
EN300-1601902,COc1cc(Cl)c2sccc2n1,145788,,
EN300-1723288,COC(=O)c1cnc2ccsc2c1Cl,145790,,
EN300-1608559,O=C(O)c1cc(Cl)cc2cc[nH]c12,145800,,
EN300-366322,COc1ccc(CC(C)(N)CO)cc1OC.Cl,145823,,
EN300-1654407,O=C(O)c1ccc(Cl)c2cc[nH]c12,145801,,
EN300-150509,Cn1ccc2cccc(C(=O)O)c21,145802,,
EN300-127190,O=C(O)c1ccc(Br)c2cc[nH]c12,145803,,
EN300-1267322,O=C(O)c1cc(F)cc2cc[nH]c12,145804,,
EN300-137326,Cc1cc(C(=O)O)c2[nH]ccc2c1,145805,,
EN300-2135339,O=C(O)c1ccc(F)c2cc[nH]c12,145806,,
EN300-1275495,O=C(O)c1cccc2c(Br)c[nH]c12,145807,,
EN300-152679,O=C(O)c1cc(Br)cc2cc[nH]c12,145808,,
EN300-1608555,Cc1ccc(C(=O)O)c2[nH]ccc12,145809,,
EN300-30851,Cc1[nH]c2c(C(=O)O)cccc2c1C,145810,,
EN300-311482,O=Cc1c[nH]c2c(C(=O)O)cccc12,121613,,
EN300-5166920,O=C(O)c1c(F)c(Cl)cc2cc[nH]c12,145811,,
EN300-22086940,COc1ccc(C(=O)O)c2[nH]ccc12,145812,,
EN300-26625539,CCc1cc2cc(Cl)cc(C(=O)O)c2[nH]1,145813,,
EN300-1590164,COc1ccc2ccn(C)c2c1C(=O)O,145814,,
EN300-330412,Cn1cc(C=O)c2cccc(C(=O)O)c21,145815,,
EN300-30836,O=C(O)c1cccc2c3c([nH]c12)CCC3,145816,,
EN300-52487333,Cc1[nH]c2c(C(=O)O)ccc(Br)c2c1C,145817,,
EN300-30538,O=C(O)c1cccc2c3c([nH]c12)CCCC3,145818,,
EN300-12770541,CCOC(=O)c1cc2cccc(C(=O)O)c2[nH]1,145819,,
EN300-30742,O=C(O)c1cccc2c3c([nH]c12)CCCCC3,145820,,
EN300-37023,CC1CCc2[nH]c3c(C(=O)O)cccc3c2C1,145821,,
EN300-624300,O=C(O)c1cccc2ccn(Cc3ccccc3)c12,145822,,
EN300-7473059,Cl.NC1(Cc2ccc(F)cc2F)COC1,145850,,
EN300-344572,COC(=O)C(C)(N)Cc1ccc(F)cc1.Cl,145851,,
EN300-104076,Cc1cc2ccccc2nc1Br,145934,,
EN300-339729,Cc1cc(Br)nc2ccccc12,145935,,
EN300-123255,Oc1ccc2nc(Br)ccc2c1,145936,,
EN300-97588,Oc1cccc2ccc(Br)nc12,145937,,
EN300-8153877,BrCc1cc2ccccc2nc1Br,145938,,
EN300-7444787,Br.CCC(N)CBr,145904,,
EN300-8393536,BrCc1cc(Br)nc2ccccc12,145941,,
EN300-339725,O=Cc1cc(Br)nc2ccccc12,145942,,
EN300-8246065,OCc1cc2ccccc2nc1Br,145940,,
EN300-29515,Cl.Cl.NNC1CCC1,145905,292152,
EN300-82349,CC1(N)CCC1,145906,,
EN300-84910,NC1CC=CC1,145907,,
EN300-93062,Cl.NC1CCSC1,145908,,
EN300-100583,Cl.N[C@H]1C[C@@H](O)C1,145909,,
EN300-211439,Cl.NC1CC(=O)C1,145910,,
EN300-1604839,Cl.NC1CCC1=O,145911,,
EN300-52283,CC1(C)CC1N.Cl,143937,,
EN300-205265,CCC(N)CF.Cl,145912,,
EN300-6481781,Br.NC1(CBr)CC1,145913,,
EN300-256935,Cl.N[C@H]1CCOC1,145914,,
EN300-196962,N[C@@H]1C[C@H]1CO,145915,,
EN300-27184285,CC(N)C(C)F.Cl,145916,,
EN300-28249762,C[C@@H](N)CCF.Cl,145917,,
EN300-20348,NC1CCCC1,134743,,
EN300-7585121,Cl.NC1(CF)CC1,145918,,
EN300-27738822,Cl.N[C@@H]1CC[C@H]1S,145919,,
EN300-1301392,Cl.NC1CC(F)C1,145920,,
EN300-7443887,Cl.N[C@H]1C[C@H]1CF,145921,,
EN300-18741,CCC(N)CC,145922,,
EN300-7466633,Cl.N[C@H]1C[C@@H](Br)C1,145923,,
EN300-28226354,Cl.ONC1CCC1,145924,,
EN300-300670,Cl.NC1C=CCC1,145925,,
EN300-295395,Cl.NC12CC(C1)C2,145926,,
EN300-97990,CC1CC(N)C1.Cl,145927,,
EN300-7577808,CC[C@@H](N)CCl.Cl,145928,,
EN300-6499505,C=C1CC(N)C1.Cl,145929,,
EN300-37454376,Br.C[C@H](N)CCBr,145930,,
EN300-398601,CC1CC=NN1,145931,292157,
EN300-37452910,CCC(N)CI.I,145932,,
EN300-7439312,Cl.NC1CC(Cl)C1,145933,,
EN300-114657,N#Cc1cc2ccccc2nc1Br,145939,,
EN300-6758815,O=C(O)c1cccc2ccc(Br)nc12,145943,,
EN300-49115,Cl.NC1CCOCC1,128272,,
EN300-26603,Cn1c(=O)n(CC(=O)O)c2ccccc21,146624,,
EN300-188212,NCC1COC1,146629,,
EN300-7370063,Cl.OCC1CNC1,121868,,
EN300-226776,Cl.OCC1(O)CNC1,132104,,
EN300-27143583,CC(O)(CN)CO.Cl,131641,,
EN300-683176,CC(O)C(C)CN,146631,,
EN300-89755,C1NCC12COC2,146632,,
EN300-52317271,C[C@@]1(N)C[C@H]1CO.Cl,146636,,
EN300-24327,CCn1c(=O)n(CC(=O)O)c2ccccc21,146625,,
EN300-45556315,NC[C@@H]1C[C@H]1O.O=C(O)C(F)(F)F,146628,,
EN300-56192,COCC(C)CN,139458,,
EN300-45672063,Cl.N[C@@]12COC[C@@H]1C2,146638,,
EN300-26983394,Cl.N[C@H]1CC[C@H]1CO,146640,,
EN300-7493296,C1N[C@@H]2COC[C@H]12.Cl,146641,,
EN300-7442729,COC[C@@H]1C[C@H]1N.Cl,146642,,
EN300-51833532,CC1C(N)CC1O.Cl,146644,,
EN300-7385241,CC(O)C1CNC1.Cl,146648,,
EN300-26975677,Cl.NC[C@@H]1CC[C@H]1O,146652,,
EN300-7463275,CC(O)[C@@H]1C[C@H]1N.Cl,146654,,
EN300-192482,Cl.N[C@@H]1[C@H]2COC[C@@H]12,146655,,
EN300-113304,CC(C)(CN)CO,135415,,
EN300-123867,NCC(CO)CO,146657,,
EN300-75187,COCC(C)(O)CN,146659,,
EN300-248498,N[C@H]1CCC[C@H]1CO,146661,,
EN300-396146,Cl.OCC1(CO)CNC1,146663,,
EN300-716254,NC1CC2COCC12,146665,,
EN300-1086769,Cl.N[C@H]1[C@@H]2CCCO[C@H]12,146666,,
EN300-1266307,Cl.NCC(CO)C1CC1,146667,,
EN300-83414,CC(N)C(C)CO,146637,,
EN300-204506,Cl.OCC1(F)CNC1,146656,,
EN300-36596311,C[C@H]1COC[C@H]1N.Cl,146647,,
EN300-244122,CC1(CO)CNC1.Cl,146650,,
EN300-179606,CC1COCCC1N,146676,,
EN300-223061,CC(CN)(CO)CO,135465,,
EN300-247858,CC1(C)COCC1N.Cl,146682,,
EN300-226637,COC(C)(CN)CO,146684,,
EN300-114892,CCC(C)(CN)CO,146690,,
EN300-23532,CCCn1c(=O)n(CC(=O)O)c2ccccc21,146626,,
EN300-43608066,Cl.NCC1(F)COC1,146633,,
EN300-262824,COC[C@@H]1CC[C@H]1N.Cl,146680,,
EN300-218138,COCC(C)C(C)N,146679,,
EN300-1272866,CC(N)C(C)(C)CO.Cl,146669,,
EN300-305294,OC1CC2CNCC12,146687,,
EN300-117010,CC(C)C(CN)CO,146691,,
EN300-105482,NCC1(CO)COC1,146660,,
EN300-64705,COC(=O)C(C)CN.Cl,146662,,
EN300-683278,CCC(CN)CO,146646,,
EN300-42687,O=C(O)Cn1c(=O)n(C2=CCCCC2)c2ccccc21,146627,,
EN300-1722482,CC1(CN)COC1.Cl,146653,,
EN300-45645616,Cl.NC[C@@H]1CCC[C@H]1O,146694,,
EN300-189556,CC1(C)CNCC1O.Cl,146677,,
EN300-33456569,Cl.NC[C@]12COC[C@H]1C2,146695,,
EN300-386296,Cl.NC[C@H]1COC[C@H]1O,146696,,
EN300-781123,Cl.NCC1(F)CCOC1,146697,,
EN300-1640177,CC(N)C1(O)COC1,146698,,
EN300-200699,Cl.NCC1(O)CCOC1,127776,,
EN300-198416,CC(N)C1CCOC1.Cl,146700,,
EN300-188957,COCC1(C)CNC1.Cl,146681,,
EN300-299250,CC(N)C1(CO)CC1.Cl,146701,,
EN300-28305189,Cl.O=C(O)C1(n2cnc3ccccc32)CC1,147037,,
EN300-1666652,C=C1COCC1N.Cl,147048,290870,
EN300-7577362,CC1(C)OCC1N,147049,,
EN300-262389,C[C@@]1(O)CC[C@H]1N.Cl,147050,,
EN300-1703008,Cl.NC1COCC1=O,147051,,
EN300-46615044,C[C@H]1C[C@@H](O)[C@H]1N.Cl,147052,,
EN300-37443175,NC1COC12CC2,147057,,
EN300-251517,Cl.N[C@@H]1CCC[C@H]1O,147058,,
EN300-246814,N[C@@H]1COC[C@H]1O,147059,,
EN300-82707,C1OCC2CC1N2,147060,,
EN300-37476109,CC(O)C1(N)CC1.Cl,145437,,
EN300-18697219,CCc1nc2ccccc2n1C(C)C(=O)O.Cl,147038,,
EN300-41080,CC(C)C(C(=O)O)n1cnc2ccccc21,147039,,
EN300-7549621,Cl.N[C@@H]1COC[C@H]1F,147061,290853,
EN300-37296973,Cl.NC1C(O)CC1O,147062,,
EN300-37364376,CC1(N)CCC1O,145454,,
EN300-6734977,Cl.NC12COC(C1)C2,145455,,
EN300-121815,CC1OCCC1N,147070,,
EN300-118519,CC1(N)CCOC1.Cl,145457,290880,
EN300-34107,NC1CCOC1=O,147072,,
EN300-46966900,C1CC2(COC2)N1.Cl,145434,,
EN300-24994884,CCCc1nc2ccccc2n1C(C)C(=O)O.Cl,147040,,
EN300-50097,Cc1nc2ccccc2n1C(C(=O)O)C(C)C,147041,,
EN300-64145,NC1(CO)CCCC1,145466,,
EN300-62225,NC1CCCCC1O,147085,,
EN300-213294,CC1CC(N)C(=O)O1.Cl,147088,,
EN300-18778872,CC(C)Cc1nc2ccccc2n1C(C)C(=O)O.Cl,147042,,
EN300-66742,CC(C)C(C(=O)O)n1cnc2cc(F)c(F)cc21.Cl,147043,,
EN300-25004012,CC(C(=O)O)n1c(C(F)(F)F)nc2ccccc21,147044,,
EN300-72881,Cl.O=C(O)C(c1ccccc1)n1cnc2ccccc21,147045,,
EN300-222533,COCC1CCN1.Cl,147069,290856,
EN300-371682,CN[C@@H]1COC[C@H]1O,147078,,
EN300-297144,Cl.NC(CO)CCO,147090,,
EN300-111950,NC1(CO)CCC1,145453,,
EN300-178618,Cl.NC1CCCOC1,147075,,
EN300-111171,COCC1(N)CC1.Cl,145432,,
EN300-1844705,N[C@H](CO)C1CC1,147082,,
EN300-206415,COCC1(N)CCC1.Cl,145448,290901,
EN300-717272,CCC1(N)COC1,145436,,
EN300-297294,CCCC(N)CO,147091,,
EN300-253192,CC1CC(N)CO1.Cl,147074,,
EN300-7335335,C=CC[C@@H](N)CO,147092,,
EN300-226445,C[C@@H](O)[C@H](N)CO.Cl,147093,,
EN300-245366,CCC(N)C(C)O,129095,,
EN300-190505,Cl.NC(CO)CCF,147094,,
EN300-1266259,CO[C@@H]1CC[C@H]1N.Cl,147073,,
EN300-46591110,Cl.N#CC[C@H](N)CO,147095,,
EN300-81002,CCC(N)COC,147096,290874,
EN300-300958,C1CC2NC2CO1,147063,,
EN300-215264,C#CCC(N)CO,147097,,
EN300-219172,Cl.N[C@@H]1COC(=O)C1,147064,,
EN300-7464680,CC(O)C1CCN1.Cl,147065,,
EN300-46461190,C[C@H]1CN[C@H]1CO.O=C(O)C(F)(F)F,147066,,
EN300-46826859,C[C@H]1C[C@@H](N)[C@H]1O.Cl,147067,,
EN300-52587669,CC[C@H]1NC[C@H]1O.Cl,147056,,
EN300-52519387,Cl.OC1CNC12CC2,147055,,
EN300-20000102,OC[C@@H]1NC[C@H]1O,131474,,
EN300-651665,C1C[C@H]2NC[C@H]2O1.Cl,147053,,
EN300-7588463,C=C(C)[C@H](N)CO.Cl,147098,,
EN300-1709410,CC1CC(CO)N1,147054,,
EN300-46826858,Cl.NC1CC(O)C1O,147068,,
EN300-2995127,CC[C@H](C)[C@H](N)CO,147099,,
EN300-223731,CCC(N)C(C)(C)O.Cl,147100,,
EN300-199124,COCCC(N)CO,147101,,
EN300-1856962,N[C@H](CO)CC1CC1,147102,,
EN300-136507,CC=CCC(N)CO.Cl,147103,,
EN300-91735,CC(C)(C)[C@H](N)CO,147104,,
EN300-85575,COCC(N)C(C)C,147105,290912,
EN300-91333,Cl.N#CC1(N)CCOC1,145459,,
EN300-102966,CCC(N)C(=O)OC.Cl,147106,,
EN300-83030,COCC(N)CCO,147107,290910,
EN300-104015,CC(N)(CO)C1CC1,145465,,
EN300-245827,CSCC[C@H](N)CO,147108,,
EN300-52467107,Cl.Cn1c(=O)n(C2CCC(=O)NC2=O)c2cccc(N)c21,136707,,
EN300-52653229,CCn1cncc1CCC(=O)O.Cl,147714,,
EN300-46907588,Cl.Cn1cncc1CC(O)C(=O)O,147713,,
EN300-198946,C=CCNC(=O)C(C)O,147730,,
EN300-32028307,c1ccc2[nH]c(C3C4CNCC43)cc2c1,147732,,
EN300-746240,Clc1ccc2[nH]c(C3CCNCC3)cc2c1,147733,,
EN300-736534,Cc1ccc2[nH]c(C3CCNCC3)c(C)c2c1,147735,,
EN300-7537700,C=CCN1C(=O)CCC(O)C1=O,147731,,
EN300-7434426,Cc1c(C2CCNCC2)[nH]c2ccccc12.Cl,147734,,
EN300-24017,Cc1cn2c(CC(=O)O)csc2n1,147743,,
EN300-29441,NCCCN1CCN(c2ncccn2)CC1,147765,,
EN300-50332,CC(N)CN1CCN(c2ncccn2)CC1.Cl.Cl.Cl,147769,,
EN300-317825,NC1(CN2CCN(c3ncccn3)CC2)CC1,147777,,
EN300-69631,NCCCCN1CCN(c2ncccn2)CC1,147781,,
EN300-300936,O=C(O)c1ccc(CNC(=O)C(F)(F)F)o1,147948,,
EN300-172605,Cl.Cl.NCc1nc2cccnc2[nH]1,147953,,
EN300-7442668,COc1cccc2[nH]c(CN)nc12.Cl.Cl,147970,,
EN300-64245,Cn1ccc(C(=O)N2CCCC(C(=O)O)C2)cc1=O,148002,,
EN300-1663229,N[C@H]1COC[C@H]1CO,148003,,
EN300-44828997,CC(C)(C)OC(=O)N1C[C@H]2CC[C@@H](N)[C@H](O)[C@H]21,148194,,
EN300-19578375,O=C(O)c1nccc2c1OCC2,148428,,
EN300-13430,CC(=O)c1c(C)nc2ccccc2c1N,148447,,
EN300-132849,Cc1nc2ccccc2c(N)c1C(C)C,148450,,
EN300-28247275,CC(C)Cc1ccnc(C(=O)O)c1F,148429,,
EN300-114739,COc1ccc2[nH]c(=O)cc(N)c2c1.Cl,148463,,
EN300-7543523,Cl.O=C(O)c1cc2c(cn1)COCC2,148430,,
EN300-133386,Cc1cc(N)c2cc([N+](=O)[O-])ccc2n1,148467,,
EN300-7438447,Nc1ccnc2ccc(C(F)(F)F)cc12,148452,,
EN300-100279,CC(N)Cc1ccncc1,49752,,
EN300-37267081,Cl.O=C(O)Cc1cncn1C1CC1,148672,,
EN300-137227,Cl.Cl.NCC(=O)c1ccncc1,148687,,
EN300-318119,Cl.Cl.NCC(O)c1ccncc1,148691,,
EN300-220628,Cn1cnc2c1C(C(=O)O)CC(=O)N2,148677,,
EN300-1440097,Cc1cc(CCN)ccn1.Cl.Cl,148694,,
EN300-7433038,Cl.Cl.NCC(CCO)c1ccncc1,145594,,
EN300-5036034,CCC(C)(CN)c1ccncc1,145595,,
EN300-27747959,Br.Br.CC(C)(CN)c1cc[nH]c(=O)c1,145598,,
EN300-333466,Cl.Cl.NC(CO)C(O)c1ccncc1,148720,,
EN300-37332522,Cl.Cl.NCCc1ccn2ccnc2c1,148710,,
EN300-1425956,CC1CCCn2c(CC(=O)O)cnc21.Cl,148673,,
EN300-37396189,Cl.Cl.NCCc1ccncc1Cl,148690,,
EN300-708755,NCCc1ccncc1Br,148686,,
EN300-46971521,Cc1nc2c(n1C)C(C(=O)O)CCC2.Cl,148674,,
EN300-67434,CC(N)C(O)c1ccncc1.Cl.Cl,148706,,
EN300-1233420,CC(O)(CN)c1ccncc1,145592,,
EN300-123881,CC(C)(CN)c1ccncc1,135559,,
EN300-174555,Cl.Cl.NC(CO)Cc1ccncc1,128570,,
EN300-6498446,Cl.NCCc1c(Br)cncc1Br,148697,,
EN300-26864016,Cl.NCCc1c(Cl)cncc1Cl,148704,,
EN300-45645596,Cl.Cl.NCCc1ccnc(Cl)c1F,148700,,
EN300-220945,COC(=O)C(N)Cc1ccncc1.Cl.Cl,128497,,
EN300-190283,Cl.Cn1cncc1C(O)C(=O)O,148679,,
EN300-101263,CCOC(=O)C(N)Cc1ccncc1.Cl.Cl,148739,,
EN300-7431380,COC(=O)C(N)Cc1ccnc(Br)c1,148741,,
EN300-33036463,COC(=O)C(C)(N)Cc1ccncc1.Cl.Cl,148742,,
EN300-1817108,C=C(CN)c1ccncc1F,148705,,
EN300-8610349,Cc1nc2n(c1CC(=O)O)CCCC2,148675,,
EN300-331428,CCOC(=O)C(N)C(O)c1ccncc1.Cl.Cl,148749,,
EN300-132165,Cl.Cl.NC(Cc1ccncc1)CC1CCCC1,148750,,
EN300-645611,NCC1(c2ccncc2)COC1,145593,,
EN300-45479038,COC(=O)C(N)Cc1cc(F)nc(F)c1.Cl,148753,,
EN300-51763560,COc1cc(C[C@@H](C)N)ccn1.Cl,148718,,
EN300-192809,CN(C)C(C(=O)O)c1cncn1C.Cl.Cl,148683,,
EN300-305028,O=C(O)C1CCCn2cncc21,148676,,
EN300-37456316,Cl.Cn1cncc1C1(C(=O)O)CC1,148680,,
EN300-1839949,CC(C)(CN)c1ccncc1F,148719,,
EN300-1837898,COc1cc(CCN)cc(C)n1,148758,,
EN300-179524,Cl.O=C(O)Cc1cncn1Cc1ccccc1,148682,,
EN300-322248,Cl.Cl.NCCc1ccnc(O)c1,148688,,
EN300-26675654,Cl.Cl.NCCc1ccnc(Cl)c1,148692,,
EN300-28243910,CCOC(=O)C(N)Cc1ccnc(F)c1.Cl,148759,,
EN300-253241,COc1cc(CCN)ccn1.Cl.Cl,148703,,
EN300-1907309,CC(CN)c1ccncc1Br,148696,,
EN300-27701506,Cl.NCCc1ccnc(C(F)(F)F)c1,148763,,
EN300-122976,Cl.Cl.NCC1(c2ccncc2)CCCC1,145602,,
EN300-27160311,Br.NC(CO)Cc1cc(Br)nc(Br)c1,148736,,
EN300-1817678,NCC1(c2ccncc2F)CCC1,148735,,
EN300-1827403,COc1cc(C(C)(C)CN)ccn1,145603,,
EN300-269534,CC(C)(C)OC(=O)C(N)Cc1ccncc1,148769,,
EN300-20885449,CC(C)(N)Cc1ccncc1.Cl.Cl,148699,,
EN300-23908054,Cl.NCCc1c(F)cncc1F,148698,,
EN300-6763758,CCCOC(=O)C(N)Cc1ccnc(Br)c1,148768,,
EN300-27102638,Cl.Cl.NCCc1ccnc(Oc2ccccc2)c1,148772,,
EN300-1849738,COc1cc(C2(CN)CCC2)ccn1,145599,,
EN300-27145277,CCOC(=O)C(N)Cc1ccnc([N+](=O)[O-])c1.Cl,148779,,
EN300-7433702,Cl.NC(Cc1ccncc1)c1ccc(Cl)c(Cl)c1,148774,,
EN300-62743,NC1CCN(CCc2ccncc2)CC1,148782,,
EN300-61432,CCOC(CN)(OCC)c1ccncc1,148765,,
EN300-7473216,Cl.Cl.Cl.NC(Cc1ccncc1)c1ccncc1,148785,,
EN300-33037441,Cl.Cl.Fc1cncc(Cl)c1CC1CCCCN1,148764,,
EN300-45645614,CC(C)n1cncc1CC(=O)O.Cl,148671,,
EN300-45168284,CCn1cncc1CC(=O)O.Cl,148678,,
EN300-704125,CC(C)(C)OC(=O)N1CCc2ccnc(N)c2C1,148788,,
EN300-6739240,CCOC(=O)C(N)Cc1ccnc(Br)c1Br,148767,,
EN300-27736483,Cl.O=C(O)Cc1cnc2n1CCOC2,148681,,
EN300-260637,Cl.Cl.Cn1cnc(N)c1,132714,,
EN300-2009536,Cl.Cn1cncc1N,149322,,
EN300-21334,CCCC(=O)O,129548,,
EN300-24829,C=C(C)C(=O)O,149263,,
EN300-21306,CC(=O)C(=O)O,130370,,
EN300-7352827,Cc1ncc(N)n1C.Cl,149323,,
EN300-181492,C=CC(O)C(=O)O,149264,,
EN300-131354,CC(C)(Cl)C(=O)O,149265,,
EN300-130047,N#Cc1nc[nH]c1N,149325,,
EN300-201388,C=CC(Cl)C(=O)O,149266,,
EN300-344153,O=C(O)[C@H]1C[C@H]1Br,149267,,
EN300-148001,C=C1CC1C(=O)O,149268,,
EN300-27738,CCC(O)C(=O)O,149269,,
EN300-222826,Cc1ncn(C)c1N.Cl,149326,,
EN300-1084754,O=C(O)[C@@H](Br)CO,149270,,
EN300-21285,CC(C)(C)C(=O)O,149271,,
EN300-817866,CCn1cnc(N)c1.Cl,149324,,
EN300-97758,O=C(O)CCF,129202,,
EN300-19718,CC(C)CC(=O)O,129108,,
EN300-59285,CC(C)(O)C(=O)O,149272,,
EN300-6488811,CC(F)CC(=O)O,149273,,
EN300-112366,C=C(C)CC(=O)O,149276,,
EN300-7462451,C=C(Br)CC(=O)O,149277,,
EN300-19244,CCC(Br)C(=O)O,149278,,
EN300-1600558,O=C(O)C1CC1Cl,149279,,
EN300-148687,CC(C)(S)C(=O)O,149280,,
EN300-147181,C=C(CC)C(=O)O,149282,,
EN300-122010,CCC(F)C(=O)O,149283,,
EN300-343730,O=C(O)[C@@H]1C[C@@H]1F,149285,,
EN300-147050,C=C(CO)C(=O)O,149286,,
EN300-20514,CC1CC1C(=O)O,149287,,
EN300-64825,C=CCCC(=O)O,149288,,
EN300-19715,O=C(O)C(Br)CBr,149289,,
EN300-95625,CC(C)(Br)C(=O)O,149290,,
EN300-97485,C=C(I)CC(=O)O,149291,,
EN300-1849549,O=C(O)C(O)CF,149292,,
EN300-104349,C#CC(C)C(=O)O,149294,,
EN300-146594,CC(S)CC(=O)O,149295,,
EN300-19245,CC(Cl)CC(=O)O,149296,,
EN300-20750,CCC(Cl)C(=O)O,149298,,
EN300-255018,Cn1cnc(N)c1C#N,149327,,
EN300-24805,O=C(O)CCCCl,149299,,
EN300-252408,Nc1nc[nH]c1[N+](=O)[O-],149329,,
EN300-37339074,Cc1nc(C)n(C)c1N.Cl,149330,,
EN300-95094,O=C(O)C1CSC1,149300,,
EN300-6750988,CC(C)n1cnc(N)c1.Cl.Cl,149331,,
EN300-20885369,Cl.Nc1cnc2n1CCC2,149332,,
EN300-144125,O=C(O)CCCI,149301,,
EN300-139873,CC(ON)C(=O)O.Cl,149302,,
EN300-95556,CC(C)(F)C(=O)O,129808,,
EN300-85760,O=C(O)C1CCO1,149303,,
EN300-124479,O=C(O)C1=CCC1,149304,,
EN300-22354,O=C(O)CCCS,149305,,
EN300-64536,COCCC(=O)O,149306,,
EN300-91800,CC(CS)C(=O)O,149307,,
EN300-307043,CC(CF)C(=O)O,149308,,
EN300-55348,O=C(O)C1(F)CC1,149309,,
EN300-118360,CC1=CC1C(=O)O,149310,,
EN300-96585,CC(F)(F)C(=O)O,149281,,
EN300-51257,COC(C)C(=O)O,149311,,
EN300-1710070,CCCn1cnc(N)c1.Cl,149336,,
EN300-370249,C/C=C(\C)C(=O)O,149312,,
EN300-35769,O=C(O)CC1CC1,149313,,
EN300-147245,CC(CBr)C(=O)O,127156,,
EN300-151433,CC1(C(=O)O)CO1,149275,,
EN300-27063,CCC(C)C(=O)O,149315,,
EN300-7447621,C=C=CCC(=O)O,149274,,
EN300-25702,O=C(O)C1(O)CC1,149316,,
EN300-78700,CC1(C(=O)O)CC1,149317,,
EN300-19025,O=C(O)C1CCC1,132266,,
EN300-16207,CSCCC(=O)O,149318,,
EN300-33131600,O=C(O)C1(I)CC1,149319,,
EN300-6729493,Cn1cnc(C#N)c1N,149335,,
EN300-189697,O=C(O)C(O)CBr,149297,,
EN300-243981,O=C(O)CCCF,149320,,
EN300-37339903,CCn1c(C)nc(C)c1N.Cl,149339,,
EN300-37267741,Cl.Nc1cn2ncccc2n1,149342,,
EN300-2520800,Nc1cn2cccnc2n1,149343,,
EN300-84495,CCc1ncn(C)c1N.Cl,149328,,
EN300-6766798,Cn1cnc(N)c1C(=O)[O-].[Na+],149338,,
EN300-113775,COC(=O)c1nc[nH]c1N,149344,,
EN300-45607250,CC(C)Cn1cnc(N)c1.Cl.Cl,149345,,
EN300-249675,Cn1cnc([N+](=O)[O-])c1N,149337,,
EN300-120547,Cl.NOCCC(=O)O,149314,,
EN300-7426125,Cc1ncc(N)n1CC#N.Cl,149347,,
EN300-6491496,Cl.Cl.Nc1cn(CC2CC2)cn1,149348,,
EN300-66985,O=CCCC(=O)O,149321,,
EN300-115626,C#CCCC(=O)O,149293,,
EN300-90870,O=C(O)CC(F)F,149284,,
EN300-2106777,Nc1cn2nc(Cl)ccc2n1,149354,,
EN300-37341492,Cc1nc(C)n(C(C)C)c1N.Cl,149355,,
EN300-7715992,Nc1[nH]cnc1-c1nn[nH]n1,149356,,
EN300-37370496,Cc1nc(C)n(C2CC2)c1N.Cl,149353,,
EN300-72338,N#Cc1c(N)nc2n1CCS2,149357,,
EN300-197873,Cc1nc(N)c(C#N)n1C,149340,,
EN300-7319436,Cc1nc(C#N)c(N)n1C,149341,,
EN300-380716,Cc1nc2cnccn2c1N,149365,,
EN300-37345594,CCCn1c(C)nc(C)c1N.Cl,149350,,
EN300-6472783,Cl.Cl.Nc1cn(CC(F)(F)F)cn1,149361,,
EN300-80662,CCOC(=O)c1[nH]cnc1N,149351,,
EN300-275759,Cn1cnc(N)c1S(N)(=O)=O,149360,,
EN300-6758608,Cl.Nc1cnc2n1CCOC2,149364,,
EN300-2520799,Nc1cn2ccncc2n1,149363,,
EN300-321689,CCOC(=O)c1nc(N)c[nH]1.Cl,149369,,
EN300-261814,COC(=O)c1c(N)ncn1C,149349,,
EN300-231732,Cc1nc(N)c([N+](=O)[O-])n1C,149352,,
EN300-52429873,Cl.Cl.Nc1cnc2ncc(Br)cn12,149376,,
EN300-1725091,CCOC(=O)c1nc(N)cn1C.Cl,149367,,
EN300-754535,N#Cc1c(N)nc2n1CCOC2,149366,,
EN300-7355559,Cc1ncc(N)n1CC(F)(F)F.Cl,149374,,
EN300-2976283,Nc1cnc2cnc(Br)cn12,149380,,
EN300-20156,,,283835,
EN300-1244016,CCC=C1CCNC1,,285705,
EN300-5416524,,,284591,
EN300-267642,CC(O)c1cncc(F)c1,,290020,
EN300-1725142,Cn1nc(C(=O)O)c2cc(F)ccc21,,282946,
EN300-46897099,CC(N)Cc1cocn1.Cl.Cl,,282967,
EN300-7493904,Cc1ocnc1CCN.Cl,,282956,
EN300-4338650,O=C(O)C(F)n1cc(Br)cn1,,289508,
EN300-694927,NCCN1CCC(NS(=O)(=O)C2CC2)CC1,,289509,
EN300-4274866,Cn1ncc2ccc(C=O)cc21,,289693,
EN300-25898489,Cl.Cl.Cn1ccc(-c2ccc(CN)cc2)n1,,289719,
EN300-45684307,Cl.Cl.Cn1nccc1-c1ccc(CN)cc1,,289720,
EN300-28653388,Cc1c(C=O)ccc2cnn(C)c12,,289694,
EN300-191295,Cn1ncc2ccc(C(=O)O)cc21,,289695,
EN300-7415548,Cc1c2ccc(C=O)cc2nn1C,,289696,
EN300-7406641,Cn1cc2ccc(C(=O)O)cc2n1,,289697,
EN300-27081224,CCn1cc2ccc(C(=O)O)cc2n1,,289698,
EN300-215407,COC(=O)c1ccc2cnn(C)c2c1,,289699,
EN300-19493896,Cn1nc2cc(C(=O)O)ccc2c1Br,,289700,
EN300-26869805,Cn1ncc2ccc(C(=O)O)c(Cl)c21,,289701,
EN300-187938,Cn1ncc2c(O)cc(C(=O)O)cc21,,289702,
EN300-265448,CCn1ncc2ccc(C(=O)O)cc21,,289703,
EN300-24218156,Cc1nn(C)c2cc(C(=O)O)ccc12,,289704,
EN300-28737041,Cc1c(C(=O)O)ccc2cnn(C)c12,,289705,
EN300-29324611,Cn1ncc2ccc(C(=O)O)c(Br)c21,,289706,
EN300-28736258,Cc1c(C(=O)O)ccc2cn(C)nc12,,289707,
EN300-7377622,COC(=O)c1ccc2cn(C)nc2c1,,289708,
EN300-7415541,Cc1c2ccc(C(=O)O)cc2nn1C,,289709,
EN300-7421190,Cn1nc(Br)c2ccc(C(=O)O)cc21,,289710,
EN300-36344534,O=C(O)c1ccc2cnn(C(F)F)c2c1,,289711,
EN300-28862035,Cc1c(C(=O)O)ccc2c(C)n(C)nc12,,289712,
EN300-28862357,Cc1nn(C)c2c(C)c(C(=O)O)ccc12,,289713,
EN300-51834710,CC(C)(C)n1cc2ccc(C=O)cc2n1,,289714,
EN300-28250507,O=C(O)c1ccc2cn(C(F)F)nc2c1,,289715,
EN300-28861264,CCn1ncc2ccc(C(=O)OC)cc21,,289716,
EN300-51655305,CC(C)(C)n1cc2ccc(C(=O)O)cc2n1,,289717,
EN300-12581639,CC(C)(C)OC(=O)n1ncc2ccc(C(=O)O)cc21,,289718,
EN300-2488768,Cc1nc(CCN)co1,,289813,
EN300-330071,Cn1nc(C(=O)O)c2cc(Br)ccc21,,289805,
EN300-119797,Cc1nc(CCN)c(C)o1,,289814,
EN300-7417922,Cn1nc(C(=O)O)c2cc([N+](=O)[O-])ccc21,,289806,
EN300-37378191,O=C(O)c1nn(C(F)(F)F)c2ccccc12,,289807,
EN300-28271055,COC(=O)C(N)Cc1cocn1,,289815,
EN300-28943359,COC(=O)c1ccc2c(c1)c(C(=O)O)nn2C,,289808,
EN300-52237006,COC(=O)c1nn(CC(=O)O)c2ccccc12.O=C(O)C(F)(F)F,,289809,
EN300-62193,NCCc1coc(-c2ccccc2)n1,,289816,
EN300-16573512,O=C1NCC(Cn2nc(C(=O)O)c3ccccc32)O1,,289811,
EN300-28273161,CC(C)(C)OC(=O)C(N)Cc1cocn1,,289817,
EN300-1168653,Cc1oc(-c2ccccc2)nc1CCN.Cl.Cl,,289818,
EN300-64464,Cl.NCCc1coc(-c2ccc(F)cc2)n1,,289819,
EN300-62194,Cc1ccc(-c2nc(CCN)co2)cc1,,289820,
EN300-200108,CC(C)(CN)c1coc(-c2ccccc2)n1,,289821,
EN300-345010,O=C(O)c1nn(Cc2ccc(Cl)cc2Cl)c2ccccc12,,289812,
EN300-7373094,O=C(O)c1nn(Cc2ccccc2)c2ccccc12,,289810,
EN300-262208,Cl.Cl.N[C@H]1C[C@@H](N2CCCC2)C1,,289917,
EN300-300506,Clc1nc(CC2CC2)ns1,,289920,
EN300-307194,CC(C)(C)Cc1nsc(Cl)n1,,289921,
EN300-93740,N#CC(N)CCN1CCCC1,,289918,
EN300-295546,Cl.NC1CCCC(N2CCCC2=O)C1,,289919,
EN300-27147611,C[C@H](O)c1ccc(Br)nc1.Cl,,290028,
EN300-322263,CC(O)c1ccc(F)nc1,,290029,
EN300-5042914,CC(C)(O)c1ccc(N)nc1,,290042,
EN300-23906539,CCC(O)c1ccc(Br)nc1,,290044,
EN300-260656,Cc1ccc(C2(O)CCNC2)cn1.Cl.Cl,,290072,
EN300-362985,OC(c1ccc(Cl)nc1)C(F)(F)F,,290073,
EN300-213873,OC(c1ccc(Br)nc1)C(F)(F)F,,290076,
EN300-362986,OC(c1cncc(Br)c1)C(F)(F)F,,290078,
EN300-77460,O=C(O)[C@@H]1C[C@H]2CC[C@@H]1O2,,290235,
EN300-9464456,COc1cccc2c1CCCC2(O)CN,,290284,
EN300-27777603,O=C(O)[C@H]1C[C@H]2C[C@@H]1CO2,,290234,
EN300-1228565,COc1ccc2c(c1)CCCC2(O)CN,,290285,
EN300-124400,COc1ccc2c(c1)C(O)(CN)CCC2.Cl,,290286,
EN300-303545,CC(CC(=O)O)C1CCCO1,,290237,
EN300-226468,O=C(O)C1(Cl)CC2CCC1O2,,290236,
EN300-300587,CC(CC1CCCO1)C(=O)O,,290239,
EN300-736819,O=C(O)C1CC2CCC(C1)O2,,290246,
EN300-24201793,O=C(O)C1CC2CC(=O)C1O2,,290247,
EN300-91814,CC1CCC(CCC(=O)O)O1,,290238,
EN300-26977835,C[C@]12C[C@@H](CO1)[C@H](C(=O)O)C2,,290240,
EN300-6482359,C[C@@]1(C(=O)O)C[C@@H]2CC[C@H]1O2,,290243,
EN300-373400,O=C(O)[C@@H]1C[C@@H]2O[C@H]1[C@H]1C[C@H]12,,290248,
EN300-805027,O=C(O)[C@@H]1C[C@H]1C1CCCO1,,290241,
EN300-250505,O=C(O)CC1CC2CCC1O2,,290242,
EN300-1724117,O=C(O)C1CC2(CCCO2)C1,,290244,
EN300-26277046,O=C(O)C12CC3OC1C2C3O,,290249,
EN300-6823257,O=C(O)CC1CC2COC1C2,,290245,
EN300-374314,CC1(C)COC(CCC(=O)O)C1,,290250,
EN300-1247760,CC(C)(CC1CCCO1)C(=O)O,,290253,
EN300-1949344,O=C(O)C(F)(F)CC1CCCO1,,290251,
EN300-6764836,O=C(O)C1CC2OC1C(O)C2O,,290257,
EN300-3029102,CC1CCC(C2CC2C(=O)O)O1,,290256,
EN300-45792443,O=C(O)[C@H]1[C@H]2CC[C@H](O2)C1(F)F,,290258,
EN300-47305717,CC1(C(=O)O)CC2(CCCO2)C1,,290254,
EN300-7563640,CC12CCC(C)(O1)C(C(=O)O)C2,,290259,
EN300-367172,O=C(O)C1CC2OC1C1C2C1(F)F,,290263,
EN300-37341145,O=C(O)C1C2CCC(O2)C1C(F)F,,290264,
EN300-52417427,CC1(C)COC(C)(CCC(=O)O)C1,,290262,
EN300-310745,O=C(O)[C@H]1[C@H]2C(=O)OC[C@]23CC[C@H]1O3,,290266,
EN300-366784,COC(=O)CC[C@H]1CC[C@@H](C(=O)O)O1,,290269,
EN300-245795,O=C(O)C1CCCCC1C1CCCO1,,290270,
EN300-136226,O=C(O)C1C2CCC(O2)C1C(F)(F)F,,290271,
EN300-264040,O=C(O)C(CC1CCCO1)C(F)(F)F,,290267,
EN300-269789,O=C(O)CCC1CCC(C2OCCO2)O1,,290272,
EN300-333394,CC(C)(C)OC(=O)CCC1CC(C(=O)O)CO1,,290273,
EN300-634607,CC(C)(C)OC(=O)NC(CC1CCCO1)C(=O)O,,290275,
EN300-107565,O=C(O)C(Cc1cccc(Br)c1)CC1CCCO1,,290274,
EN300-1478705,CC(C)(C)OC(=O)N1[C@@H](C(=O)O)C[C@H]2OCC[C@H]21,,290277,
EN300-6505092,O=C(O)CCC1CCCC(=O)N1,,285137,
EN300-1168894,N#CCN(CC#N)c1ccc(N)cc1,,290431,
EN300-51817218,Cl.O=C(O)[C@H]1CCN2CCCC[C@H]2C1,,290430,
EN300-1241131,Cc1ccc(C2CCN2)cc1,,290452,
EN300-8637619,O=C(O)C1CC(=O)N2CCCCC2C1,,290440,
EN300-1664793,Cc1cccc(C2NCC2C)c1,,290461,
EN300-1868722,Cc1cccc(C)c1C1CCN1,,290468,
EN300-1247045,Cc1ccc(C2NCC2C)cc1,,290463,
EN300-878259,O=C(O)CCCN1CCCCC1=O,,290438,
EN300-172650,COc1cccc(C2CCN2)c1,,290458,
EN300-27748605,CN1C[C@@H](N)[C@H]1c1ccccc1,,290476,
EN300-7550650,COc1cc(C2CCN2)ccc1Br.Cl,,290474,
EN300-3243498,Brc1ccc(C2NCC23CCC3)cc1,,290479,
EN300-135594,CC(C)(C)OC(=O)NC1CCN(CCCC(=O)O)CC1,,290444,
EN300-196189,CC(Br)C(=O)C1=CC=CO1,,285167,
EN300-03529,Cn1c(S)nnc1-c1ccncc1,,290787,
EN300-13628,Sc1nnc(-c2ccncc2)n1C1CC1,,290791,
EN300-110628,C=C(C)Cn1c(S)nnc1-c1ccncc1,,290794,
EN300-08326,Sc1nnc(-c2ccncc2)n1Cc1ccco1,,290797,
EN300-05570,Sc1nnc(-c2ccncc2)n1Cc1ccccc1,,290803,
EN300-8190840,O=C(O)c1cc2n(c(=O)c1)CCS2,,290835,
EN300-6970573,NC1(CF)COC1,,290847,
EN300-126476,COCC(N)C#N.Cl,,290857,
EN300-7133702,CC(N)C1CCO1,,290869,
EN300-26532502,Cl.NC1CC2CCC1O2,,290890,
EN300-252177,CC[C@@H]1OCC[C@H]1N,,290892,
EN300-244939,C=C[C@@H]1OCC[C@H]1N.Cl,,290894,
EN300-331505,COCC(C)(N)CO.Cl,,290908,
EN300-54915,CCOCC(C)N,,285764,
EN300-127705,CC(C)(C)Sc1cc(C(=O)O)ccn1,,290836,
EN300-399812,NC1COC2(CC2)C1,,290918,
EN300-140504,C=CC(N)COC,,290883,
EN300-295875,CC(N)C1CCCO1.Cl,,290924,
EN300-216145,COC(=O)[C@@H](N)CCl.Cl,,290900,
EN300-219239,CCOC[C@@H](N)CO.Cl,,290897,
EN300-34175,COC(=O)C(N)CS,,290889,
EN300-74110,O=C(O)c1ccnc(SCC(F)(F)F)c1,,290837,
EN300-70821,COCC(C)(C)N.Cl,,290862,
EN300-191927,COCC(N)CO.Cl,,290886,
EN300-7431966,COC[C@@H](N)CF.Cl,,290852,
EN300-71341,COC(=O)[C@@H](N)CO.Cl,,290906,
EN300-57781,COC(=O)C(C)(C)N,,290905,
EN300-53344,O=C(O)c1ccnc(SCc2ccccc2)c1,,290838,
EN300-197182,CC1(N)COC1,,290841,
EN300-45157183,CC(Sc1ccc(Br)c(Br)n1)C(=O)O,,290407,
EN300-395313,COC(=O)[C@H]1CCCN1.Cl,,291303,
EN300-46760729,COCC12CCC(CC1)N2.Cl,,291328,
EN300-46674129,COC[C@@H]1CC(C)(C)CN1.Cl,,291331,
EN300-26982437,COC[C@H]1NC[C@H](O)[C@@H]1O.Cl,,291332,
EN300-52267483,COC[C@H]1CC[C@@H](COC)N1.Cl,,291372,
EN300-123323,CCOC(=O)C12CC1CCN2.Cl,,291375,
EN300-19576842,COC(=O)C1CCC2(CCC2)N1,,291388,
EN300-52654846,C#CC12CCC(C(=O)OC)(CC1)N2.Cl,,291437,
EN300-46898463,COCC12CCC(C(=O)OC)(CC1)N2.Cl,,291460,
EN300-52014978,COC(=O)C12CCC(C(F)F)(CC1)N2.Cl,,291463,
EN300-305611,O=C(O)CC1NC(=O)c2ccccc21,,291869,
EN300-37391511,Cl.Cl.NC1CCCN2CCOCC12,,291873,
EN300-7463667,COC(=O)CN1CCCC(N)C1.Cl.Cl,,291875,
EN300-9429726,CN1C(=O)c2ccccc2C1CC(=O)O,,291870,
EN300-205540,NC1CCCN(CCOC2CCCCO2)C1,,291878,
EN300-45761572,CN1C(=O)[C@@H](F)C[C@H]1C(=O)O,,291909,
EN300-33328514,OCC1(n2cccn2)CC1,,291921,
EN300-718785,CCN1C(=O)CCC1C(=O)O,,291910,
EN300-28246917,CC(C)(CO)n1cc(I)cn1,,291922,
EN300-2554443,CCCN1C(=O)CCC1C(=O)O,,291912,
EN300-366499,CC(C)N1C(=O)CC[C@H]1C(=O)O,,291914,
EN300-3044054,O=C(O)C1CCC(=O)N1C1CC1,,291913,
EN300-1719124,OCC1(n2cc(Br)cn2)CC1,,291923,
EN300-26979495,Cl.Cl.OCC1(n2cccn2)CNC1,,291924,
EN300-7536978,COC(=O)[C@@H]1CC(=O)N(C)[C@H]1C(=O)O,,291917,
EN300-29993,CCNN.Cl.Cl,,292126,
EN300-6490339,COC(=O)c1cc(C2CC2)ncc1Br,,292524,
EN300-1704857,Cl.Cl.NNCCF,,292128,
EN300-260632,C#CCNN.Cl,,292131,
EN300-40989,CCCNN.Cl.Cl,,292132,
EN300-124536,CC(C)CNN.Cl.Cl,,292136,
EN300-131120,Cl.NNCC(=O)O,,292140,
EN300-169986,Cl.NNCC(F)F,,292142,
EN300-29516,Cl.Cl.NNCC1CC1,,292143,
EN300-1251920,CSCCNN,,292145,
EN300-207054,C=C(C)CNN,,292146,
EN300-208494,CC(O)CNN,,292147,
EN300-52487413,CC#CCNN.Cl.Cl,,292148,
EN300-6489266,CCCCNN.Cl.Cl,,292150,
EN300-22299,N#CCCNN,,292153,
EN300-2009507,Cl.Cl.NNC1CSC1,,292156,
EN300-20868752,C#CCCNN.Cl.Cl,,292158,
EN300-27752342,C=CCCNN.Cl.Cl,,292159,
EN300-28311858,C=CC(C)NN.Cl.Cl,,292160,
EN300-70434,Cl.Cl.NNCCCO,,292161,
EN300-43773,COCCNN.Cl.Cl,,292162,
EN300-78191,CCC(CC)NN.Cl.Cl,,292166,
EN300-42568,C1CN2CCC1N2.Cl.Cl,,292168,
EN300-41270,CC(C)C(C)NN.Cl.Cl,,292169,
EN300-36530,CC(C#N)CNN,,292170,
EN300-120294,CSCC(=O)NN,,292171,
EN300-124589,CN1CCC(N)=N1.Cl,,292172,
EN300-37536,CC(C)CCNN.Cl.Cl,,292173,
EN300-127123,COCC(C)NN.Cl,,292174,
EN300-66385,Cl.Cl.NNCC(F)(F)F,,292176,
EN300-31485,CN(C)CCNN.Cl.Cl.Cl,,292177,
EN300-43718,CC(NN)C1CC1.Cl.Cl,,292179,
EN300-119939,CCCCCNN.Cl.Cl,,292180,
EN300-212203,Cl.Cl.NNC1CCSC1,,292181,
EN300-103804,NNc1nnc[nH]1,,292182,
EN300-210972,CC(CO)CNN.Cl.Cl,,292183,
EN300-260585,CCC(O)CNN.Cl.Cl,,292185,
EN300-1068236,Cl.Cl.NNCC1CCC1,,292187,
EN300-34985,Cl.Cl.NNC1CCCC1,,292188,
EN300-16236,CC1=NNC(=O)C1,,292189,
EN300-685069,CCC1CC=NN1,,292190,
EN300-112583,Cl.Cl.NNC1CCOC1,,292193,
EN300-216066,CCOCCNN.Cl.Cl,,292194,
EN300-7587663,C[C@H](NN)C(=O)O.Cl,,292196,
EN300-245160,Cl.NNc1nncs1,,292197,
EN300-6473620,Cl.Cl.NNc1ncns1,,292198,
EN300-29517,CC(C)(C)CNN.Cl.Cl,,292199,
EN300-1818630,CC1(NN)COC1,,292201,
EN300-191301,COCCCNN.Cl.Cl,,292203,
EN300-52703310,Cl.Cl.NNCC1COC1,,292204,
EN300-52516379,Cl.Cl.NNc1cccs1,,292205,
EN300-19458681,CCC(C)(C)NN.Cl.Cl,,292206,
EN300-54653,CC1CC1CNN.Cl.Cl,,292208,
EN300-28254446,C#CCCCNN.Cl.Cl,,292209,
EN300-262966,CC(C)(F)CNN.Cl.Cl,,292210,
EN300-171707,CC(NN)C(F)F.Cl,,292211,
EN300-27716264,CN(CCN)N=O,,292212,
EN300-6495052,Cl.NNC1=NCCC1,,292213,
EN300-27146560,CC(F)(F)CNN.Cl,,292214,
EN300-3428696,CNn1cccc1,,292215,
EN300-3432007,CN1CCC(=O)N1,,292218,
EN300-6482857,Br.NNC1=NCCS1,,285612,
EN300-313282,CC(C)(O)CNN.Cl,,292219,
EN300-52118186,CC1(NN)CCC1.Cl.Cl,,292222,
EN300-261457,Cl.Cl.NNC12CC(C1)C2,,292223,
EN300-47309636,CC1(C)CC1NN.Cl,,292224,
EN300-46842040,Cl.NNC1CC1(F)F,,292225,
EN300-46982032,CCCC(C)NN.Cl,,292226,
EN300-45613473,CC(C)(CO)NN.Cl.Cl,,292227,
EN300-27717740,Cl.Cl.NNCCC1CC1,,292228,
EN300-102191,CCC(CF)NN.Cl.Cl,,292229,
EN300-39873991,Cl.Cl.NNCCC(F)F,,292230,
EN300-56337,CC(CC#N)NN,,292232,
EN300-155827,NNCCCCO,,292233,
EN300-28339182,CC1OCCC1NN.Cl,,292235,
EN300-345875,CC1(C)CC1CNN.Cl,,292236,
EN300-223555,Cl.Cl.Cn1nncc1NN,,292237,
EN300-41077,CC1=NNC(=O)CC1,,292238,
EN300-60689,Cl.Cl.NNCC1CCOC1,,292242,
EN300-41680,Cl.NNCC1CCCC1,,292243,
EN300-54308,Cl.Cl.NNCC1CCCO1,,292244,
EN300-78075,NNCCS(N)(=O)=O,,292247,
EN300-125010,CC1CC(N)=NN1C.Cl,,292251,
EN300-76287,CS(=O)(=O)CCNN,,292252,
EN300-30894,NNc1cnccn1,,292253,
EN300-30892,NNc1ncccn1,,292254,
EN300-170570,Cl.Cl.Cn1cc(NN)cn1,,292256,
EN300-174620,Cl.Cl.NNCc1ccsc1,,292257,
EN300-175287,Cl.Cl.Cn1ccc(NN)n1,,292258,
EN300-198775,CC(C)(O)CCNN,,292259,
EN300-195577,CC(C)(CO)CNN.Cl,,292260,
EN300-210163,CN(C)CCCNN.Cl.Cl,,292262,
EN300-216443,Cl.Cl.NNCC1CCSC1,,292263,
EN300-233354,Cl.NNc1ccncn1,,292264,
EN300-152945,CCC(CC)CNN.Cl.Cl,,292265,
EN300-131364,CC(C)(C)CCNN.Cl,,292268,
EN300-156230,Cl.Cl.NNC1CCCOC1,,292269,
EN300-260615,CC(NN)C(F)(F)F.Cl,,292270,
EN300-262829,CC1(CNN)CCC1.Cl.Cl,,292271,
EN300-225276,Cl.NNCc1cccs1,,292272,
EN300-35986,Cn1cnnc1NN.I,,292273,
EN300-383863,Cl.Cl.NNC1CCCSC1,,292275,
EN300-206338,Cl.Cl.NNc1cncnc1,,292276,
EN300-66359,CN1N=C(N)CC1=O,,292277,
EN300-1179962,Cl.Cl.NN[C@@H]1COC[C@H]1O,,292278,
EN300-1073088,CC1CC(CNN)C1.Cl,,292279,
EN300-106393,Cl.NNC1CCOCC1,,292280,
EN300-81014,Cl.NNc1cccnn1,,292281,
EN300-304888,CCOC(=O)CNN.Cl.Cl,,292282,
EN300-215786,Cl.Cl.Cn1ncnc1NN,,292284,
EN300-6494475,CNN1CCOCC1.Cl,,292286,
EN300-6494826,CNN1CCCCC1.Cl,,292287,
EN300-7352088,Cl.Cl.NNc1ccnnc1,,292289,
EN300-685071,CC(C)C1CC=NN1,,292291,
EN300-191485,Cl.Cl.NNCCC(F)(F)F,,292293,
EN300-7587645,NNc1nncnn1,,292294,
EN300-6733915,CC(CNN)C1CC1.Cl.Cl,,292295,
EN300-22133854,Cl.Cl.NNC1CC(F)(F)C1,,292296,
EN300-20987520,O=[N+]([O-])NCCCO,,292297,
EN300-177808,CC(CC(=O)O)NN.Cl.Cl,,292298,
EN300-27151210,Cc1ncc(NN)s1.Cl.Cl,,292299,
EN300-27114519,CC1CCC(NN)C1.Cl.Cl,,292300,
EN300-7537174,Cl.Cl.NNCCCC(F)F,,292301,
EN300-7606184,CC(C)(NN)C(=O)O.Cl,,292302,
EN300-260599,CC(NN)C(C)(C)C.Cl.Cl,,292305,
EN300-126918,CC(C)OCCNN.Cl.Cl,,292306,
EN300-27100572,Cl.NNC1CS(=O)(=O)C1,,292307,
,,,292308,
EN300-139142,NCCc1cccc2cc[nH]c12,,,97926
EN300-298326,Cl.Cl.NC(Cc1cc[nH]n1)C(=O)O,,,97927
EN300-215275,NCCn1cc(Cl)cn1,,,97699
EN300-130429,O=Cc1cc(-n2ccnc2)cs1,,,97874
EN300-128672,Nc1ccc2nscc2c1,,,97875
EN300-26869898,O=C1N[C@H](C(=O)O)Cc2[nH]ncc21,,,98110
EN300-46781833,COC(=O)[C@H](N)Cc1cc[nH]n1.Cl.Cl,,,98111
EN300-96546,Cc1ccc2[nH]cc(CCC(=O)O)c2c1,,,98115
EN300-762683,Cc1nn(CCN)cc1Cl.Cl,,,98182
EN300-1966289,O=C(O)CCc1c[nH]c2cc(Cl)ccc12,,,98118
EN300-83700,CC(CC(=O)O)c1c[nH]c2ccccc12,,,98121
EN300-6733867,Cc1c(Cl)cnn1CCN.Cl.Cl,,,98183
EN300-96238,Cc1ccc2c(CCC(=O)O)c[nH]c2c1,,,98123
EN300-97627,Cc1cccc2[nH]cc(CCC(=O)O)c12,,,98122
EN300-10841271,COc1ccc2c(CCC(=O)O)c[nH]c2c1,,,98124
EN300-229130,Cc1nn(CCN)c(C)c1Cl,,,98186
EN300-6737921,Cl.O=C(O)C1Cc2c([nH]c3ccccc23)C=N1,,,98119
EN300-84531,Cc1cccc2c(CCC(=O)O)c[nH]c12,,,98116
EN300-231897,CCC(CN)n1cc(Cl)cn1,,,98187
EN300-73136,Cc1[nH]c2ccccc2c1CCC(=O)O,,,98113
EN300-229509,CC(C(=O)NN)n1cc(Cl)cn1,,,98191
EN300-229525,NNC(=O)Cn1cc(Cl)cn1,,,98188
EN300-10840426,CCC(CC(=O)O)c1c[nH]c2ccccc12,,,98120
EN300-105320,Cn1cc(CCC(=O)O)c2ccccc21,,,98114
EN300-651514,CCC(CN)n1nc(C)c(Cl)c1Cl.Cl,,,98194
EN300-229502,CCC(C(=O)NN)n1cc(Cl)cn1,,,98195
EN300-229780,NCCn1cc(Cl)c(C(F)(F)F)n1,,,98198
EN300-228377,Cc1nn(CC(=O)NN)cc1Cl,,,98192
EN300-52201838,CC(C)C(CC(=O)O)c1c[nH]c2c(Br)cccc12,,,98132
EN300-30807294,CC(C)C(CC(=O)O)c1c[nH]c2cc(Br)ccc12,,,98129
EN300-228391,Cc1nn(C(C)C(=O)NN)cc1Cl,,,98197
EN300-30807293,CC(C)C(CC(=O)O)c1c[nH]c2ccc(Br)cc12,,,98128
EN300-724916,Cc1[nH]c2ccccc2c1CC(F)(F)C(=O)O,,,98127
EN300-228284,Cc1nn(CC(=O)NN)c(C)c1Cl,,,98196
EN300-231892,Cc1nn(C(CN)C(C)C)c(C)c1Cl,,,98199
EN300-229511,Cc1nn(C(C)C(=O)NN)c(C)c1Cl,,,98200
EN300-1719832,CC(=O)N1Cc2[nH]c3ccccc3c2C[C@H]1C(=O)O,,,98130
EN300-51885503,CNC(=O)C(N)Cn1cc(Cl)cn1,,,98193
EN300-229916,NNC(=O)Cn1cc(Cl)c([N+](=O)[O-])n1,,,98201
EN300-229534,CCC(C(=O)NN)n1nc(C)c(Cl)c1C,,,98202
EN300-7455651,O=C(O)CC(O)(c1c[nH]c2ccccc12)C(F)(F)F,,,98137
EN300-376093,O=C(O)CCc1c(-c2ccccc2)[nH]c2ccccc12,,,98140
EN300-14379,Cc1ccc2[nH]c(-c3cccs3)c(CCC(=O)O)c2c1,,,98142
EN300-27081755,CN(C)S(=O)(=O)NC(Cc1c[nH]c2ccccc12)C(=O)O,,,98148
EN300-373939,O=C(O)CCc1c(-c2ccccc2)[nH]c2c(Br)cccc12,,,98147
EN300-13693,Cc1ccc2[nH]c(-c3ccc(Br)cc3)c(CCC(=O)O)c2c1,,,98159
EN300-1608366,Cl.Clc1cnn(C2CNC2)c1,,,98189
EN300-376098,O=C(O)CCc1c(-c2ccccc2)[nH]c2ccc(Cl)cc12,,,98150
EN300-65246,O=C(O)C(Cc1c[nH]c2ccccc12)N1C(=O)C=CC1=O,,,98151
EN300-228413,Cc1c(Cl)c(C(F)(F)F)nn1C(C)C(=O)NN,,,98205
EN300-376070,O=C(O)CCc1c(-c2ccc(F)cc2)[nH]c2c(F)cccc12,,,98157
EN300-229626,NNC(=O)Cn1nc(C(F)F)c(Cl)c1C1CC1,,,98204
EN300-228427,NNC(=O)Cn1nc(C(F)(F)F)c(Cl)c1C1CC1,,,98206
EN300-14776,COc1ccc(-c2[nH]c3ccccc3c2CCC(=O)O)cc1,,,98156
EN300-228405,Cc1c(Cl)c(C(F)(F)F)nn1CC(=O)NN,,,98203
EN300-376072,COc1ccc2[nH]c(-c3ccc(F)cc3)c(CCC(=O)O)c2c1,,,98160
EN300-376095,O=C(O)CCc1c(-c2ccccc2)[nH]c2c(F)cccc12,,,98149
EN300-10579,CC12CCC(=O)N1C(C(=O)O)Cc1c2[nH]c2ccccc12,,,98178
EN300-43237,Cc1ccc(C)n1C(Cc1c[nH]c2ccccc12)C(=O)O,,,98139
EN300-196367,CC(C)CC(=O)NC(Cc1c[nH]c2ccccc12)C(=O)O,,,98152
EN300-26578,O=C(O)CCc1c(-c2ccccc2)[nH]c2ccc(F)cc12,,,98155
EN300-114352,Nc1c(Cl)cnn1C1CCN(Cc2ccccc2)C1,,,98208
EN300-54683,COc1ccc(-c2[nH]c3ccccc3c2CCC(=O)O)c(OC)c1,,,98168
EN300-376092,O=C(O)CCc1c(-c2ccc(Cl)cc2)[nH]c2ccc(Cl)cc12,,,98164
EN300-52850,CC(C)(C)OC(=O)N[C@@H](Cc1c[nH]c2ccccc12)C(=O)O,,,98158
EN300-26515,COc1ccc(-c2[nH]c3ccc(F)cc3c2CCC(=O)O)cc1,,,98162
EN300-17991642,O=C(O)C(Cc1c[nH]c2ccccc12)NS(=O)(=O)c1cccs1,,,98171
EN300-129187,Nc1snc2ccc([N+](=O)[O-])cc12,,,99387
