smiles,template,compound_set,hit1
NC(=O)[C@H]1CCCN(C(=O)Cc2cccc3c2SCC3)C1,A5151a,openbind_a71ev2a_c2_elaborated_hits,A5151a
CNC(=O)c1cn(C)c2ccccc12,A0451a,openbind_a71ev2a_c2_elaborated_hits,A0451a
COc1ccc2sc(N)nc2c1,A0514a,openbind_a71ev2a_c2_elaborated_hits,A0514a
COc1ccc2sc(N)nc2c1,A0514b,openbind_a71ev2a_c2_elaborated_hits,A0514b
CCn1cc(C(=O)NCc2ccc(F)cc2)cn1,A0517a,openbind_a71ev2a_c2_elaborated_hits,A0517a
O=c1ccc(OC(F)F)c[nH]1,A0525a,openbind_a71ev2a_c2_elaborated_hits,A0525a
CN1CC[C@@H](Oc2cccc(F)c2)C1=O,A0528a,openbind_a71ev2a_c2_elaborated_hits,A0528a
CN1CC[C@@H](Oc2cccc(F)c2)C1=O,A0528b,openbind_a71ev2a_c2_elaborated_hits,A0528b
N#Cc1ccc(CNCc2ccc(F)cc2)cc1,A0540a,openbind_a71ev2a_c2_elaborated_hits,A0540a
CC(=O)Nc1cccc2cc[nH]c12,A0554b,openbind_a71ev2a_c2_elaborated_hits,A0554b
CC(=O)Nc1cccc2cc[nH]c12,A0554a,openbind_a71ev2a_c2_elaborated_hits,A0554a
Cn1cc(N)c(C(=O)NC2CCC2)n1,A0556a,openbind_a71ev2a_c2_elaborated_hits,A0556a
CNC(=O)c1cccc2cc[nH]c12,A0566a,openbind_a71ev2a_c2_elaborated_hits,A0566a
CN1CCCc2ccc(S(N)(=O)=O)cc21,A0586a,openbind_a71ev2a_c2_elaborated_hits,A0586a
O=C(N[C@@H]1CCCNC1)c1ccccc1,A0269a,openbind_a71ev2a_c2_elaborated_hits,A0269a
Cc1ccc(CC(=O)NC[C@@H]2CCCO2)cc1,A0608a,openbind_a71ev2a_c2_elaborated_hits,A0608a
O=C1CN(C(=O)COc2ccccc2)CCN1,A0152a,openbind_a71ev2a_c2_elaborated_hits,A0152a
O=C1CN(C(=O)COc2ccccc2)CCN1,A0152b,openbind_a71ev2a_c2_elaborated_hits,A0152b
Fc1ccccc1CNC1CCOCC1,A0194a,openbind_a71ev2a_c2_elaborated_hits,A0194a
Cc1ccc(CNC(=O)C2CCC2)cn1,A0237a,openbind_a71ev2a_c2_elaborated_hits,A0237a
CCC(=O)NCc1nnc2n1CCCC2,A0239a,openbind_a71ev2a_c2_elaborated_hits,A0239a
C[C@]1(NC(=O)C2CC2)CCS(=O)(=O)C1,A0354a,openbind_a71ev2a_c2_elaborated_hits,A0354a
COc1ccccc1NC(N)=S,A0375a,openbind_a71ev2a_c2_elaborated_hits,A0375a
COc1ccccc1NC(N)=S,A0375b,openbind_a71ev2a_c2_elaborated_hits,A0375b
COc1ccccc1NC(N)=S,A0375c,openbind_a71ev2a_c2_elaborated_hits,A0375c
COc1ccc([C@H](N)c2ccccc2)cc1,A0836a,openbind_a71ev2a_c2_elaborated_hits,A0836a
COc1ccc([C@H](N)c2ccccc2)cc1,A0836b,openbind_a71ev2a_c2_elaborated_hits,A0836b
O=C(NC1CC1)c1ccc2c(c1)OCO2,A0853a,openbind_a71ev2a_c2_elaborated_hits,A0853a
CCN(CC)C(=O)c1ccc(N)cc1,A0863a,openbind_a71ev2a_c2_elaborated_hits,A0863a
CC(=O)Nc1cccc(NC(N)=O)c1,A0884a,openbind_a71ev2a_c2_elaborated_hits,A0884a
CN(C(=O)[C@H]1CCNC1)c1ccccc1,A0911a,openbind_a71ev2a_c2_elaborated_hits,A0911a
O=C(NC1CC1)c1ccccc1O,A1292a,openbind_a71ev2a_c2_elaborated_hits,A1292a
Cc1nn(C)c(C)c1CC(=O)N[C@@H](CNC(=O)CCl)c1ccc2ccccc2c1,A1346a,openbind_a71ev2a_c2_elaborated_hits,A1346a
CCOc1ccc(C(=O)CC)cc1,A1775a,openbind_a71ev2a_c2_elaborated_hits,A1775a
Cn1nc(C(=O)NC[C@@H]2Cc3ccccc3CN2)c2ccccc21,A2293a,openbind_a71ev2a_c2_elaborated_hits,A2293a
Cn1nc(C(=O)Nc2cn[nH]c2)c2ccccc21,A2304a,openbind_a71ev2a_c2_elaborated_hits,A2304a
Cn1nc(C(=O)NC2CC2)c2cc(F)ccc21,A2339a,openbind_a71ev2a_c2_elaborated_hits,A2339a
CC(=O)Nc1cccc(NC(N)=O)c1,A2454a,openbind_a71ev2a_c2_elaborated_hits,A2454a
Cn1nc(C(=O)NCCc2cocn2)c2ccccc21,A2846a,openbind_a71ev2a_c2_elaborated_hits,A2846a
Cn1nc(C(=O)NCc2c[nH]cn2)c2ccccc21,A2972a,openbind_a71ev2a_c2_elaborated_hits,A2972a
CNC(=O)c1cn(C)c2ccccc12,A3066a,openbind_a71ev2a_c2_elaborated_hits,A3066a
Cc1cc(CNC(=O)c2cn(C)c3ccccc23)on1,A3175a,openbind_a71ev2a_c2_elaborated_hits,A3175a
COC[C@H](C)NC(=O)c1nn(C)c2ccccc12,A3176a,openbind_a71ev2a_c2_elaborated_hits,A3176a
Cn1nc(C(=O)NCCn2cncn2)c2ccccc21,A3181a,openbind_a71ev2a_c2_elaborated_hits,A3181a
Cn1nc(C(=O)NCCn2cncn2)c2ccccc21,A3181b,openbind_a71ev2a_c2_elaborated_hits,A3181b
Cn1cc2c(CC(=O)N3CCC[C@H](C(N)=O)C3)cccc2n1,A3188a,openbind_a71ev2a_c2_elaborated_hits,A3188a
Cn1cc2c(CC(=O)N3CCC[C@H](C(N)=O)C3)cccc2n1,A3189a,openbind_a71ev2a_c2_elaborated_hits,A3189a
NC(=O)[C@H]1CCCN(C(=O)Cc2cccc3occc23)C1,A3191a,openbind_a71ev2a_c2_elaborated_hits,A3191a
COc1ncccc1CC(=O)N1CCC[C@H](C(N)=O)C1,A3201a,openbind_a71ev2a_c2_elaborated_hits,A3201a
NC(=O)[C@H]1CCCN(C(=O)Cc2ccnc(N)c2)C1,A3207a,openbind_a71ev2a_c2_elaborated_hits,A3207a
NC(=O)[C@H]1CCCN(C(=O)Cc2cc(C(F)(F)F)ccc2Cl)C1,A3208a,openbind_a71ev2a_c2_elaborated_hits,A3208a
NC(=O)[C@H]1CCCN(C(=O)Cc2cccc3cn[nH]c23)C1,A3210a,openbind_a71ev2a_c2_elaborated_hits,A3210a
COc1ccncc1CC(=O)N1CCC[C@H](C(N)=O)C1,A3229a,openbind_a71ev2a_c2_elaborated_hits,A3229a
Cn1nc(C(=O)NCC(F)(F)c2ccccn2)c2ccccc21,A3280a,openbind_a71ev2a_c2_elaborated_hits,A3280a
Cn1nc(C(=O)NCCc2cscn2)c2ccccc21,A3306a,openbind_a71ev2a_c2_elaborated_hits,A3306a
COc1ccccc1CC(=O)N1CC[C@H](C(N)=O)C1,A3581a,openbind_a71ev2a_c2_elaborated_hits,A3581a
Cn1cnc(CCNC(=O)c2nn(C)c3ccccc23)c1,A3371a,openbind_a71ev2a_c2_elaborated_hits,A3371a
C[C@@H](Cc1cocn1)NC(=O)c1nn(C)c2ccccc12,A3379a,openbind_a71ev2a_c2_elaborated_hits,A3379a
Cn1cc2cccc(NC(=O)Cc3cocn3)c2n1,A3403a,openbind_a71ev2a_c2_elaborated_hits,A3403a
Cc1nn(C)c2cc(C(=O)NCCc3cocn3)ccc12,A3410a,openbind_a71ev2a_c2_elaborated_hits,A3410a
Cn1nc(C(=O)NCCc2cocn2)c2ccccc2c1=O,A3419a,openbind_a71ev2a_c2_elaborated_hits,A3419a
O=C(NCCc1cocn1)c1ccccc1,A3435a,openbind_a71ev2a_c2_elaborated_hits,A3435a
Cn1ncc(C(=O)NCCc2cocn2)n1,A3436a,openbind_a71ev2a_c2_elaborated_hits,A3436a
C[C@@H](Cc1cocn1)NC(=O)c1nn(C)c2ccccc12,A3593a,openbind_a71ev2a_c2_elaborated_hits,A3593a
Cn1ncc(-c2cc(Cl)cc(Cl)c2)c1CC(=O)N1CCC[C@H](C(N)=O)C1,A3606a,openbind_a71ev2a_c2_elaborated_hits,A3606a
N#C[C@H]1C[C@@H](NC(=O)C2(c3ccc(Cl)cc3Cl)CCOCC2)C1,A3521a,openbind_a71ev2a_c2_elaborated_hits,A3521a
N#C[C@H]1C[C@H](NC(=O)C2(c3ccc(Cl)cc3Cl)CCOCC2)C1,A3521b,openbind_a71ev2a_c2_elaborated_hits,A3521b
COc1ccncc1CC(=O)N1CCC[C@H](C(N)=O)C1,A3548a,openbind_a71ev2a_c2_elaborated_hits,A3548a
Cn1cc2c(CC(=O)N3CC[C@H](C(N)=O)C3)cccc2n1,A3556a,openbind_a71ev2a_c2_elaborated_hits,A3556a
COc1ccccc1CC(=O)N1CCCC[C@H](C(N)=O)C1,A3571a,openbind_a71ev2a_c2_elaborated_hits,A3571a
COc1ccccc1CC(=O)N1CCCC[C@H](C(N)=O)C1,A3571b,openbind_a71ev2a_c2_elaborated_hits,A3571b
COc1c(C#N)cccc1CC(=O)N1CCC[C@H](C(N)=O)C1,A3575a,openbind_a71ev2a_c2_elaborated_hits,A3575a
COc1ncccc1CC(=O)N1CCC[C@@H](C(N)=O)C1,A3849a,openbind_a71ev2a_c2_elaborated_hits,A3849a
COc1cccc(Cl)c1CC(=O)N1CCC[C@@H](C(N)=O)C1,A3858a,openbind_a71ev2a_c2_elaborated_hits,A3858a
COc1cccc(Cl)c1CC(=O)N1CCC[C@@H](C(N)=O)C1,A3858b,openbind_a71ev2a_c2_elaborated_hits,A3858b
COc1ncccc1CC(=O)N1CCC[C@@H](C(N)=O)C1,A3869a,openbind_a71ev2a_c2_elaborated_hits,A3869a
COc1ccccc1[C@H](OC)C(=O)N1CCC[C@H](C(N)=O)C1,A3883a,openbind_a71ev2a_c2_elaborated_hits,A3883a
COc1ccncc1CC(=O)N1CCC[C@@H](C(N)=O)C1,A3897a,openbind_a71ev2a_c2_elaborated_hits,A3897a
COc1ccccc1CC(=O)N1CCN[C@H](C(N)=O)C1,A3901a,openbind_a71ev2a_c2_elaborated_hits,A3901a
Cn1cc2c(CC(=O)N3CCC[C@H](C(N)=O)C3)cccc2n1,A3914a,openbind_a71ev2a_c2_elaborated_hits,A3914a
COc1ncccc1CC(=O)N1CCC[C@H](C(N)=O)C1,A3920a,openbind_a71ev2a_c2_elaborated_hits,A3920a
COC[C@]1(C(=O)N2CCC[C@H](C(N)=O)C2)CCCCO1,A3936a,openbind_a71ev2a_c2_elaborated_hits,A3936a
COc1ccc(Cl)cc1CC(=O)N1CCC[C@H](C(N)=O)C1,A3940a,openbind_a71ev2a_c2_elaborated_hits,A3940a
COc1cccc(Cl)c1CC(=O)N1CCC[C@H](C(N)=O)C1,A3942a,openbind_a71ev2a_c2_elaborated_hits,A3942a
CCN(CC1CC1)C(=O)c1cccc(CC(=O)N2CCC[C@H](C(N)=O)C2)c1,A3944a,openbind_a71ev2a_c2_elaborated_hits,A3944a
COc1ccc2c(n1)[C@@H](C(=O)N1CCC[C@H](C(N)=O)C1)CC2,A3954a,openbind_a71ev2a_c2_elaborated_hits,A3954a
NC(=O)[C@H]1CCCN(C(=O)Cc2cccnc2N)C1,A3963a,openbind_a71ev2a_c2_elaborated_hits,A3963a
NC(=O)[C@H]1CCCN(C(=O)Cc2cccnc2N)C1,A3963b,openbind_a71ev2a_c2_elaborated_hits,A3963b
NC(=O)[C@H]1CCCN(C(=O)[C@H](OCC2CCCC2)c2ccccc2)C1,A3968a,openbind_a71ev2a_c2_elaborated_hits,A3968a
NC(=O)[C@H]1CCCN(C(=O)[C@@H](CN2CCCC2)c2ccccc2)C1,A3975a,openbind_a71ev2a_c2_elaborated_hits,A3975a
NC(=O)[C@H]1CCCN(C(=O)[C@@H](Sc2ccccc2)c2ccccc2)C1,A3986a,openbind_a71ev2a_c2_elaborated_hits,A3986a
NC(=O)[C@H]1CCCN(C(=O)[C@@H](Sc2ccccc2)c2ccccc2)C1,A3986b,openbind_a71ev2a_c2_elaborated_hits,A3986b
NC(=O)[C@H]1CCN(C(=O)Cc2cc(C(F)(F)F)ccc2Cl)C1,A3989a,openbind_a71ev2a_c2_elaborated_hits,A3989a
COc1ccccc1CC(=O)N1C[C@H](C(N)=O)[C@@H](C(F)(F)F)C1,A3990a,openbind_a71ev2a_c2_elaborated_hits,A3990a
COc1ccc(C(F)(F)F)cc1CC(=O)N1CCC[C@H](C(N)=O)C1,A4028a,openbind_a71ev2a_c2_elaborated_hits,A4028a
NC(=O)[C@H]1CCCN(C(=O)[C@H]2CCc3cccc(Br)c32)C1,A4202a,openbind_a71ev2a_c2_elaborated_hits,A4202a
NC(=O)[C@H]1CCCN(C(=O)[C@H]2CCc3cccc(Br)c32)C1,A4202b,openbind_a71ev2a_c2_elaborated_hits,A4202b
CSc1c(Br)cccc1CC(=O)N1CCC[C@H](C(N)=O)C1,A4290a,openbind_a71ev2a_c2_elaborated_hits,A4290a
Cc1cc(C)c(CC(=O)N2CCC[C@H](C(N)=O)C2)c(=O)[nH]1,A4291a,openbind_a71ev2a_c2_elaborated_hits,A4291a
COc1ccccc1CC(=O)N1C[C@@H](C(N)=O)CC12CC2,A4317a,openbind_a71ev2a_c2_elaborated_hits,A4317a
NC(=O)[C@H]1CCCN(C(=O)Cc2ccccc2OC(F)F)C1,A4319a,openbind_a71ev2a_c2_elaborated_hits,A4319a
N#CCc1ccccc1CC(=O)N1CCC[C@H](C(N)=O)C1,A4321a,openbind_a71ev2a_c2_elaborated_hits,A4321a
N#CCc1ccccc1CC(=O)N1CCC[C@H](C(N)=O)C1,A4321b,openbind_a71ev2a_c2_elaborated_hits,A4321b
CCc1ccccc1CC(=O)N1CCC[C@H](C(N)=O)C1,A4331a,openbind_a71ev2a_c2_elaborated_hits,A4331a
CCc1ccccc1CC(=O)N1CCC[C@H](C(N)=O)C1,A4331b,openbind_a71ev2a_c2_elaborated_hits,A4331b
Cc1ncccc1CC(=O)N1CCC[C@H](C(N)=O)C1,A4333a,openbind_a71ev2a_c2_elaborated_hits,A4333a
CSc1cccc(CC(=O)N2CCC[C@H](C(N)=O)C2)c1,A4334a,openbind_a71ev2a_c2_elaborated_hits,A4334a
CSc1cccc(CC(=O)N2CCC[C@H](C(N)=O)C2)c1,A4334b,openbind_a71ev2a_c2_elaborated_hits,A4334b
NC(=O)[C@H]1CCCN(C(=O)Cc2cccc3sccc23)C1,A4341a,openbind_a71ev2a_c2_elaborated_hits,A4341a
NC(=O)[C@H]1CCCN(C(=O)Cc2ccnc(O)c2Br)C1,A4343a,openbind_a71ev2a_c2_elaborated_hits,A4343a
NC(=O)[C@H]1CCCN(C(=O)Cc2ccnc(O)c2Br)C1,A4343b,openbind_a71ev2a_c2_elaborated_hits,A4343b
NC(=O)[C@H]1CCCN(C(=O)Cc2cccc3c2CCC3)C1,A4344a,openbind_a71ev2a_c2_elaborated_hits,A4344a
COc1ncccc1CC(=O)N1CCC[C@H](C(N)=O)C1,A4347a,openbind_a71ev2a_c2_elaborated_hits,A4347a
Cc1cnccc1CC(=O)N1CCC[C@H](C(N)=O)C1,A4350a,openbind_a71ev2a_c2_elaborated_hits,A4350a
NC(=O)[C@H]1CCCN(C(=O)Cc2cccc3c2OCCO3)C1,A4365a,openbind_a71ev2a_c2_elaborated_hits,A4365a
NC(=O)[C@H]1CCCN(C(=O)Cc2cccc3c2OCCO3)C1,A4365b,openbind_a71ev2a_c2_elaborated_hits,A4365b
COCc1ccccc1CC(=O)N1CCC[C@H](C(N)=O)C1,A4368a,openbind_a71ev2a_c2_elaborated_hits,A4368a
NC(=O)[C@H]1CCCN(C(=O)Cc2cccnc2O)C1,A4372a,openbind_a71ev2a_c2_elaborated_hits,A4372a
NC(=O)[C@H]1CCCN(C(=O)Cc2cccc3c2OCO3)C1,A4373a,openbind_a71ev2a_c2_elaborated_hits,A4373a
NC(=O)[C@H]1CCCN(C(=O)Cc2cc(F)ccc2Cl)C1,A4380a,openbind_a71ev2a_c2_elaborated_hits,A4380a
NC(=O)[C@H]1CCCN(C(=O)Cc2cc(C(F)(F)F)ccc2C(F)(F)F)C1,A4381a,openbind_a71ev2a_c2_elaborated_hits,A4381a
COc1cc(Cl)ccc1CC(=O)N1CCC[C@H](C(N)=O)C1,A4203a,openbind_a71ev2a_c2_elaborated_hits,A4203a
COc1ccccc1[C@@H](NC(C)=O)C(=O)N1CCC[C@H](C(N)=O)C1,A4207a,openbind_a71ev2a_c2_elaborated_hits,A4207a
COc1ccccc1[C@@H](NC(C)=O)C(=O)N1CCC[C@H](C(N)=O)C1,A4207b,openbind_a71ev2a_c2_elaborated_hits,A4207b
COc1cccc(Cl)c1CC(=O)N1CCC[C@H](C(N)=O)C1,A4209a,openbind_a71ev2a_c2_elaborated_hits,A4209a
NC(=O)[C@H]1CCCN(C(=O)[C@@H](Cc2ccc(F)cc2)c2ccccc2)C1,A4237a,openbind_a71ev2a_c2_elaborated_hits,A4237a
NC(=O)[C@H]1CCCN(C(=O)[C@@H](Cc2ccc(F)cc2)c2ccccc2)C1,A4237b,openbind_a71ev2a_c2_elaborated_hits,A4237b
NC(=O)[C@H]1CCCN(C(=O)[C@H]2Cc3cccc(Cl)c32)C1,A4254a,openbind_a71ev2a_c2_elaborated_hits,A4254a
NC(=O)[C@H]1CCCN(C(=O)[C@H]2CCOc3ccc(Cl)cc32)C1,A4260a,openbind_a71ev2a_c2_elaborated_hits,A4260a
COc1cccnc1CC(=O)N1CCC[C@H](C(N)=O)C1,A4283a,openbind_a71ev2a_c2_elaborated_hits,A4283a
COc1cccnc1CC(=O)N1CCC[C@H](C(N)=O)C1,A4283b,openbind_a71ev2a_c2_elaborated_hits,A4283b
CSc1ccccc1CC(=O)N1CCC[C@H](C(N)=O)C1,A4386a,openbind_a71ev2a_c2_elaborated_hits,A4386a
Cc1cccc(N2CCCN(CCC(N)=O)C2=O)c1,A4402a,openbind_a71ev2a_c2_elaborated_hits,A4402a
COc1ccncc1CC(=O)N1CCC[C@H](CCO)C1,A4423a,openbind_a71ev2a_c2_elaborated_hits,A4423a
CSc1ccc(Br)cc1CC(=O)N1CCC[C@H](C(N)=O)C1,A4431a,openbind_a71ev2a_c2_elaborated_hits,A4431a
COc1ccccc1[C@H](C)C(=O)N1CCC[C@H](C(N)=O)C1,A4445a,openbind_a71ev2a_c2_elaborated_hits,A4445a
COc1ccccc1[C@H](C)C(=O)N1CCC[C@H](C(N)=O)C1,A4445b,openbind_a71ev2a_c2_elaborated_hits,A4445b
COc1ccccc1[C@H](NC(C)=O)C(=O)N1CCC[C@H](C(N)=O)C1,A4449a,openbind_a71ev2a_c2_elaborated_hits,A4449a
COc1ccccc1[C@H](NC(C)=O)C(=O)N1CCC[C@H](C(N)=O)C1,A4449b,openbind_a71ev2a_c2_elaborated_hits,A4449b
NC(=O)[C@H]1CCCN(C(=O)[C@H](c2ccccc2)n2cccn2)C1,A4451a,openbind_a71ev2a_c2_elaborated_hits,A4451a
NC(=O)[C@H]1CCCN(C(=O)[C@H](c2ccccc2)n2cccn2)C1,A4451b,openbind_a71ev2a_c2_elaborated_hits,A4451b
NC(=O)[C@H]1CCCN(C(=O)[C@H]2CCc3cccc(O)c32)C1,A4456a,openbind_a71ev2a_c2_elaborated_hits,A4456a
NC(=O)[C@H]1CCCN(C(=O)[C@H]2CCc3cccc(O)c32)C1,A4456b,openbind_a71ev2a_c2_elaborated_hits,A4456b
NC(=O)[C@H]1CCCN(C(=O)Cc2ccncc2Cl)C1,A4461a,openbind_a71ev2a_c2_elaborated_hits,A4461a
NC(=O)[C@H]1CCCN(C(=O)Cc2cccc3nsnc23)C1,A4463a,openbind_a71ev2a_c2_elaborated_hits,A4463a
NC(=O)[C@H]1CCCN(C(=O)C2(n3cccn3)CCCC2)C1,A4467a,openbind_a71ev2a_c2_elaborated_hits,A4467a
NC(=O)[C@H]1CCCN(C(=O)[C@H]2CCc3snnc32)C1,A4472a,openbind_a71ev2a_c2_elaborated_hits,A4472a
COc1ccccc1CC(=O)N1C[C@]2(C(N)=O)CC[C@H]1C2,A4476a,openbind_a71ev2a_c2_elaborated_hits,A4476a
NC(=O)[C@H]1CCCN(C(=O)Cc2cccnc2N)C1,A4489a,openbind_a71ev2a_c2_elaborated_hits,A4489a
NC(=O)[C@H]1CCCN(C(=O)Cc2cccnc2N)C1,A4489b,openbind_a71ev2a_c2_elaborated_hits,A4489b
C[C@@H](C(=O)N1CCC[C@H](C(N)=O)C1)c1noc2ccccc12,A4494a,openbind_a71ev2a_c2_elaborated_hits,A4494a
C[C@H](C(=O)N1CCC[C@H](C(N)=O)C1)c1cn(C)nc1C(F)(F)F,A4510a,openbind_a71ev2a_c2_elaborated_hits,A4510a
NC(=O)[C@H]1CCCN(C(=O)C2(c3ccoc3)CCC2)C1,A4514a,openbind_a71ev2a_c2_elaborated_hits,A4514a
C[C@H](C(=O)N1CCC[C@H](C(N)=O)C1)c1cccs1,A4526a,openbind_a71ev2a_c2_elaborated_hits,A4526a
NC(=O)[C@H]1CCCN(C(=O)CN2CCOc3ccc(Cl)cc32)C1,A4528a,openbind_a71ev2a_c2_elaborated_hits,A4528a
NC(=O)[C@H]1CCCN(C(=O)C(F)(F)c2cccc(F)c2Br)C1,A4538a,openbind_a71ev2a_c2_elaborated_hits,A4538a
CS(=O)(=O)c1ccc(Br)cc1CC(=O)N1CCC[C@H](C(N)=O)C1,A4544a,openbind_a71ev2a_c2_elaborated_hits,A4544a
COc1cccc(SC)c1NC(=O)N1CCC[C@H](C(N)=O)C1,A4554a,openbind_a71ev2a_c2_elaborated_hits,A4554a
Cc1ccc2c(ccn2CC(=O)N2CCC[C@H](C(N)=O)C2)c1,A4559a,openbind_a71ev2a_c2_elaborated_hits,A4559a
Cc1ccc2c(ccn2CC(=O)N2CCC[C@H](C(N)=O)C2)c1,A4559b,openbind_a71ev2a_c2_elaborated_hits,A4559b
C[C@H](C(=O)N1CCC[C@H](C(N)=O)C1)c1cn(C)nc1C(F)(F)F,A4571a,openbind_a71ev2a_c2_elaborated_hits,A4571a
NC(=O)[C@H]1CCCN(C(=O)C2(c3ccoc3)CCC2)C1,A4575a,openbind_a71ev2a_c2_elaborated_hits,A4575a
C[C@@H](C(=O)N1CCC[C@H](C(N)=O)C1)c1cccs1,A4586a,openbind_a71ev2a_c2_elaborated_hits,A4586a
NC(=O)[C@H]1CCCN(C(=O)[C@@H]2SCc3cccnc32)C1,A4606a,openbind_a71ev2a_c2_elaborated_hits,A4606a
NC(=O)[C@H]1CCCN(C(=O)[C@@H]2SCc3cccnc32)C1,A4606b,openbind_a71ev2a_c2_elaborated_hits,A4606b
Cn1cc2c(n1)CCC[C@@H]2C(=O)N1CCC[C@H](C(N)=O)C1,A4608a,openbind_a71ev2a_c2_elaborated_hits,A4608a
NC(=O)[C@H]1CCCN(C(=O)Cc2ccc(F)c(F)c2Br)C1,A4644a,openbind_a71ev2a_c2_elaborated_hits,A4644a
NC(=O)[C@H]1CCCN(C(=O)Cc2ccc(F)c(F)c2Br)C1,A4644b,openbind_a71ev2a_c2_elaborated_hits,A4644b
NC(=O)[C@H]1CCCN(C(=O)Cc2ccccc2C(F)(F)F)C1,A4650a,openbind_a71ev2a_c2_elaborated_hits,A4650a
NC(=O)[C@H]1CCCN(C(=O)Nc2cccc3c2S(=O)(=O)CCC3)C1,A4654a,openbind_a71ev2a_c2_elaborated_hits,A4654a
NC(=O)[C@H]1CCCN(C(=O)Cc2cc3c(cc2Cl)OCCO3)C1,A4669a,openbind_a71ev2a_c2_elaborated_hits,A4669a
NC(=O)[C@H]1CCCN(C(=O)Cc2cc3c(cc2Cl)OCCO3)C1,A4669b,openbind_a71ev2a_c2_elaborated_hits,A4669b
CSc1cccc(Br)c1CC(=O)N1CCC[C@H](C(N)=O)C1,A4670a,openbind_a71ev2a_c2_elaborated_hits,A4670a
NC(=O)[C@H]1CCCN(C(=O)Cc2cc3c(cc2Br)OCO3)C1,A4673a,openbind_a71ev2a_c2_elaborated_hits,A4673a
NC(=O)[C@H]1CCCN(C(=O)Cc2cc3c(cc2Br)OCO3)C1,A4673b,openbind_a71ev2a_c2_elaborated_hits,A4673b
NC(=O)[C@H]1CCCN(C(=O)CC2CSC2)C1,A4707a,openbind_a71ev2a_c2_elaborated_hits,A4707a
CSc1ccccc1CC(=O)N1CC(O)C1,A4715a,openbind_a71ev2a_c2_elaborated_hits,A4715a
CSc1ccccc1CC(=O)N1CCC[C@@H]1c1cnc[nH]1,A4735a,openbind_a71ev2a_c2_elaborated_hits,A4735a
CSc1ccccc1CC(=O)N1CC[C@@H]2[C@H](C1)[C@H]2C(N)=O,A4739a,openbind_a71ev2a_c2_elaborated_hits,A4739a
NC(=O)[C@H]1CCCN(C(=O)[C@@H]2CCSc3ccccc32)C1,A4742a,openbind_a71ev2a_c2_elaborated_hits,A4742a
NC(=O)[C@H]1CCCN(C(=O)[C@@H]2CCSc3ccccc32)C1,A4742b,openbind_a71ev2a_c2_elaborated_hits,A4742b
CSc1ccccc1CC(=O)N1CCc2nccc(O)c2C1,A4752a,openbind_a71ev2a_c2_elaborated_hits,A4752a
CSc1ccccc1CC(=O)N1CCc2nc[nH]c(=O)c2C1,A4771a,openbind_a71ev2a_c2_elaborated_hits,A4771a
COc1ccc(C(F)(F)F)cc1CC(=O)N1CCS[C@@H](C(N)=O)C1,A4777a,openbind_a71ev2a_c2_elaborated_hits,A4777a
COc1ccc(C(F)(F)F)cc1CC(=O)N1CCS[C@H](C(N)=O)C1,A4778a,openbind_a71ev2a_c2_elaborated_hits,A4778a
NC(=O)[C@H]1CCCN(C(=O)[C@H]2CSc3ccccc32)C1,A4806a,openbind_a71ev2a_c2_elaborated_hits,A4806a
NC(=O)[C@H]1CCCN(C(=O)[C@H]2CSc3ccccc32)C1,A4806b,openbind_a71ev2a_c2_elaborated_hits,A4806b
CSc1ccncc1CC(=O)N1CCC[C@H](C(N)=O)C1,A4827a,openbind_a71ev2a_c2_elaborated_hits,A4827a
CSc1ccncc1CC(=O)N1CCC[C@H](C(N)=O)C1,A4827b,openbind_a71ev2a_c2_elaborated_hits,A4827b
NC(=O)[C@H]1CCN(C(=O)Cc2cc(C(F)(F)F)ccc2Cl)C1,A4838a,openbind_a71ev2a_c2_elaborated_hits,A4838a
COc1cc(Br)c(CC(=O)N2CCC[C@H](C(N)=O)C2)cc1OC,A4845a,openbind_a71ev2a_c2_elaborated_hits,A4845a
CSc1ccc(Br)cc1CC(=O)N1CC[C@H](C(N)=O)C1,A4856a,openbind_a71ev2a_c2_elaborated_hits,A4856a
NC(=O)[C@H]1CCCN(C(=O)CN2CCOc3ccc(Cl)cc32)C1,A4872a,openbind_a71ev2a_c2_elaborated_hits,A4872a
NC(=O)[C@H]1CCCN(C(=O)[C@H]2SCCc3sccc32)C1,A4877a,openbind_a71ev2a_c2_elaborated_hits,A4877a
NC(=O)[C@H]1CCCN(C(=O)[C@H]2SCCc3sccc32)C1,A4877b,openbind_a71ev2a_c2_elaborated_hits,A4877b
NC(=O)[C@H]1CCCN(C(=O)Cc2cc(F)c(F)cc2Br)C1,A4882a,openbind_a71ev2a_c2_elaborated_hits,A4882a
NC(=O)[C@H]1CCCN(C(=O)Cc2cc(F)c(F)cc2Br)C1,A4882b,openbind_a71ev2a_c2_elaborated_hits,A4882b
CSc1ncccc1NC(=O)N1CCC[C@H](C(N)=O)C1,A4883a,openbind_a71ev2a_c2_elaborated_hits,A4883a
CSc1ncccc1NC(=O)N1CCC[C@H](C(N)=O)C1,A4883b,openbind_a71ev2a_c2_elaborated_hits,A4883b
CSc1ccccc1CC(=O)N1C[C@@H](C)C[C@H](C(N)=O)C1,A4885a,openbind_a71ev2a_c2_elaborated_hits,A4885a
CSc1ccccc1CC(=O)N1C[C@@H](C)C[C@H](C(N)=O)C1,A4885b,openbind_a71ev2a_c2_elaborated_hits,A4885b
C[C@H](C(=O)N1CCC[C@H](C(N)=O)C1)c1nc(F)ccc1Cl,A4895a,openbind_a71ev2a_c2_elaborated_hits,A4895a
C[C@H](C(=O)N1CCC[C@H](C(N)=O)C1)c1nc(F)ccc1Cl,A4895b,openbind_a71ev2a_c2_elaborated_hits,A4895b
COC[C@]12C[C@](C(N)=O)(CN1C(=O)Cc1ccccc1OC)C2,A4963a,openbind_a71ev2a_c2_elaborated_hits,A4963a
COC[C@]12C[C@](C(N)=O)(CN1C(=O)Cc1ccccc1OC)C2,A4963b,openbind_a71ev2a_c2_elaborated_hits,A4963b
CSc1ccc2ncccc2c1NC(=O)N1CCC[C@H](C(N)=O)C1,A4977a,openbind_a71ev2a_c2_elaborated_hits,A4977a
CSc1ccc2ncccc2c1NC(=O)N1CCC[C@H](C(N)=O)C1,A4977b,openbind_a71ev2a_c2_elaborated_hits,A4977b
CSc1cscc1CC(=O)N1CCC[C@H](C(N)=O)C1,A4935a,openbind_a71ev2a_c2_elaborated_hits,A4935a
NC(=O)[C@H]1CCCN(C(=O)[C@H]2CCSc3ccccc32)C1,A4943a,openbind_a71ev2a_c2_elaborated_hits,A4943a
NC(=O)[C@H]1CCCN(C(=O)[C@H]2CCSc3ccccc32)C1,A4943b,openbind_a71ev2a_c2_elaborated_hits,A4943b
CSc1ccccc1CC(=O)N1C[C@@H]2C[C@]2(C(N)=O)C1,A4947a,openbind_a71ev2a_c2_elaborated_hits,A4947a
NC(=O)[C@H]1CCCN(C(=O)Nc2ccccc2SC2CC2)C1,A4959a,openbind_a71ev2a_c2_elaborated_hits,A4959a
NC(=O)[C@H]1CCCN(C(=O)Nc2ccccc2SC2CC2)C1,A4959b,openbind_a71ev2a_c2_elaborated_hits,A4959b
Cn1cc(CC(=O)N2C[C@@H](C(N)=O)C[C@H]3C[C@H]32)cn1,A4992a,openbind_a71ev2a_c2_elaborated_hits,A4992a
C=Cc1cccc(CC(=O)N2CCC[C@H](C(N)=O)C2)n1,A5015a,openbind_a71ev2a_c2_elaborated_hits,A5015a
C=Cc1cccc(CC(=O)N2CCC[C@H](C(N)=O)C2)n1,A5015b,openbind_a71ev2a_c2_elaborated_hits,A5015b
CSc1ncncc1CC(=O)N1CCC[C@H](C(N)=O)C1,A5039a,openbind_a71ev2a_c2_elaborated_hits,A5039a
CSc1ncncc1CC(=O)N1CCC[C@H](C(N)=O)C1,A5039b,openbind_a71ev2a_c2_elaborated_hits,A5039b
NC(=O)[C@H]1CCCN(C(=O)Cc2cccnc2Cl)C1,A5079a,openbind_a71ev2a_c2_elaborated_hits,A5079a
NC(=O)[C@H]1CCCN(C(=O)Cc2cccnc2Cl)C1,A5079b,openbind_a71ev2a_c2_elaborated_hits,A5079b
NC(=O)[C@H]1CCCN(C(=O)Cc2cncnc2Cl)C1,A5081a,openbind_a71ev2a_c2_elaborated_hits,A5081a
NC(=O)[C@H]1CCCN(C(=O)Cc2cncnc2Cl)C1,A5081b,openbind_a71ev2a_c2_elaborated_hits,A5081b
CSc1ccccc1CC(=O)N1C[C@H](C)C[C@H](C(N)=O)C1,A5104a,openbind_a71ev2a_c2_elaborated_hits,A5104a
CSc1ccccc1CC(=O)N1C[C@@H](C(N)=O)C[C@@H]2C[C@@H]21,A5131a,openbind_a71ev2a_c2_elaborated_hits,A5131a
CSc1ccccc1CC(=O)N1C[C@H](C(N)=O)C[C@H](C(N)=O)C1,A5171a,openbind_a71ev2a_c2_elaborated_hits,A5171a
CSc1ccccc1CC(=O)N1C[C@H](C(N)=O)C[C@H](C(N)=O)C1,A5171b,openbind_a71ev2a_c2_elaborated_hits,A5171b
CSc1ccccc1CC(=O)N1C[C@@H](C(N)=O)C[C@H]2C[C@H]21,A5177a,openbind_a71ev2a_c2_elaborated_hits,A5177a
CSc1ccccc1CC(=O)N1C[C@H](C)C[C@H](C(N)=O)C1,A5200a,openbind_a71ev2a_c2_elaborated_hits,A5200a
CSc1ccc(Br)cc1CC(=O)N1CCC[C@H](C(N)=O)CC1,A5203a,openbind_a71ev2a_c2_elaborated_hits,A5203a
CSc1ccc(Br)cc1CC(=O)N1CCC[C@H](C(N)=O)CC1,A5203b,openbind_a71ev2a_c2_elaborated_hits,A5203b
NC(=O)[C@H]1CCCN(C(=O)Cc2ccnc(Cl)n2)C1,A5213a,openbind_a71ev2a_c2_elaborated_hits,A5213a
NC(=O)[C@H]1CCCN(C(=O)Cc2ccnc(Cl)n2)C1,A5213b,openbind_a71ev2a_c2_elaborated_hits,A5213b
CSc1ccc(Br)cc1CC(=O)N1C[C@H](C(N)=O)CC[C@H]1C,A5247a,openbind_a71ev2a_c2_elaborated_hits,A5247a
CSc1ccc(Br)cc1CC(=O)N1C[C@H](C(N)=O)CC[C@H]1C,A5247b,openbind_a71ev2a_c2_elaborated_hits,A5247b
Cc1ccccc1CC(=O)N1C[C@H]2C[C@@](C(N)=O)(C1)C2,A5255a,openbind_a71ev2a_c2_elaborated_hits,A5255a
CSc1ccccc1CC(=O)N1C[C@H]2C[C@]1(CC(N)=O)C2,A5262a,openbind_a71ev2a_c2_elaborated_hits,A5262a
CSc1ccccc1CC(=O)N1C[C@H]2C[C@]1(CC(N)=O)C2,A5262b,openbind_a71ev2a_c2_elaborated_hits,A5262b
CSc1ccccc1CC(=O)N1C[C@H](C)C[C@H](C(N)=O)C1,A5268a,openbind_a71ev2a_c2_elaborated_hits,A5268a
COc1cccc(SC(C)C)c1NC(=O)N1CCC[C@H](C(N)=O)C1,A5289a,openbind_a71ev2a_c2_elaborated_hits,A5289a
COc1cccc(SC(C)C)c1NC(=O)N1CCC[C@H](C(N)=O)C1,A5289b,openbind_a71ev2a_c2_elaborated_hits,A5289b
CSc1ccc(Br)cc1CC(=O)N1C[C@H](C(N)=O)CC[C@@H]1C,A5339a,openbind_a71ev2a_c2_elaborated_hits,A5339a
CSc1ccc(Br)cc1CC(=O)N1C[C@H](C(N)=O)CC[C@@H]1C,A5339b,openbind_a71ev2a_c2_elaborated_hits,A5339b
CSc1ccc(Br)cc1CC(=O)N1C[C@@H](C(N)=O)CC[C@H]1C,A5366a,openbind_a71ev2a_c2_elaborated_hits,A5366a
CSc1ccc(Br)cc1CC(=O)N1C[C@@H](C(N)=O)CC[C@H]1C,A5366b,openbind_a71ev2a_c2_elaborated_hits,A5366b
CSc1ccc(Br)cc1CC(=O)N1CC[C@](O)(C(N)=O)C1,A5388a,openbind_a71ev2a_c2_elaborated_hits,A5388a
CSc1ccc(N2CCOCC2)cc1NC(=O)N1CCC[C@H](C(N)=O)C1,A5598a,openbind_a71ev2a_c2_elaborated_hits,A5598a
CSc1ccc(N2CCOCC2)cc1NC(=O)N1CCC[C@H](C(N)=O)C1,A5598b,openbind_a71ev2a_c2_elaborated_hits,A5598b
