A5666a,CSc1ncnc(N2CCc3ccsc3C2)c1CC(=O)N1CCCC(C(N)=O)C1,../../aligned_files/A5666a/A5666a_ligand.sdf,../../aligned_files/A5666a/A5666a_apo-desolv.pdb
A4298a,COc1cccc(NC(=O)N2CCCC(C(N)=O)C2)n1,../../aligned_files/A4298a/A4298a_ligand.sdf,../../aligned_files/A4298a/A4298a_apo-desolv.pdb
A4918a,CSc1ncccc1CC(=O)N1CCCC(C(N)=O)C1,../../aligned_files/A4918a/A4918a_ligand.sdf,../../aligned_files/A4918a/A4918a_apo-desolv.pdb
A5151a,NC(=O)C1CCCN(C(=O)Cc2cccc3c2SCC3)C1,../../aligned_files/A5151a/A5151a_ligand.sdf,../../aligned_files/A5151a/A5151a_apo-desolv.pdb
A0450a,CN(C)C(=O)c1ccc(F)cc1Br,../../aligned_files/A0450a/A0450a_ligand.sdf,../../aligned_files/A0450a/A0450a_apo-desolv.pdb
A0451a,CNC(=O)c1cn(C)c2ccccc12,../../aligned_files/A0451a/A0451a_ligand.sdf,../../aligned_files/A0451a/A0451a_apo-desolv.pdb
A0469a,CC(C)N1CCN(c2ncccn2)CC1,../../aligned_files/A0469a/A0469a_ligand.sdf,../../aligned_files/A0469a/A0469a_apo-desolv.pdb
A0473a,O=S(=O)(NC1CCCC1)C1CCOCC1,../../aligned_files/A0473a/A0473a_ligand.sdf,../../aligned_files/A0473a/A0473a_apo-desolv.pdb
A0486a,CN(C)C(=O)Cn1ncc2ccccc21,../../aligned_files/A0486a/A0486a_ligand.sdf,../../aligned_files/A0486a/A0486a_apo-desolv.pdb
A0487a,CC(=O)Nc1ccncc1C,../../aligned_files/A0487a/A0487a_ligand.sdf,../../aligned_files/A0487a/A0487a_apo-desolv.pdb
A0488a,O=c1ccncn1CCO,../../aligned_files/A0488a/A0488a_ligand.sdf,../../aligned_files/A0488a/A0488a_apo-desolv.pdb
A0497a,N#Cc1n[nH]c2ccccc12,../../aligned_files/A0497a/A0497a_ligand.sdf,../../aligned_files/A0497a/A0497a_apo-desolv.pdb
A0501a,COc1ccccc1-c1nnco1,../../aligned_files/A0501a/A0501a_ligand.sdf,../../aligned_files/A0501a/A0501a_apo-desolv.pdb
A0501b,COc1ccccc1-c1nnco1,../../aligned_files/A0501b/A0501b_ligand.sdf,../../aligned_files/A0501b/A0501b_apo-desolv.pdb
A0514a,COc1ccc2sc(N)nc2c1,../../aligned_files/A0514a/A0514a_ligand.sdf,../../aligned_files/A0514a/A0514a_apo-desolv.pdb
A0514b,COc1ccc2sc(N)nc2c1,../../aligned_files/A0514b/A0514b_ligand.sdf,../../aligned_files/A0514b/A0514b_apo-desolv.pdb
A0515a,COC(=O)c1ccncc1N,../../aligned_files/A0515a/A0515a_ligand.sdf,../../aligned_files/A0515a/A0515a_apo-desolv.pdb
A0515b,COC(=O)c1ccncc1N,../../aligned_files/A0515b/A0515b_ligand.sdf,../../aligned_files/A0515b/A0515b_apo-desolv.pdb
A0517a,CCn1cc(C(=O)NCc2ccc(F)cc2)cn1,../../aligned_files/A0517a/A0517a_ligand.sdf,../../aligned_files/A0517a/A0517a_apo-desolv.pdb
A0525a,O=c1ccc(OC(F)F)c[nH]1,../../aligned_files/A0525a/A0525a_ligand.sdf,../../aligned_files/A0525a/A0525a_apo-desolv.pdb
A0526a,Cc1nccn1-c1cccnc1,../../aligned_files/A0526a/A0526a_ligand.sdf,../../aligned_files/A0526a/A0526a_apo-desolv.pdb
A0528a,CN1CCC(Oc2cccc(F)c2)C1=O,../../aligned_files/A0528a/A0528a_ligand.sdf,../../aligned_files/A0528a/A0528a_apo-desolv.pdb
A0528b,CN1CCC(Oc2cccc(F)c2)C1=O,../../aligned_files/A0528b/A0528b_ligand.sdf,../../aligned_files/A0528b/A0528b_apo-desolv.pdb
A0540a,N#Cc1ccc(CNCc2ccc(F)cc2)cc1,../../aligned_files/A0540a/A0540a_ligand.sdf,../../aligned_files/A0540a/A0540a_apo-desolv.pdb
A0541a,Cc1noc(C)c1CC(C)C(=O)N(C)C,../../aligned_files/A0541a/A0541a_ligand.sdf,../../aligned_files/A0541a/A0541a_apo-desolv.pdb
A0554b,CC(=O)Nc1cccc2cc[nH]c12,../../aligned_files/A0554b/A0554b_ligand.sdf,../../aligned_files/A0554b/A0554b_apo-desolv.pdb
A0554a,CC(=O)Nc1cccc2cc[nH]c12,../../aligned_files/A0554a/A0554a_ligand.sdf,../../aligned_files/A0554a/A0554a_apo-desolv.pdb
A0556a,Cn1cc(N)c(C(=O)NC2CCC2)n1,../../aligned_files/A0556a/A0556a_ligand.sdf,../../aligned_files/A0556a/A0556a_apo-desolv.pdb
A0566a,CNC(=O)c1cccc2cc[nH]c12,../../aligned_files/A0566a/A0566a_ligand.sdf,../../aligned_files/A0566a/A0566a_apo-desolv.pdb
A0571a,COCc1cc(C(N)=O)no1,../../aligned_files/A0571a/A0571a_ligand.sdf,../../aligned_files/A0571a/A0571a_apo-desolv.pdb
A0586a,CN1CCCc2ccc(S(N)(=O)=O)cc21,../../aligned_files/A0586a/A0586a_ligand.sdf,../../aligned_files/A0586a/A0586a_apo-desolv.pdb
A0269a,O=C(NC1CCCNC1)c1ccccc1,../../aligned_files/A0269a/A0269a_ligand.sdf,../../aligned_files/A0269a/A0269a_apo-desolv.pdb
A0278a,NC1CCN(S(=O)(=O)c2ccccc2)C1,../../aligned_files/A0278a/A0278a_ligand.sdf,../../aligned_files/A0278a/A0278a_apo-desolv.pdb
A0278b,NC1CCN(S(=O)(=O)c2ccccc2)C1,../../aligned_files/A0278b/A0278b_ligand.sdf,../../aligned_files/A0278b/A0278b_apo-desolv.pdb
A0305a,CNS(=O)(=O)c1cccc(C)c1F,../../aligned_files/A0305a/A0305a_ligand.sdf,../../aligned_files/A0305a/A0305a_apo-desolv.pdb
A0309a,Cn1ccnc1-c1noc(C2CCC2)n1,../../aligned_files/A0309a/A0309a_ligand.sdf,../../aligned_files/A0309a/A0309a_apo-desolv.pdb
A0310a,Cc1nn(C)c(C)c1NC(=O)CC#N,../../aligned_files/A0310a/A0310a_ligand.sdf,../../aligned_files/A0310a/A0310a_apo-desolv.pdb
A0608a,Cc1ccc(CC(=O)NCC2CCCO2)cc1,../../aligned_files/A0608a/A0608a_ligand.sdf,../../aligned_files/A0608a/A0608a_apo-desolv.pdb
A0691a,CNc1ccccc1S(C)(=O)=O,../../aligned_files/A0691a/A0691a_ligand.sdf,../../aligned_files/A0691a/A0691a_apo-desolv.pdb
A0152a,O=C1CN(C(=O)COc2ccccc2)CCN1,../../aligned_files/A0152a/A0152a_ligand.sdf,../../aligned_files/A0152a/A0152a_apo-desolv.pdb
A0152b,O=C1CN(C(=O)COc2ccccc2)CCN1,../../aligned_files/A0152b/A0152b_ligand.sdf,../../aligned_files/A0152b/A0152b_apo-desolv.pdb
A0188a,CCC1CN(S(=O)(=O)N(C)C)CCO1,../../aligned_files/A0188a/A0188a_ligand.sdf,../../aligned_files/A0188a/A0188a_apo-desolv.pdb
A0194a,Fc1ccccc1CNC1CCOCC1,../../aligned_files/A0194a/A0194a_ligand.sdf,../../aligned_files/A0194a/A0194a_apo-desolv.pdb
A0202b,NS(=O)(=O)c1cnc2cccnn12,../../aligned_files/A0202b/A0202b_ligand.sdf,../../aligned_files/A0202b/A0202b_apo-desolv.pdb
A0202a,NS(=O)(=O)c1cnc2cccnn12,../../aligned_files/A0202a/A0202a_ligand.sdf,../../aligned_files/A0202a/A0202a_apo-desolv.pdb
A0207a,Cc1cc(C(=O)NCC2CCOC2)on1,../../aligned_files/A0207a/A0207a_ligand.sdf,../../aligned_files/A0207a/A0207a_apo-desolv.pdb
A0228a,CS(=O)(=O)N1CCC(O)CC1,../../aligned_files/A0228a/A0228a_ligand.sdf,../../aligned_files/A0228a/A0228a_apo-desolv.pdb
A0229a,CS(=O)(=O)Nc1ccc(CN)cc1,../../aligned_files/A0229a/A0229a_ligand.sdf,../../aligned_files/A0229a/A0229a_apo-desolv.pdb
A0229b,CS(=O)(=O)Nc1ccc(CN)cc1,../../aligned_files/A0229b/A0229b_ligand.sdf,../../aligned_files/A0229b/A0229b_apo-desolv.pdb
A0237a,Cc1ccc(CNC(=O)C2CCC2)cn1,../../aligned_files/A0237a/A0237a_ligand.sdf,../../aligned_files/A0237a/A0237a_apo-desolv.pdb
A0239a,CCC(=O)NCc1nnc2n1CCCC2,../../aligned_files/A0239a/A0239a_ligand.sdf,../../aligned_files/A0239a/A0239a_apo-desolv.pdb
A0332a,CNS(=O)(=O)c1ccccc1Cl,../../aligned_files/A0332a/A0332a_ligand.sdf,../../aligned_files/A0332a/A0332a_apo-desolv.pdb
A0333a,CS(=O)(=O)NCCc1ccccc1,../../aligned_files/A0333a/A0333a_ligand.sdf,../../aligned_files/A0333a/A0333a_apo-desolv.pdb
A0341a,CC1=NN(c2ccccc2)C(=O)C1,../../aligned_files/A0341a/A0341a_ligand.sdf,../../aligned_files/A0341a/A0341a_apo-desolv.pdb
A0351c,CCS(=O)(=O)NCc1ccc2c(c1)OCO2,../../aligned_files/A0351c/A0351c_ligand.sdf,../../aligned_files/A0351c/A0351c_apo-desolv.pdb
A0351a,CCS(=O)(=O)NCc1ccc2c(c1)OCO2,../../aligned_files/A0351a/A0351a_ligand.sdf,../../aligned_files/A0351a/A0351a_apo-desolv.pdb
A0351b,CCS(=O)(=O)NCc1ccc2c(c1)OCO2,../../aligned_files/A0351b/A0351b_ligand.sdf,../../aligned_files/A0351b/A0351b_apo-desolv.pdb
A0354a,CC1(NC(=O)C2CC2)CCS(=O)(=O)C1,../../aligned_files/A0354a/A0354a_ligand.sdf,../../aligned_files/A0354a/A0354a_apo-desolv.pdb
A0359a,CN(C)Cc1ccc(C#N)cc1,../../aligned_files/A0359a/A0359a_ligand.sdf,../../aligned_files/A0359a/A0359a_apo-desolv.pdb
A0365a,Cn1ccc(NCc2ccccc2)n1,../../aligned_files/A0365a/A0365a_ligand.sdf,../../aligned_files/A0365a/A0365a_apo-desolv.pdb
A0375a,COc1ccccc1NC(N)=S,../../aligned_files/A0375a/A0375a_ligand.sdf,../../aligned_files/A0375a/A0375a_apo-desolv.pdb
A0375b,COc1ccccc1NC(N)=S,../../aligned_files/A0375b/A0375b_ligand.sdf,../../aligned_files/A0375b/A0375b_apo-desolv.pdb
A0375c,COc1ccccc1NC(N)=S,../../aligned_files/A0375c/A0375c_ligand.sdf,../../aligned_files/A0375c/A0375c_apo-desolv.pdb
A0379a,CNCc1ccc(C(F)(F)F)cc1,../../aligned_files/A0379a/A0379a_ligand.sdf,../../aligned_files/A0379a/A0379a_apo-desolv.pdb
A0387a,COCC(=O)Nc1c(C)cc(C)cc1C,../../aligned_files/A0387a/A0387a_ligand.sdf,../../aligned_files/A0387a/A0387a_apo-desolv.pdb
A0395a,CC(CO)(CO)NC(=O)Nc1ccccc1,../../aligned_files/A0395a/A0395a_ligand.sdf,../../aligned_files/A0395a/A0395a_apo-desolv.pdb
A0395b,CC(CO)(CO)NC(=O)Nc1ccccc1,../../aligned_files/A0395b/A0395b_ligand.sdf,../../aligned_files/A0395b/A0395b_apo-desolv.pdb
A0396a,COCc1nnc(N)s1,../../aligned_files/A0396a/A0396a_ligand.sdf,../../aligned_files/A0396a/A0396a_apo-desolv.pdb
A0412a,CCn1c(NC(C)=O)nc2ccccc21,../../aligned_files/A0412a/A0412a_ligand.sdf,../../aligned_files/A0412a/A0412a_apo-desolv.pdb
A0416a,Cc1ccc(NC(=O)C2CCCO2)nc1,../../aligned_files/A0416a/A0416a_ligand.sdf,../../aligned_files/A0416a/A0416a_apo-desolv.pdb
A0428a,CN(C)S(=O)(=O)c1cccnc1,../../aligned_files/A0428a/A0428a_ligand.sdf,../../aligned_files/A0428a/A0428a_apo-desolv.pdb
A0432a,Nc1ccc(-c2ncno2)cc1,../../aligned_files/A0432a/A0432a_ligand.sdf,../../aligned_files/A0432a/A0432a_apo-desolv.pdb
A0437a,CCNc1ccc(C)nn1,../../aligned_files/A0437a/A0437a_ligand.sdf,../../aligned_files/A0437a/A0437a_apo-desolv.pdb
A0443a,Cc1cn2ccccc2n1,../../aligned_files/A0443a/A0443a_ligand.sdf,../../aligned_files/A0443a/A0443a_apo-desolv.pdb
A0446a,CNC(=O)c1cnc(C)s1,../../aligned_files/A0446a/A0446a_ligand.sdf,../../aligned_files/A0446a/A0446a_apo-desolv.pdb
A0717a,Cc1n[nH]c(C)c1S(=O)(=O)N(C)C,../../aligned_files/A0717a/A0717a_ligand.sdf,../../aligned_files/A0717a/A0717a_apo-desolv.pdb
A0719a,CC(CS(N)(=O)=O)c1ccccc1,../../aligned_files/A0719a/A0719a_ligand.sdf,../../aligned_files/A0719a/A0719a_apo-desolv.pdb
A0719b,CC(CS(N)(=O)=O)c1ccccc1,../../aligned_files/A0719b/A0719b_ligand.sdf,../../aligned_files/A0719b/A0719b_apo-desolv.pdb
A0732a,Cc1cc(C)c(NC(=O)CO)c(C)c1,../../aligned_files/A0732a/A0732a_ligand.sdf,../../aligned_files/A0732a/A0732a_apo-desolv.pdb
A0739a,Cc1ccc(OCC(=O)N2CCOCC2)c(C)c1,../../aligned_files/A0739a/A0739a_ligand.sdf,../../aligned_files/A0739a/A0739a_apo-desolv.pdb
A0812a,Cn1nc(C(N)=O)c2ccccc21,../../aligned_files/A0812a/A0812a_ligand.sdf,../../aligned_files/A0812a/A0812a_apo-desolv.pdb
A0831a,Nc1cccc(OCc2ccccc2)c1,../../aligned_files/A0831a/A0831a_ligand.sdf,../../aligned_files/A0831a/A0831a_apo-desolv.pdb
A0836a,COc1ccc(C(N)c2ccccc2)cc1,../../aligned_files/A0836a/A0836a_ligand.sdf,../../aligned_files/A0836a/A0836a_apo-desolv.pdb
A0836b,COc1ccc(C(N)c2ccccc2)cc1,../../aligned_files/A0836b/A0836b_ligand.sdf,../../aligned_files/A0836b/A0836b_apo-desolv.pdb
A0853a,O=C(NC1CC1)c1ccc2c(c1)OCO2,../../aligned_files/A0853a/A0853a_ligand.sdf,../../aligned_files/A0853a/A0853a_apo-desolv.pdb
A0863a,CCN(CC)C(=O)c1ccc(N)cc1,../../aligned_files/A0863a/A0863a_ligand.sdf,../../aligned_files/A0863a/A0863a_apo-desolv.pdb
A0875a,CCS(=O)(=O)N1CCC(C(=O)O)CC1,../../aligned_files/A0875a/A0875a_ligand.sdf,../../aligned_files/A0875a/A0875a_apo-desolv.pdb
A0875b,CCS(=O)(=O)N1CCC(C(=O)O)CC1,../../aligned_files/A0875b/A0875b_ligand.sdf,../../aligned_files/A0875b/A0875b_apo-desolv.pdb
A0884a,CC(=O)Nc1cccc(NC(N)=O)c1,../../aligned_files/A0884a/A0884a_ligand.sdf,../../aligned_files/A0884a/A0884a_apo-desolv.pdb
A0900a,Nc1ccc(-c2ncno2)cc1,../../aligned_files/A0900a/A0900a_ligand.sdf,../../aligned_files/A0900a/A0900a_apo-desolv.pdb
A0911a,CN(C(=O)C1CCNC1)c1ccccc1,../../aligned_files/A0911a/A0911a_ligand.sdf,../../aligned_files/A0911a/A0911a_apo-desolv.pdb
A0922a,Cc1ccccc1OCC(=O)N(C)C,../../aligned_files/A0922a/A0922a_ligand.sdf,../../aligned_files/A0922a/A0922a_apo-desolv.pdb
A0926a,COCC(=O)N1CCCC(C(N)=O)C1,../../aligned_files/A0926a/A0926a_ligand.sdf,../../aligned_files/A0926a/A0926a_apo-desolv.pdb
A1019a,COc1cc(Br)ccc1CC(=O)O,../../aligned_files/A1019a/A1019a_ligand.sdf,../../aligned_files/A1019a/A1019a_apo-desolv.pdb
A1068a,Nc1ncccn1,../../aligned_files/A1068a/A1068a_ligand.sdf,../../aligned_files/A1068a/A1068a_apo-desolv.pdb
A1068b,Nc1ncccn1,../../aligned_files/A1068b/A1068b_ligand.sdf,../../aligned_files/A1068b/A1068b_apo-desolv.pdb
A1068c,Nc1ncccn1,../../aligned_files/A1068c/A1068c_ligand.sdf,../../aligned_files/A1068c/A1068c_apo-desolv.pdb
A1080a,CCC(=O)NO,../../aligned_files/A1080a/A1080a_ligand.sdf,../../aligned_files/A1080a/A1080a_apo-desolv.pdb
A1081a,O=C1NCCN1,../../aligned_files/A1081a/A1081a_ligand.sdf,../../aligned_files/A1081a/A1081a_apo-desolv.pdb
A1081b,O=C1NCCN1,../../aligned_files/A1081b/A1081b_ligand.sdf,../../aligned_files/A1081b/A1081b_apo-desolv.pdb
A1084a,NC(=O)C1(N)CC1,../../aligned_files/A1084a/A1084a_ligand.sdf,../../aligned_files/A1084a/A1084a_apo-desolv.pdb
A1105a,c1ccc(-c2ccncc2)cc1,../../aligned_files/A1105a/A1105a_ligand.sdf,../../aligned_files/A1105a/A1105a_apo-desolv.pdb
A1105b,c1ccc(-c2ccncc2)cc1,../../aligned_files/A1105b/A1105b_ligand.sdf,../../aligned_files/A1105b/A1105b_apo-desolv.pdb
A1109a,O=C(O)c1cnc(-c2ccccc2)s1,../../aligned_files/A1109a/A1109a_ligand.sdf,../../aligned_files/A1109a/A1109a_apo-desolv.pdb
A1128a,Oc1nnc(-c2ccccc2)o1,../../aligned_files/A1128a/A1128a_ligand.sdf,../../aligned_files/A1128a/A1128a_apo-desolv.pdb
A1140a,O=C(CN1CCCC1)c1ccccc1Cl,../../aligned_files/A1140a/A1140a_ligand.sdf,../../aligned_files/A1140a/A1140a_apo-desolv.pdb
A1145a,Fc1ccc(CC2CCCNC2)cc1,../../aligned_files/A1145a/A1145a_ligand.sdf,../../aligned_files/A1145a/A1145a_apo-desolv.pdb
A1145b,Fc1ccc(CC2CCCNC2)cc1,../../aligned_files/A1145b/A1145b_ligand.sdf,../../aligned_files/A1145b/A1145b_apo-desolv.pdb
A1146a,Oc1cnc(-c2ccccc2)nc1,../../aligned_files/A1146a/A1146a_ligand.sdf,../../aligned_files/A1146a/A1146a_apo-desolv.pdb
A1148a,Brc1c[nH]cn1,../../aligned_files/A1148a/A1148a_ligand.sdf,../../aligned_files/A1148a/A1148a_apo-desolv.pdb
A1148b,Brc1c[nH]cn1,../../aligned_files/A1148b/A1148b_ligand.sdf,../../aligned_files/A1148b/A1148b_apo-desolv.pdb
A1169a,N#Cc1cocn1,../../aligned_files/A1169a/A1169a_ligand.sdf,../../aligned_files/A1169a/A1169a_apo-desolv.pdb
A1180a,Clc1c[nH]cn1,../../aligned_files/A1180a/A1180a_ligand.sdf,../../aligned_files/A1180a/A1180a_apo-desolv.pdb
A1180b,Clc1c[nH]cn1,../../aligned_files/A1180b/A1180b_ligand.sdf,../../aligned_files/A1180b/A1180b_apo-desolv.pdb
A1209a,Brc1ncc[nH]1,../../aligned_files/A1209a/A1209a_ligand.sdf,../../aligned_files/A1209a/A1209a_apo-desolv.pdb
A1255a,COCCn1ccc(Br)cc1=O,../../aligned_files/A1255a/A1255a_ligand.sdf,../../aligned_files/A1255a/A1255a_apo-desolv.pdb
A1292a,O=C(NC1CC1)c1ccccc1O,../../aligned_files/A1292a/A1292a_ligand.sdf,../../aligned_files/A1292a/A1292a_apo-desolv.pdb
A1293a,Nc1nnc2ccccn12,../../aligned_files/A1293a/A1293a_ligand.sdf,../../aligned_files/A1293a/A1293a_apo-desolv.pdb
A1346a,Cc1nn(C)c(C)c1CC(=O)NC(CNC(=O)CCl)c1ccc2ccccc2c1,../../aligned_files/A1346a/A1346a_ligand.sdf,../../aligned_files/A1346a/A1346a_apo-desolv.pdb
A1445a,COc1cc(NC(=O)CC(C)C(F)(F)F)n(C)n1,../../aligned_files/A1445a/A1445a_ligand.sdf,../../aligned_files/A1445a/A1445a_apo-desolv.pdb
A1445b,COc1cc(NC(=O)CC(C)C(F)(F)F)n(C)n1,../../aligned_files/A1445b/A1445b_ligand.sdf,../../aligned_files/A1445b/A1445b_apo-desolv.pdb
A1775a,CCOc1ccc(C(=O)CC)cc1,../../aligned_files/A1775a/A1775a_ligand.sdf,../../aligned_files/A1775a/A1775a_apo-desolv.pdb
A1776a,CC(=O)Nc1ccc(C(=O)C(C)S)cc1,../../aligned_files/A1776a/A1776a_ligand.sdf,../../aligned_files/A1776a/A1776a_apo-desolv.pdb
A1778a,CC(=O)N1CCc2cc(C(=O)C(C)S)ccc21,../../aligned_files/A1778a/A1778a_ligand.sdf,../../aligned_files/A1778a/A1778a_apo-desolv.pdb
A1779a,CCC(=O)c1ccc2c(c1)NC(=O)CO2,../../aligned_files/A1779a/A1779a_ligand.sdf,../../aligned_files/A1779a/A1779a_apo-desolv.pdb
A2290a,CNC(=O)c1nn(C)c2ccccc12,../../aligned_files/A2290a/A2290a_ligand.sdf,../../aligned_files/A2290a/A2290a_apo-desolv.pdb
A2293a,Cn1nc(C(=O)NCC2Cc3ccccc3CN2)c2ccccc21,../../aligned_files/A2293a/A2293a_ligand.sdf,../../aligned_files/A2293a/A2293a_apo-desolv.pdb
A2304a,Cn1nc(C(=O)Nc2cn[nH]c2)c2ccccc21,../../aligned_files/A2304a/A2304a_ligand.sdf,../../aligned_files/A2304a/A2304a_apo-desolv.pdb
A2339a,Cn1nc(C(=O)NC2CC2)c2cc(F)ccc21,../../aligned_files/A2339a/A2339a_ligand.sdf,../../aligned_files/A2339a/A2339a_apo-desolv.pdb
A2351a,Cn1nc(C(N)=O)c2cc(F)ccc21,../../aligned_files/A2351a/A2351a_ligand.sdf,../../aligned_files/A2351a/A2351a_apo-desolv.pdb
A2448a,CN(C)S(=O)(=O)c1cccnc1,../../aligned_files/A2448a/A2448a_ligand.sdf,../../aligned_files/A2448a/A2448a_apo-desolv.pdb
A2454a,CC(=O)Nc1cccc(NC(N)=O)c1,../../aligned_files/A2454a/A2454a_ligand.sdf,../../aligned_files/A2454a/A2454a_apo-desolv.pdb
A2458a,CNS(=O)(=O)c1ccccc1Cl,../../aligned_files/A2458a/A2458a_ligand.sdf,../../aligned_files/A2458a/A2458a_apo-desolv.pdb
A2513a,COc1ccc(Cl)c2c1C(=O)C(=O)N2,../../aligned_files/A2513a/A2513a_ligand.sdf,../../aligned_files/A2513a/A2513a_apo-desolv.pdb
A2629a,COc1ccccc1NC(=O)Nc1cccnc1,../../aligned_files/A2629a/A2629a_ligand.sdf,../../aligned_files/A2629a/A2629a_apo-desolv.pdb
A2846a,Cn1nc(C(=O)NCCc2cocn2)c2ccccc21,../../aligned_files/A2846a/A2846a_ligand.sdf,../../aligned_files/A2846a/A2846a_apo-desolv.pdb
A2972a,Cn1nc(C(=O)NCc2c[nH]cn2)c2ccccc21,../../aligned_files/A2972a/A2972a_ligand.sdf,../../aligned_files/A2972a/A2972a_apo-desolv.pdb
A3054a,Cc1cccc(NC(=O)N2CCCC(C(N)=O)C2)c1,../../aligned_files/A3054a/A3054a_ligand.sdf,../../aligned_files/A3054a/A3054a_apo-desolv.pdb
A3066a,CNC(=O)c1cn(C)c2ccccc12,../../aligned_files/A3066a/A3066a_ligand.sdf,../../aligned_files/A3066a/A3066a_apo-desolv.pdb
A3175a,Cc1cc(CNC(=O)c2cn(C)c3ccccc23)on1,../../aligned_files/A3175a/A3175a_ligand.sdf,../../aligned_files/A3175a/A3175a_apo-desolv.pdb
A3176a,COCC(C)NC(=O)c1nn(C)c2ccccc12,../../aligned_files/A3176a/A3176a_ligand.sdf,../../aligned_files/A3176a/A3176a_apo-desolv.pdb
A3177a,Cn1nc(C(=O)NC2CC2CO)c2ccccc21,../../aligned_files/A3177a/A3177a_ligand.sdf,../../aligned_files/A3177a/A3177a_apo-desolv.pdb
A3178a,Cn1nc(C(=O)NC2CCOC2)c2ccccc21,../../aligned_files/A3178a/A3178a_ligand.sdf,../../aligned_files/A3178a/A3178a_apo-desolv.pdb
A3181a,Cn1nc(C(=O)NCCn2cncn2)c2ccccc21,../../aligned_files/A3181a/A3181a_ligand.sdf,../../aligned_files/A3181a/A3181a_apo-desolv.pdb
A3181b,Cn1nc(C(=O)NCCn2cncn2)c2ccccc21,../../aligned_files/A3181b/A3181b_ligand.sdf,../../aligned_files/A3181b/A3181b_apo-desolv.pdb
A3186a,COc1ccccc1CC(=O)N1CCCC(C(N)=O)C1,../../aligned_files/A3186a/A3186a_ligand.sdf,../../aligned_files/A3186a/A3186a_apo-desolv.pdb
A3188a,Cn1cc2c(CC(=O)N3CCCC(C(N)=O)C3)cccc2n1,../../aligned_files/A3188a/A3188a_ligand.sdf,../../aligned_files/A3188a/A3188a_apo-desolv.pdb
A3189a,Cn1cc2c(CC(=O)N3CCCC(C(N)=O)C3)cccc2n1,../../aligned_files/A3189a/A3189a_ligand.sdf,../../aligned_files/A3189a/A3189a_apo-desolv.pdb
A3191a,NC(=O)C1CCCN(C(=O)Cc2cccc3occc23)C1,../../aligned_files/A3191a/A3191a_ligand.sdf,../../aligned_files/A3191a/A3191a_apo-desolv.pdb
A3193a,NC(=O)C1CCCN(C(=O)Cc2ccnc(Cl)c2Br)C1,../../aligned_files/A3193a/A3193a_ligand.sdf,../../aligned_files/A3193a/A3193a_apo-desolv.pdb
A3194a,Cc1cc(CC(=O)N2CCCC(C(N)=O)C2)ccn1,../../aligned_files/A3194a/A3194a_ligand.sdf,../../aligned_files/A3194a/A3194a_apo-desolv.pdb
A3201a,COc1ncccc1CC(=O)N1CCCC(C(N)=O)C1,../../aligned_files/A3201a/A3201a_ligand.sdf,../../aligned_files/A3201a/A3201a_apo-desolv.pdb
A3207a,NC(=O)C1CCCN(C(=O)Cc2ccnc(N)c2)C1,../../aligned_files/A3207a/A3207a_ligand.sdf,../../aligned_files/A3207a/A3207a_apo-desolv.pdb
A3208a,NC(=O)C1CCCN(C(=O)Cc2cc(C(F)(F)F)ccc2Cl)C1,../../aligned_files/A3208a/A3208a_ligand.sdf,../../aligned_files/A3208a/A3208a_apo-desolv.pdb
A3210a,NC(=O)C1CCCN(C(=O)Cc2cccc3cn[nH]c23)C1,../../aligned_files/A3210a/A3210a_ligand.sdf,../../aligned_files/A3210a/A3210a_apo-desolv.pdb
A3218a,NC(=O)C1CCCN(C(=O)C2CCNc3[nH]ncc32)C1,../../aligned_files/A3218a/A3218a_ligand.sdf,../../aligned_files/A3218a/A3218a_apo-desolv.pdb
A3221a,Cc1nc(C)c(CC(=O)N2CCCC(C(N)=O)C2)[nH]1,../../aligned_files/A3221a/A3221a_ligand.sdf,../../aligned_files/A3221a/A3221a_apo-desolv.pdb
A3222a,NC(=O)C1CCCN(C(=O)c2[nH]ncc2Br)C1,../../aligned_files/A3222a/A3222a_ligand.sdf,../../aligned_files/A3222a/A3222a_apo-desolv.pdb
A3223a,NC(=O)C1CCCN(C(=O)c2ccnc3[nH]ncc23)C1,../../aligned_files/A3223a/A3223a_ligand.sdf,../../aligned_files/A3223a/A3223a_apo-desolv.pdb
A3225a,Cc1nc2ccccc2n1CC(=O)N1CCCC(C(N)=O)C1,../../aligned_files/A3225a/A3225a_ligand.sdf,../../aligned_files/A3225a/A3225a_apo-desolv.pdb
A3229a,COc1ccncc1CC(=O)N1CCCC(C(N)=O)C1,../../aligned_files/A3229a/A3229a_ligand.sdf,../../aligned_files/A3229a/A3229a_apo-desolv.pdb
A3234a,Cc1cc(C)c(Nc2ccn(C3COC3)n2)c(C)c1,../../aligned_files/A3234a/A3234a_ligand.sdf,../../aligned_files/A3234a/A3234a_apo-desolv.pdb
A3264a,Cn1nc(C(=O)NCCc2cocn2)c2cccnc21,../../aligned_files/A3264a/A3264a_ligand.sdf,../../aligned_files/A3264a/A3264a_apo-desolv.pdb
A3279a,Cc1cc(C)c(Nc2ccn(C)n2)c(C)c1,../../aligned_files/A3279a/A3279a_ligand.sdf,../../aligned_files/A3279a/A3279a_apo-desolv.pdb
A3280a,Cn1nc(C(=O)NCC(F)(F)c2ccccn2)c2ccccc21,../../aligned_files/A3280a/A3280a_ligand.sdf,../../aligned_files/A3280a/A3280a_apo-desolv.pdb
A3286a,Cc1ocnc1CCNC(=O)c1nn(C)c2ccccc12,../../aligned_files/A3286a/A3286a_ligand.sdf,../../aligned_files/A3286a/A3286a_apo-desolv.pdb
A3305a,Cc1ccc2c(cnn2C)c1Nc1ccn(C2CCNC2=O)n1,../../aligned_files/A3305a/A3305a_ligand.sdf,../../aligned_files/A3305a/A3305a_apo-desolv.pdb
A3306a,Cn1nc(C(=O)NCCc2cscn2)c2ccccc21,../../aligned_files/A3306a/A3306a_ligand.sdf,../../aligned_files/A3306a/A3306a_apo-desolv.pdb
A3324a,Cn1nc(C(=O)NCCc2ccc(S(C)(=O)=O)cc2)c2ccccc21,../../aligned_files/A3324a/A3324a_ligand.sdf,../../aligned_files/A3324a/A3324a_apo-desolv.pdb
A3579a,COc1ccccc1CN1CC(C(N)=O)CCC1=O,../../aligned_files/A3579a/A3579a_ligand.sdf,../../aligned_files/A3579a/A3579a_apo-desolv.pdb
A3581a,COc1ccccc1CC(=O)N1CCC(C(N)=O)C1,../../aligned_files/A3581a/A3581a_ligand.sdf,../../aligned_files/A3581a/A3581a_apo-desolv.pdb
A3585a,Cc1cc(NC(=O)N2CCCC(C(N)=O)C2)c2cnn(C)c2c1,../../aligned_files/A3585a/A3585a_ligand.sdf,../../aligned_files/A3585a/A3585a_apo-desolv.pdb
A3587a,COc1cccc(Cl)c1NC(=O)N1CCCC(C(N)=O)C1,../../aligned_files/A3587a/A3587a_ligand.sdf,../../aligned_files/A3587a/A3587a_apo-desolv.pdb
A3371a,Cn1cnc(CCNC(=O)c2nn(C)c3ccccc23)c1,../../aligned_files/A3371a/A3371a_ligand.sdf,../../aligned_files/A3371a/A3371a_apo-desolv.pdb
A3379a,CC(Cc1cocn1)NC(=O)c1nn(C)c2ccccc12,../../aligned_files/A3379a/A3379a_ligand.sdf,../../aligned_files/A3379a/A3379a_apo-desolv.pdb
A3392a,O=C(NCCc1cocn1)N1CCc2ccccc21,../../aligned_files/A3392a/A3392a_ligand.sdf,../../aligned_files/A3392a/A3392a_apo-desolv.pdb
A3403a,Cn1cc2cccc(NC(=O)Cc3cocn3)c2n1,../../aligned_files/A3403a/A3403a_ligand.sdf,../../aligned_files/A3403a/A3403a_apo-desolv.pdb
A3408a,C=CS(=O)(=O)N1CCCC(C(N)=O)C1,../../aligned_files/A3408a/A3408a_ligand.sdf,../../aligned_files/A3408a/A3408a_apo-desolv.pdb
A3410a,Cc1nn(C)c2cc(C(=O)NCCc3cocn3)ccc12,../../aligned_files/A3410a/A3410a_ligand.sdf,../../aligned_files/A3410a/A3410a_apo-desolv.pdb
A3417a,NC(=O)C1CCCN(C(=O)NCC2CC2)C1,../../aligned_files/A3417a/A3417a_ligand.sdf,../../aligned_files/A3417a/A3417a_apo-desolv.pdb
A3419a,Cn1nc(C(=O)NCCc2cocn2)c2ccccc2c1=O,../../aligned_files/A3419a/A3419a_ligand.sdf,../../aligned_files/A3419a/A3419a_apo-desolv.pdb
A3435a,O=C(NCCc1cocn1)c1ccccc1,../../aligned_files/A3435a/A3435a_ligand.sdf,../../aligned_files/A3435a/A3435a_apo-desolv.pdb
A3436a,Cn1ncc(C(=O)NCCc2cocn2)n1,../../aligned_files/A3436a/A3436a_ligand.sdf,../../aligned_files/A3436a/A3436a_apo-desolv.pdb
A3450a,N#Cc1sccc1CC(=O)N1CCCC(C(N)=O)C1,../../aligned_files/A3450a/A3450a_ligand.sdf,../../aligned_files/A3450a/A3450a_apo-desolv.pdb
A3480a,N#CCc1cccc(NC(=O)N2CCCC(C(N)=O)C2)c1,../../aligned_files/A3480a/A3480a_ligand.sdf,../../aligned_files/A3480a/A3480a_apo-desolv.pdb
A3483a,COCc1ccccc1NC(=O)N1CCCC(C(N)=O)C1,../../aligned_files/A3483a/A3483a_ligand.sdf,../../aligned_files/A3483a/A3483a_apo-desolv.pdb
A3485a,COc1cccc(NC(=O)N2CCCC(C(N)=O)C2)c1,../../aligned_files/A3485a/A3485a_ligand.sdf,../../aligned_files/A3485a/A3485a_apo-desolv.pdb
A3488a,COCC(=O)Nc1c(Cl)cc(C)cc1Oc1cccc(C(N)=O)c1,../../aligned_files/A3488a/A3488a_ligand.sdf,../../aligned_files/A3488a/A3488a_apo-desolv.pdb
A3489a,Cc1nc2n(c1CC(=O)N1CCCC(C(N)=O)C1)CCCC2,../../aligned_files/A3489a/A3489a_ligand.sdf,../../aligned_files/A3489a/A3489a_apo-desolv.pdb
A3509a,N#Cc1cccc(NC(=O)N2CCCC(C(N)=O)C2)c1,../../aligned_files/A3509a/A3509a_ligand.sdf,../../aligned_files/A3509a/A3509a_apo-desolv.pdb
A3509b,N#Cc1cccc(NC(=O)N2CCCC(C(N)=O)C2)c1,../../aligned_files/A3509b/A3509b_ligand.sdf,../../aligned_files/A3509b/A3509b_apo-desolv.pdb
A3510a,Cc1ccccc1NC(=O)N1CCCC(C(N)=O)C1,../../aligned_files/A3510a/A3510a_ligand.sdf,../../aligned_files/A3510a/A3510a_apo-desolv.pdb
A3593a,CC(Cc1cocn1)NC(=O)c1nn(C)c2ccccc12,../../aligned_files/A3593a/A3593a_ligand.sdf,../../aligned_files/A3593a/A3593a_apo-desolv.pdb
A3606a,Cn1ncc(-c2cc(Cl)cc(Cl)c2)c1CC(=O)N1CCCC(C(N)=O)C1,../../aligned_files/A3606a/A3606a_ligand.sdf,../../aligned_files/A3606a/A3606a_apo-desolv.pdb
A3612a,NC(=O)C1CCCN(C(=O)Nc2ccccc2F)C1,../../aligned_files/A3612a/A3612a_ligand.sdf,../../aligned_files/A3612a/A3612a_apo-desolv.pdb
A3616a,Cc1ccccc1CNC(=O)N1CCCC(C(N)=O)C1,../../aligned_files/A3616a/A3616a_ligand.sdf,../../aligned_files/A3616a/A3616a_apo-desolv.pdb
A3616b,Cc1ccccc1CNC(=O)N1CCCC(C(N)=O)C1,../../aligned_files/A3616b/A3616b_ligand.sdf,../../aligned_files/A3616b/A3616b_apo-desolv.pdb
A3618a,CCNC(=O)c1cccc(NC(=O)N2CCCC(C(N)=O)C2)c1,../../aligned_files/A3618a/A3618a_ligand.sdf,../../aligned_files/A3618a/A3618a_apo-desolv.pdb
A3621a,COc1ccccc1CC(=O)N1CCC(O)C1,../../aligned_files/A3621a/A3621a_ligand.sdf,../../aligned_files/A3621a/A3621a_apo-desolv.pdb
A3623a,Cc1cnc(CNS(=O)(=O)CC(C)c2ccccc2)o1,../../aligned_files/A3623a/A3623a_ligand.sdf,../../aligned_files/A3623a/A3623a_apo-desolv.pdb
A3634a,COc1ccccc1CC(=O)N1CC(C)C(C(N)=O)C1,../../aligned_files/A3634a/A3634a_ligand.sdf,../../aligned_files/A3634a/A3634a_apo-desolv.pdb
A3663a,COc1ccccc1CC(=O)N1CCOC(C(N)=O)C1,../../aligned_files/A3663a/A3663a_ligand.sdf,../../aligned_files/A3663a/A3663a_apo-desolv.pdb
A3665a,COc1ccccc1CC(=O)N1CC(C(N)=O)CC(F)(F)C1,../../aligned_files/A3665a/A3665a_ligand.sdf,../../aligned_files/A3665a/A3665a_apo-desolv.pdb
A3685a,COc1ccccc1CC(=O)N1CCC(NC(N)=O)C1,../../aligned_files/A3685a/A3685a_ligand.sdf,../../aligned_files/A3685a/A3685a_apo-desolv.pdb
A3694a,COc1ccccc1CC(=O)N1CCC(CC(N)=O)C1,../../aligned_files/A3694a/A3694a_ligand.sdf,../../aligned_files/A3694a/A3694a_apo-desolv.pdb
A3694b,COc1ccccc1CC(=O)N1CCC(CC(N)=O)C1,../../aligned_files/A3694b/A3694b_ligand.sdf,../../aligned_files/A3694b/A3694b_apo-desolv.pdb
A3706a,Cc1cccc(CNC(=O)N2CCCC(C(N)=O)C2)c1,../../aligned_files/A3706a/A3706a_ligand.sdf,../../aligned_files/A3706a/A3706a_apo-desolv.pdb
A3706b,Cc1cccc(CNC(=O)N2CCCC(C(N)=O)C2)c1,../../aligned_files/A3706b/A3706b_ligand.sdf,../../aligned_files/A3706b/A3706b_apo-desolv.pdb
A3521a,N#CC1CC(NC(=O)C2(c3ccc(Cl)cc3Cl)CCOCC2)C1,../../aligned_files/A3521a/A3521a_ligand.sdf,../../aligned_files/A3521a/A3521a_apo-desolv.pdb
A3521b,N#CC1CC(NC(=O)C2(c3ccc(Cl)cc3Cl)CCOCC2)C1,../../aligned_files/A3521b/A3521b_ligand.sdf,../../aligned_files/A3521b/A3521b_apo-desolv.pdb
A3522a,COCC(=O)Nc1c(Cl)cc(C)cc1OCc1ncccn1,../../aligned_files/A3522a/A3522a_ligand.sdf,../../aligned_files/A3522a/A3522a_apo-desolv.pdb
A3546a,COc1ccc(F)cc1CC(=O)N1CCCC(C(N)=O)C1,../../aligned_files/A3546a/A3546a_ligand.sdf,../../aligned_files/A3546a/A3546a_apo-desolv.pdb
A3548a,COc1ccncc1CC(=O)N1CCCC(C(N)=O)C1,../../aligned_files/A3548a/A3548a_ligand.sdf,../../aligned_files/A3548a/A3548a_apo-desolv.pdb
A3550a,COc1ccccc1CC(=O)N1CC(C(N)=O)CCC1C,../../aligned_files/A3550a/A3550a_ligand.sdf,../../aligned_files/A3550a/A3550a_apo-desolv.pdb
A3550b,COc1ccccc1CC(=O)N1CC(C(N)=O)CCC1C,../../aligned_files/A3550b/A3550b_ligand.sdf,../../aligned_files/A3550b/A3550b_apo-desolv.pdb
A3556a,Cn1cc2c(CC(=O)N3CCC(C(N)=O)C3)cccc2n1,../../aligned_files/A3556a/A3556a_ligand.sdf,../../aligned_files/A3556a/A3556a_apo-desolv.pdb
A3557a,COc1ccc(CC(=O)N2CCCC(C(N)=O)C2)c(OC)c1,../../aligned_files/A3557a/A3557a_ligand.sdf,../../aligned_files/A3557a/A3557a_apo-desolv.pdb
A3557b,COc1ccc(CC(=O)N2CCCC(C(N)=O)C2)c(OC)c1,../../aligned_files/A3557b/A3557b_ligand.sdf,../../aligned_files/A3557b/A3557b_apo-desolv.pdb
A3564a,Cc1ccccc1NC(=O)c1cncc(C(N)=O)c1,../../aligned_files/A3564a/A3564a_ligand.sdf,../../aligned_files/A3564a/A3564a_apo-desolv.pdb
A3568a,Cc1ccc2c(C(=O)NCCc3cocn3)c[nH]c2c1,../../aligned_files/A3568a/A3568a_ligand.sdf,../../aligned_files/A3568a/A3568a_apo-desolv.pdb
A3571a,COc1ccccc1CC(=O)N1CCCCC(C(N)=O)C1,../../aligned_files/A3571a/A3571a_ligand.sdf,../../aligned_files/A3571a/A3571a_apo-desolv.pdb
A3571b,COc1ccccc1CC(=O)N1CCCCC(C(N)=O)C1,../../aligned_files/A3571b/A3571b_ligand.sdf,../../aligned_files/A3571b/A3571b_apo-desolv.pdb
A3575a,COc1c(C#N)cccc1CC(=O)N1CCCC(C(N)=O)C1,../../aligned_files/A3575a/A3575a_ligand.sdf,../../aligned_files/A3575a/A3575a_apo-desolv.pdb
A3849a,COc1ncccc1CC(=O)N1CCCC(C(N)=O)C1,../../aligned_files/A3849a/A3849a_ligand.sdf,../../aligned_files/A3849a/A3849a_apo-desolv.pdb
A3858a,COc1cccc(Cl)c1CC(=O)N1CCCC(C(N)=O)C1,../../aligned_files/A3858a/A3858a_ligand.sdf,../../aligned_files/A3858a/A3858a_apo-desolv.pdb
A3858b,COc1cccc(Cl)c1CC(=O)N1CCCC(C(N)=O)C1,../../aligned_files/A3858b/A3858b_ligand.sdf,../../aligned_files/A3858b/A3858b_apo-desolv.pdb
A3867a,Cc1ccccc1NC(=O)c1ccc(C)c(C(N)=O)c1,../../aligned_files/A3867a/A3867a_ligand.sdf,../../aligned_files/A3867a/A3867a_apo-desolv.pdb
A3868a,COc1ccccc1N(C)C(=O)N1CCCC(C(N)=O)C1,../../aligned_files/A3868a/A3868a_ligand.sdf,../../aligned_files/A3868a/A3868a_apo-desolv.pdb
A3869a,COc1ncccc1CC(=O)N1CCCC(C(N)=O)C1,../../aligned_files/A3869a/A3869a_ligand.sdf,../../aligned_files/A3869a/A3869a_apo-desolv.pdb
A3883a,COc1ccccc1C(OC)C(=O)N1CCCC(C(N)=O)C1,../../aligned_files/A3883a/A3883a_ligand.sdf,../../aligned_files/A3883a/A3883a_apo-desolv.pdb
A3884a,COc1ccccc1C(NC(=O)OC(C)(C)C)C(=O)N1CCCC(C(N)=O)C1,../../aligned_files/A3884a/A3884a_ligand.sdf,../../aligned_files/A3884a/A3884a_apo-desolv.pdb
A3884b,COc1ccccc1C(NC(=O)OC(C)(C)C)C(=O)N1CCCC(C(N)=O)C1,../../aligned_files/A3884b/A3884b_ligand.sdf,../../aligned_files/A3884b/A3884b_apo-desolv.pdb
A3890a,COc1ccccc1C(N)C(=O)N1CCCC(C(N)=O)C1,../../aligned_files/A3890a/A3890a_ligand.sdf,../../aligned_files/A3890a/A3890a_apo-desolv.pdb
A3895a,COc1ccccc1CN1CC(C(N)=O)CC1=O,../../aligned_files/A3895a/A3895a_ligand.sdf,../../aligned_files/A3895a/A3895a_apo-desolv.pdb
A3897a,COc1ccncc1CC(=O)N1CCCC(C(N)=O)C1,../../aligned_files/A3897a/A3897a_ligand.sdf,../../aligned_files/A3897a/A3897a_apo-desolv.pdb
A3901a,COc1ccccc1CC(=O)N1CCNC(C(N)=O)C1,../../aligned_files/A3901a/A3901a_ligand.sdf,../../aligned_files/A3901a/A3901a_apo-desolv.pdb
A3908a,Cc1cccc(N(CC(=O)N2CCCCC2)C(=O)N2CCCC(C(N)=O)C2)c1,../../aligned_files/A3908a/A3908a_ligand.sdf,../../aligned_files/A3908a/A3908a_apo-desolv.pdb
A3914a,Cn1cc2c(CC(=O)N3CCCC(C(N)=O)C3)cccc2n1,../../aligned_files/A3914a/A3914a_ligand.sdf,../../aligned_files/A3914a/A3914a_apo-desolv.pdb
A3920a,COc1ncccc1CC(=O)N1CCCC(C(N)=O)C1,../../aligned_files/A3920a/A3920a_ligand.sdf,../../aligned_files/A3920a/A3920a_apo-desolv.pdb
A3936a,COCC1(C(=O)N2CCCC(C(N)=O)C2)CCCCO1,../../aligned_files/A3936a/A3936a_ligand.sdf,../../aligned_files/A3936a/A3936a_apo-desolv.pdb
A3937a,COC(C(=O)N1CCCC(C(N)=O)C1)c1cccnc1,../../aligned_files/A3937a/A3937a_ligand.sdf,../../aligned_files/A3937a/A3937a_apo-desolv.pdb
A3938a,CC1(C(=O)N2CCCC(C(N)=O)C2)CCCCO1,../../aligned_files/A3938a/A3938a_ligand.sdf,../../aligned_files/A3938a/A3938a_apo-desolv.pdb
A3939a,COC(C(=O)N1CCCC(C(N)=O)C1)c1ccccc1C,../../aligned_files/A3939a/A3939a_ligand.sdf,../../aligned_files/A3939a/A3939a_apo-desolv.pdb
A3940a,COc1ccc(Cl)cc1CC(=O)N1CCCC(C(N)=O)C1,../../aligned_files/A3940a/A3940a_ligand.sdf,../../aligned_files/A3940a/A3940a_apo-desolv.pdb
A3942a,COc1cccc(Cl)c1CC(=O)N1CCCC(C(N)=O)C1,../../aligned_files/A3942a/A3942a_ligand.sdf,../../aligned_files/A3942a/A3942a_apo-desolv.pdb
A3944a,CCN(CC1CC1)C(=O)c1cccc(CC(=O)N2CCCC(C(N)=O)C2)c1,../../aligned_files/A3944a/A3944a_ligand.sdf,../../aligned_files/A3944a/A3944a_apo-desolv.pdb
A3954a,COc1ccc2c(n1)C(C(=O)N1CCCC(C(N)=O)C1)CC2,../../aligned_files/A3954a/A3954a_ligand.sdf,../../aligned_files/A3954a/A3954a_apo-desolv.pdb
A3956a,COc1ccccc1CCN1CC(C(N)=O)CC1=O,../../aligned_files/A3956a/A3956a_ligand.sdf,../../aligned_files/A3956a/A3956a_apo-desolv.pdb
A3963a,NC(=O)C1CCCN(C(=O)Cc2cccnc2N)C1,../../aligned_files/A3963a/A3963a_ligand.sdf,../../aligned_files/A3963a/A3963a_apo-desolv.pdb
A3963b,NC(=O)C1CCCN(C(=O)Cc2cccnc2N)C1,../../aligned_files/A3963b/A3963b_ligand.sdf,../../aligned_files/A3963b/A3963b_apo-desolv.pdb
A3968a,NC(=O)C1CCCN(C(=O)C(OCC2CCCC2)c2ccccc2)C1,../../aligned_files/A3968a/A3968a_ligand.sdf,../../aligned_files/A3968a/A3968a_apo-desolv.pdb
A3975a,NC(=O)C1CCCN(C(=O)C(CN2CCCC2)c2ccccc2)C1,../../aligned_files/A3975a/A3975a_ligand.sdf,../../aligned_files/A3975a/A3975a_apo-desolv.pdb
A3977a,COc1ccccc1CC(=O)N(C)CCC(N)=O,../../aligned_files/A3977a/A3977a_ligand.sdf,../../aligned_files/A3977a/A3977a_apo-desolv.pdb
A3977b,COc1ccccc1CC(=O)N(C)CCC(N)=O,../../aligned_files/A3977b/A3977b_ligand.sdf,../../aligned_files/A3977b/A3977b_apo-desolv.pdb
A3982a,NC(=O)C1CCCN(C(=O)C(c2ccccc2)c2ccccc2)C1,../../aligned_files/A3982a/A3982a_ligand.sdf,../../aligned_files/A3982a/A3982a_apo-desolv.pdb
A3986a,NC(=O)C1CCCN(C(=O)C(Sc2ccccc2)c2ccccc2)C1,../../aligned_files/A3986a/A3986a_ligand.sdf,../../aligned_files/A3986a/A3986a_apo-desolv.pdb
A3986b,NC(=O)C1CCCN(C(=O)C(Sc2ccccc2)c2ccccc2)C1,../../aligned_files/A3986b/A3986b_ligand.sdf,../../aligned_files/A3986b/A3986b_apo-desolv.pdb
A3989a,NC(=O)C1CCN(C(=O)Cc2cc(C(F)(F)F)ccc2Cl)C1,../../aligned_files/A3989a/A3989a_ligand.sdf,../../aligned_files/A3989a/A3989a_apo-desolv.pdb
A3990a,COc1ccccc1CC(=O)N1CC(C(N)=O)C(C(F)(F)F)C1,../../aligned_files/A3990a/A3990a_ligand.sdf,../../aligned_files/A3990a/A3990a_apo-desolv.pdb
A3992a,COc1cccc(Cl)c1NC(=O)N1CCC(C(N)=O)C1,../../aligned_files/A3992a/A3992a_ligand.sdf,../../aligned_files/A3992a/A3992a_apo-desolv.pdb
A3992b,COc1cccc(Cl)c1NC(=O)N1CCC(C(N)=O)C1,../../aligned_files/A3992b/A3992b_ligand.sdf,../../aligned_files/A3992b/A3992b_apo-desolv.pdb
A3993a,COc1cccc(Cl)c1CC(=O)N1CC(C(N)=O)CC(C(=O)NC2CC2)C1,../../aligned_files/A3993a/A3993a_ligand.sdf,../../aligned_files/A3993a/A3993a_apo-desolv.pdb
A3993b,COc1cccc(Cl)c1CC(=O)N1CC(C(N)=O)CC(C(=O)NC2CC2)C1,../../aligned_files/A3993b/A3993b_ligand.sdf,../../aligned_files/A3993b/A3993b_apo-desolv.pdb
A4012a,COc1ccccc1NC(=O)N1CCCC(C(N)=O)C1,../../aligned_files/A4012a/A4012a_ligand.sdf,../../aligned_files/A4012a/A4012a_apo-desolv.pdb
A4012b,COc1ccccc1NC(=O)N1CCCC(C(N)=O)C1,../../aligned_files/A4012b/A4012b_ligand.sdf,../../aligned_files/A4012b/A4012b_apo-desolv.pdb
A4017a,Cn1ncc2c(NC(=O)N3CCCC(C(N)=O)C3)cccc21,../../aligned_files/A4017a/A4017a_ligand.sdf,../../aligned_files/A4017a/A4017a_apo-desolv.pdb
A4017b,Cn1ncc2c(NC(=O)N3CCCC(C(N)=O)C3)cccc21,../../aligned_files/A4017b/A4017b_ligand.sdf,../../aligned_files/A4017b/A4017b_apo-desolv.pdb
A4018a,COc1ccccc1CC(=O)N1CCCC(C(N)=O)CC1,../../aligned_files/A4018a/A4018a_ligand.sdf,../../aligned_files/A4018a/A4018a_apo-desolv.pdb
A4018b,COc1ccccc1CC(=O)N1CCCC(C(N)=O)CC1,../../aligned_files/A4018b/A4018b_ligand.sdf,../../aligned_files/A4018b/A4018b_apo-desolv.pdb
A4020a,Cc1cccc(CC(=O)N2CCCC(C(N)=O)C2)c1,../../aligned_files/A4020a/A4020a_ligand.sdf,../../aligned_files/A4020a/A4020a_apo-desolv.pdb
A4020b,Cc1cccc(CC(=O)N2CCCC(C(N)=O)C2)c1,../../aligned_files/A4020b/A4020b_ligand.sdf,../../aligned_files/A4020b/A4020b_apo-desolv.pdb
A4028a,COc1ccc(C(F)(F)F)cc1CC(=O)N1CCCC(C(N)=O)C1,../../aligned_files/A4028a/A4028a_ligand.sdf,../../aligned_files/A4028a/A4028a_apo-desolv.pdb
A4029a,COc1ccccc1CN1CC(C(N)=O)CCC1=O,../../aligned_files/A4029a/A4029a_ligand.sdf,../../aligned_files/A4029a/A4029a_apo-desolv.pdb
A4031a,COc1ncccc1NC(=O)N1CCCC(C(N)=O)C1,../../aligned_files/A4031a/A4031a_ligand.sdf,../../aligned_files/A4031a/A4031a_apo-desolv.pdb
A4031b,COc1ncccc1NC(=O)N1CCCC(C(N)=O)C1,../../aligned_files/A4031b/A4031b_ligand.sdf,../../aligned_files/A4031b/A4031b_apo-desolv.pdb
A4032a,COc1ccccc1CC(=O)N1CCC(CC(N)=O)C1,../../aligned_files/A4032a/A4032a_ligand.sdf,../../aligned_files/A4032a/A4032a_apo-desolv.pdb
A4032b,COc1ccccc1CC(=O)N1CCC(CC(N)=O)C1,../../aligned_files/A4032b/A4032b_ligand.sdf,../../aligned_files/A4032b/A4032b_apo-desolv.pdb
A4035a,COc1cccc(Cl)c1NC(=O)N1CCCC(C(N)=O)C1,../../aligned_files/A4035a/A4035a_ligand.sdf,../../aligned_files/A4035a/A4035a_apo-desolv.pdb
A4035b,COc1cccc(Cl)c1NC(=O)N1CCCC(C(N)=O)C1,../../aligned_files/A4035b/A4035b_ligand.sdf,../../aligned_files/A4035b/A4035b_apo-desolv.pdb
A4202a,NC(=O)C1CCCN(C(=O)C2CCc3cccc(Br)c32)C1,../../aligned_files/A4202a/A4202a_ligand.sdf,../../aligned_files/A4202a/A4202a_apo-desolv.pdb
A4202b,NC(=O)C1CCCN(C(=O)C2CCc3cccc(Br)c32)C1,../../aligned_files/A4202b/A4202b_ligand.sdf,../../aligned_files/A4202b/A4202b_apo-desolv.pdb
A4290a,CSc1c(Br)cccc1CC(=O)N1CCCC(C(N)=O)C1,../../aligned_files/A4290a/A4290a_ligand.sdf,../../aligned_files/A4290a/A4290a_apo-desolv.pdb
A4291a,Cc1cc(C)c(CC(=O)N2CCCC(C(N)=O)C2)c(=O)[nH]1,../../aligned_files/A4291a/A4291a_ligand.sdf,../../aligned_files/A4291a/A4291a_apo-desolv.pdb
A4292a,NC(=O)C1CCCN(C(=O)Cc2cnccc2C(F)(F)F)C1,../../aligned_files/A4292a/A4292a_ligand.sdf,../../aligned_files/A4292a/A4292a_apo-desolv.pdb
A4295a,COc1ccccc1C(O)CN1CC(C(N)=O)CC1=O,../../aligned_files/A4295a/A4295a_ligand.sdf,../../aligned_files/A4295a/A4295a_apo-desolv.pdb
A4303a,COc1ccc(S(C)(=O)=O)cc1NC(=O)N1CCCC(C(N)=O)C1,../../aligned_files/A4303a/A4303a_ligand.sdf,../../aligned_files/A4303a/A4303a_apo-desolv.pdb
A4303b,COc1ccc(S(C)(=O)=O)cc1NC(=O)N1CCCC(C(N)=O)C1,../../aligned_files/A4303b/A4303b_ligand.sdf,../../aligned_files/A4303b/A4303b_apo-desolv.pdb
A4304a,COc1ccc(NS(C)(=O)=O)cc1NC(=O)N1CCCC(C(N)=O)C1,../../aligned_files/A4304a/A4304a_ligand.sdf,../../aligned_files/A4304a/A4304a_apo-desolv.pdb
A4305a,CC(C)Oc1ccccc1NC(=O)N1CCCC(C(N)=O)C1,../../aligned_files/A4305a/A4305a_ligand.sdf,../../aligned_files/A4305a/A4305a_apo-desolv.pdb
A4306a,NC(=O)C1CCCN(C(=O)Nc2ccccc2OCC(F)(F)F)C1,../../aligned_files/A4306a/A4306a_ligand.sdf,../../aligned_files/A4306a/A4306a_apo-desolv.pdb
A4308a,NC(=O)C1CCCN(C(=O)Nc2cc3c(cc2Cl)OCO3)C1,../../aligned_files/A4308a/A4308a_ligand.sdf,../../aligned_files/A4308a/A4308a_apo-desolv.pdb
A4309a,CCS(=O)(=O)c1ccc(OC)c(NC(=O)N2CCCC(C(N)=O)C2)c1,../../aligned_files/A4309a/A4309a_ligand.sdf,../../aligned_files/A4309a/A4309a_apo-desolv.pdb
A4309b,CCS(=O)(=O)c1ccc(OC)c(NC(=O)N2CCCC(C(N)=O)C2)c1,../../aligned_files/A4309b/A4309b_ligand.sdf,../../aligned_files/A4309b/A4309b_apo-desolv.pdb
A4310a,COc1c(NC(=O)N2CCCC(C(N)=O)C2)cccc1C(F)(F)F,../../aligned_files/A4310a/A4310a_ligand.sdf,../../aligned_files/A4310a/A4310a_apo-desolv.pdb
A4310b,COc1c(NC(=O)N2CCCC(C(N)=O)C2)cccc1C(F)(F)F,../../aligned_files/A4310b/A4310b_ligand.sdf,../../aligned_files/A4310b/A4310b_apo-desolv.pdb
A4311a,CC(C)(C)c1ccccc1NC(=O)N1CCCC(C(N)=O)C1,../../aligned_files/A4311a/A4311a_ligand.sdf,../../aligned_files/A4311a/A4311a_apo-desolv.pdb
A4312a,NC(=O)C1CC(=O)N(Cc2cccc3c2OCC3)C1,../../aligned_files/A4312a/A4312a_ligand.sdf,../../aligned_files/A4312a/A4312a_apo-desolv.pdb
A4313a,COc1ccccc1C(C)CN1CC(C(N)=O)CC1=O,../../aligned_files/A4313a/A4313a_ligand.sdf,../../aligned_files/A4313a/A4313a_apo-desolv.pdb
A4315a,NC(=O)C1CCC(=O)N(Cc2cccc3c2OCO3)C1,../../aligned_files/A4315a/A4315a_ligand.sdf,../../aligned_files/A4315a/A4315a_apo-desolv.pdb
A4316a,COc1cccc2c1CCC2N1CC(C(N)=O)CCC1=O,../../aligned_files/A4316a/A4316a_ligand.sdf,../../aligned_files/A4316a/A4316a_apo-desolv.pdb
A4317a,COc1ccccc1CC(=O)N1CC(C(N)=O)CC12CC2,../../aligned_files/A4317a/A4317a_ligand.sdf,../../aligned_files/A4317a/A4317a_apo-desolv.pdb
A4319a,NC(=O)C1CCCN(C(=O)Cc2ccccc2OC(F)F)C1,../../aligned_files/A4319a/A4319a_ligand.sdf,../../aligned_files/A4319a/A4319a_apo-desolv.pdb
A4320a,NC(=O)C1CCCN(C(=O)Cc2ccc3c(c2)CCC(=O)N3)C1,../../aligned_files/A4320a/A4320a_ligand.sdf,../../aligned_files/A4320a/A4320a_apo-desolv.pdb
A4321a,N#CCc1ccccc1CC(=O)N1CCCC(C(N)=O)C1,../../aligned_files/A4321a/A4321a_ligand.sdf,../../aligned_files/A4321a/A4321a_apo-desolv.pdb
A4321b,N#CCc1ccccc1CC(=O)N1CCCC(C(N)=O)C1,../../aligned_files/A4321b/A4321b_ligand.sdf,../../aligned_files/A4321b/A4321b_apo-desolv.pdb
A4322a,CC(=O)Nc1ccccc1CC(=O)N1CCCC(C(N)=O)C1,../../aligned_files/A4322a/A4322a_ligand.sdf,../../aligned_files/A4322a/A4322a_apo-desolv.pdb
A4324a,NC(=O)C1CCC(=O)N(Cc2cccc3c2OCC3)C1,../../aligned_files/A4324a/A4324a_ligand.sdf,../../aligned_files/A4324a/A4324a_apo-desolv.pdb
A4331a,CCc1ccccc1CC(=O)N1CCCC(C(N)=O)C1,../../aligned_files/A4331a/A4331a_ligand.sdf,../../aligned_files/A4331a/A4331a_apo-desolv.pdb
A4331b,CCc1ccccc1CC(=O)N1CCCC(C(N)=O)C1,../../aligned_files/A4331b/A4331b_ligand.sdf,../../aligned_files/A4331b/A4331b_apo-desolv.pdb
A4333a,Cc1ncccc1CC(=O)N1CCCC(C(N)=O)C1,../../aligned_files/A4333a/A4333a_ligand.sdf,../../aligned_files/A4333a/A4333a_apo-desolv.pdb
A4334a,CSc1cccc(CC(=O)N2CCCC(C(N)=O)C2)c1,../../aligned_files/A4334a/A4334a_ligand.sdf,../../aligned_files/A4334a/A4334a_apo-desolv.pdb
A4334b,CSc1cccc(CC(=O)N2CCCC(C(N)=O)C2)c1,../../aligned_files/A4334b/A4334b_ligand.sdf,../../aligned_files/A4334b/A4334b_apo-desolv.pdb
A4336a,NC(=O)C1CCCN(C(=O)Cc2cccc(Cl)c2Cl)C1,../../aligned_files/A4336a/A4336a_ligand.sdf,../../aligned_files/A4336a/A4336a_apo-desolv.pdb
A4341a,NC(=O)C1CCCN(C(=O)Cc2cccc3sccc23)C1,../../aligned_files/A4341a/A4341a_ligand.sdf,../../aligned_files/A4341a/A4341a_apo-desolv.pdb
A4342a,NC(=O)C1CCCN(C(=O)Cc2cccnc2C(F)(F)F)C1,../../aligned_files/A4342a/A4342a_ligand.sdf,../../aligned_files/A4342a/A4342a_apo-desolv.pdb
A4343a,NC(=O)C1CCCN(C(=O)Cc2ccnc(O)c2Br)C1,../../aligned_files/A4343a/A4343a_ligand.sdf,../../aligned_files/A4343a/A4343a_apo-desolv.pdb
A4343b,NC(=O)C1CCCN(C(=O)Cc2ccnc(O)c2Br)C1,../../aligned_files/A4343b/A4343b_ligand.sdf,../../aligned_files/A4343b/A4343b_apo-desolv.pdb
A4344a,NC(=O)C1CCCN(C(=O)Cc2cccc3c2CCC3)C1,../../aligned_files/A4344a/A4344a_ligand.sdf,../../aligned_files/A4344a/A4344a_apo-desolv.pdb
A4346a,NC(=O)C1CCCN(C(=O)Cc2cccc3nonc23)C1,../../aligned_files/A4346a/A4346a_ligand.sdf,../../aligned_files/A4346a/A4346a_apo-desolv.pdb
A4347a,COc1ncccc1CC(=O)N1CCCC(C(N)=O)C1,../../aligned_files/A4347a/A4347a_ligand.sdf,../../aligned_files/A4347a/A4347a_apo-desolv.pdb
A4350a,Cc1cnccc1CC(=O)N1CCCC(C(N)=O)C1,../../aligned_files/A4350a/A4350a_ligand.sdf,../../aligned_files/A4350a/A4350a_apo-desolv.pdb
A4351a,NC(=O)CC1CCCN(c2ncnc3ccccc23)C1,../../aligned_files/A4351a/A4351a_ligand.sdf,../../aligned_files/A4351a/A4351a_apo-desolv.pdb
A4365a,NC(=O)C1CCCN(C(=O)Cc2cccc3c2OCCO3)C1,../../aligned_files/A4365a/A4365a_ligand.sdf,../../aligned_files/A4365a/A4365a_apo-desolv.pdb
A4365b,NC(=O)C1CCCN(C(=O)Cc2cccc3c2OCCO3)C1,../../aligned_files/A4365b/A4365b_ligand.sdf,../../aligned_files/A4365b/A4365b_apo-desolv.pdb
A4368a,COCc1ccccc1CC(=O)N1CCCC(C(N)=O)C1,../../aligned_files/A4368a/A4368a_ligand.sdf,../../aligned_files/A4368a/A4368a_apo-desolv.pdb
A4372a,NC(=O)C1CCCN(C(=O)Cc2cccnc2O)C1,../../aligned_files/A4372a/A4372a_ligand.sdf,../../aligned_files/A4372a/A4372a_apo-desolv.pdb
A4373a,NC(=O)C1CCCN(C(=O)Cc2cccc3c2OCO3)C1,../../aligned_files/A4373a/A4373a_ligand.sdf,../../aligned_files/A4373a/A4373a_apo-desolv.pdb
A4374a,NC(=O)C1CCCN(C(=O)Cc2ccccc2CO)C1,../../aligned_files/A4374a/A4374a_ligand.sdf,../../aligned_files/A4374a/A4374a_apo-desolv.pdb
A4374b,NC(=O)C1CCCN(C(=O)Cc2ccccc2CO)C1,../../aligned_files/A4374b/A4374b_ligand.sdf,../../aligned_files/A4374b/A4374b_apo-desolv.pdb
A4380a,NC(=O)C1CCCN(C(=O)Cc2cc(F)ccc2Cl)C1,../../aligned_files/A4380a/A4380a_ligand.sdf,../../aligned_files/A4380a/A4380a_apo-desolv.pdb
A4381a,NC(=O)C1CCCN(C(=O)Cc2cc(C(F)(F)F)ccc2C(F)(F)F)C1,../../aligned_files/A4381a/A4381a_ligand.sdf,../../aligned_files/A4381a/A4381a_apo-desolv.pdb
A4203a,COc1cc(Cl)ccc1CC(=O)N1CCCC(C(N)=O)C1,../../aligned_files/A4203a/A4203a_ligand.sdf,../../aligned_files/A4203a/A4203a_apo-desolv.pdb
A4207a,COc1ccccc1C(NC(C)=O)C(=O)N1CCCC(C(N)=O)C1,../../aligned_files/A4207a/A4207a_ligand.sdf,../../aligned_files/A4207a/A4207a_apo-desolv.pdb
A4207b,COc1ccccc1C(NC(C)=O)C(=O)N1CCCC(C(N)=O)C1,../../aligned_files/A4207b/A4207b_ligand.sdf,../../aligned_files/A4207b/A4207b_apo-desolv.pdb
A4209a,COc1cccc(Cl)c1CC(=O)N1CCCC(C(N)=O)C1,../../aligned_files/A4209a/A4209a_ligand.sdf,../../aligned_files/A4209a/A4209a_apo-desolv.pdb
A4214a,COc1ccccc1S(=O)(=O)N1CCCC(C(N)=O)C1,../../aligned_files/A4214a/A4214a_ligand.sdf,../../aligned_files/A4214a/A4214a_apo-desolv.pdb
A4214b,COc1ccccc1S(=O)(=O)N1CCCC(C(N)=O)C1,../../aligned_files/A4214b/A4214b_ligand.sdf,../../aligned_files/A4214b/A4214b_apo-desolv.pdb
A4237a,NC(=O)C1CCCN(C(=O)C(Cc2ccc(F)cc2)c2ccccc2)C1,../../aligned_files/A4237a/A4237a_ligand.sdf,../../aligned_files/A4237a/A4237a_apo-desolv.pdb
A4237b,NC(=O)C1CCCN(C(=O)C(Cc2ccc(F)cc2)c2ccccc2)C1,../../aligned_files/A4237b/A4237b_ligand.sdf,../../aligned_files/A4237b/A4237b_apo-desolv.pdb
A4239a,COc1cccc(Cl)c1CC(=O)N1CC(C(N)=O)C2CCCC21,../../aligned_files/A4239a/A4239a_ligand.sdf,../../aligned_files/A4239a/A4239a_apo-desolv.pdb
A4254a,NC(=O)C1CCCN(C(=O)C2Cc3cccc(Cl)c32)C1,../../aligned_files/A4254a/A4254a_ligand.sdf,../../aligned_files/A4254a/A4254a_apo-desolv.pdb
A4260a,NC(=O)C1CCCN(C(=O)C2CCOc3ccc(Cl)cc32)C1,../../aligned_files/A4260a/A4260a_ligand.sdf,../../aligned_files/A4260a/A4260a_apo-desolv.pdb
A4274a,COc1cccnc1CN1CCCC(C(N)=O)C1,../../aligned_files/A4274a/A4274a_ligand.sdf,../../aligned_files/A4274a/A4274a_apo-desolv.pdb
A4274b,COc1cccnc1CN1CCCC(C(N)=O)C1,../../aligned_files/A4274b/A4274b_ligand.sdf,../../aligned_files/A4274b/A4274b_apo-desolv.pdb
A4283a,COc1cccnc1CC(=O)N1CCCC(C(N)=O)C1,../../aligned_files/A4283a/A4283a_ligand.sdf,../../aligned_files/A4283a/A4283a_apo-desolv.pdb
A4283b,COc1cccnc1CC(=O)N1CCCC(C(N)=O)C1,../../aligned_files/A4283b/A4283b_ligand.sdf,../../aligned_files/A4283b/A4283b_apo-desolv.pdb
A4386a,CSc1ccccc1CC(=O)N1CCCC(C(N)=O)C1,../../aligned_files/A4386a/A4386a_ligand.sdf,../../aligned_files/A4386a/A4386a_apo-desolv.pdb
A4388a,COc1ncc(Br)cc1CC(=O)N1CCCC(C(N)=O)C1,../../aligned_files/A4388a/A4388a_ligand.sdf,../../aligned_files/A4388a/A4388a_apo-desolv.pdb
A4390a,COc1ccccc1CCN1CC(C(N)=O)CCC1=O,../../aligned_files/A4390a/A4390a_ligand.sdf,../../aligned_files/A4390a/A4390a_apo-desolv.pdb
A4402a,Cc1cccc(N2CCCN(CCC(N)=O)C2=O)c1,../../aligned_files/A4402a/A4402a_ligand.sdf,../../aligned_files/A4402a/A4402a_apo-desolv.pdb
A4403a,NC(=O)C1CCCN(C(=O)Cc2ccccc2CS(N)(=O)=O)C1,../../aligned_files/A4403a/A4403a_ligand.sdf,../../aligned_files/A4403a/A4403a_apo-desolv.pdb
A4406a,COc1ccccc1C(O)CN1CC(C(N)=O)CCC1=O,../../aligned_files/A4406a/A4406a_ligand.sdf,../../aligned_files/A4406a/A4406a_apo-desolv.pdb
A4409a,NC(=O)C1CCC(=O)N(CC2CCOc3ccccc32)C1,../../aligned_files/A4409a/A4409a_ligand.sdf,../../aligned_files/A4409a/A4409a_apo-desolv.pdb
A4415a,COc1ccc(C#N)cc1NC(=O)N1CCCC(C(N)=O)C1,../../aligned_files/A4415a/A4415a_ligand.sdf,../../aligned_files/A4415a/A4415a_apo-desolv.pdb
A4416a,NC(=O)C1CCCN(C(=O)C2(Cc3ccc(F)cc3)CCCCO2)C1,../../aligned_files/A4416a/A4416a_ligand.sdf,../../aligned_files/A4416a/A4416a_apo-desolv.pdb
A4418a,COc1ncccc1NC(=O)N1CCC(C(N)=O)C1,../../aligned_files/A4418a/A4418a_ligand.sdf,../../aligned_files/A4418a/A4418a_apo-desolv.pdb
A4420a,NC(=O)C1CCC(=O)N(Cc2cc(Cl)c3c[nH]nc3c2)C1,../../aligned_files/A4420a/A4420a_ligand.sdf,../../aligned_files/A4420a/A4420a_apo-desolv.pdb
A4421a,COc1ccncc1CC(=O)N1CCC(C(N)=O)C1,../../aligned_files/A4421a/A4421a_ligand.sdf,../../aligned_files/A4421a/A4421a_apo-desolv.pdb
A4423a,COc1ccncc1CC(=O)N1CCCC(CCO)C1,../../aligned_files/A4423a/A4423a_ligand.sdf,../../aligned_files/A4423a/A4423a_apo-desolv.pdb
A4426a,C#CC(NCCc1cocn1)c1nn(C)c2ccccc12,../../aligned_files/A4426a/A4426a_ligand.sdf,../../aligned_files/A4426a/A4426a_apo-desolv.pdb
A4429a,COc1ccc(C(F)(F)F)cc1NC(=O)N1CCCC(C(N)=O)C1,../../aligned_files/A4429a/A4429a_ligand.sdf,../../aligned_files/A4429a/A4429a_apo-desolv.pdb
A4431a,CSc1ccc(Br)cc1CC(=O)N1CCCC(C(N)=O)C1,../../aligned_files/A4431a/A4431a_ligand.sdf,../../aligned_files/A4431a/A4431a_apo-desolv.pdb
A4445a,COc1ccccc1C(C)C(=O)N1CCCC(C(N)=O)C1,../../aligned_files/A4445a/A4445a_ligand.sdf,../../aligned_files/A4445a/A4445a_apo-desolv.pdb
A4445b,COc1ccccc1C(C)C(=O)N1CCCC(C(N)=O)C1,../../aligned_files/A4445b/A4445b_ligand.sdf,../../aligned_files/A4445b/A4445b_apo-desolv.pdb
A4447a,Cn1cnc2c(NC(=O)N3CCCC(C(N)=O)C3)cccc21,../../aligned_files/A4447a/A4447a_ligand.sdf,../../aligned_files/A4447a/A4447a_apo-desolv.pdb
A4447b,Cn1cnc2c(NC(=O)N3CCCC(C(N)=O)C3)cccc21,../../aligned_files/A4447b/A4447b_ligand.sdf,../../aligned_files/A4447b/A4447b_apo-desolv.pdb
A4449a,COc1ccccc1C(NC(C)=O)C(=O)N1CCCC(C(N)=O)C1,../../aligned_files/A4449a/A4449a_ligand.sdf,../../aligned_files/A4449a/A4449a_apo-desolv.pdb
A4449b,COc1ccccc1C(NC(C)=O)C(=O)N1CCCC(C(N)=O)C1,../../aligned_files/A4449b/A4449b_ligand.sdf,../../aligned_files/A4449b/A4449b_apo-desolv.pdb
A4451a,NC(=O)C1CCCN(C(=O)C(c2ccccc2)n2cccn2)C1,../../aligned_files/A4451a/A4451a_ligand.sdf,../../aligned_files/A4451a/A4451a_apo-desolv.pdb
A4451b,NC(=O)C1CCCN(C(=O)C(c2ccccc2)n2cccn2)C1,../../aligned_files/A4451b/A4451b_ligand.sdf,../../aligned_files/A4451b/A4451b_apo-desolv.pdb
A4456a,NC(=O)C1CCCN(C(=O)C2CCc3cccc(O)c32)C1,../../aligned_files/A4456a/A4456a_ligand.sdf,../../aligned_files/A4456a/A4456a_apo-desolv.pdb
A4456b,NC(=O)C1CCCN(C(=O)C2CCc3cccc(O)c32)C1,../../aligned_files/A4456b/A4456b_ligand.sdf,../../aligned_files/A4456b/A4456b_apo-desolv.pdb
A4461a,NC(=O)C1CCCN(C(=O)Cc2ccncc2Cl)C1,../../aligned_files/A4461a/A4461a_ligand.sdf,../../aligned_files/A4461a/A4461a_apo-desolv.pdb
A4463a,NC(=O)C1CCCN(C(=O)Cc2cccc3nsnc23)C1,../../aligned_files/A4463a/A4463a_ligand.sdf,../../aligned_files/A4463a/A4463a_apo-desolv.pdb
A4464a,Cc1ncnc(C)c1CC(=O)N1CCCC(C(N)=O)C1,../../aligned_files/A4464a/A4464a_ligand.sdf,../../aligned_files/A4464a/A4464a_apo-desolv.pdb
A4467a,NC(=O)C1CCCN(C(=O)C2(n3cccn3)CCCC2)C1,../../aligned_files/A4467a/A4467a_ligand.sdf,../../aligned_files/A4467a/A4467a_apo-desolv.pdb
A4472a,NC(=O)C1CCCN(C(=O)C2CCc3snnc32)C1,../../aligned_files/A4472a/A4472a_ligand.sdf,../../aligned_files/A4472a/A4472a_apo-desolv.pdb
A4476a,COc1ccccc1CC(=O)N1CC2(C(N)=O)CCC1C2,../../aligned_files/A4476a/A4476a_ligand.sdf,../../aligned_files/A4476a/A4476a_apo-desolv.pdb
A4489a,NC(=O)C1CCCN(C(=O)Cc2cccnc2N)C1,../../aligned_files/A4489a/A4489a_ligand.sdf,../../aligned_files/A4489a/A4489a_apo-desolv.pdb
A4489b,NC(=O)C1CCCN(C(=O)Cc2cccnc2N)C1,../../aligned_files/A4489b/A4489b_ligand.sdf,../../aligned_files/A4489b/A4489b_apo-desolv.pdb
A4490a,NC(=O)C1CCC(=O)N(Cc2cccc3cc[nH]c23)C1,../../aligned_files/A4490a/A4490a_ligand.sdf,../../aligned_files/A4490a/A4490a_apo-desolv.pdb
A4494a,CC(C(=O)N1CCCC(C(N)=O)C1)c1noc2ccccc12,../../aligned_files/A4494a/A4494a_ligand.sdf,../../aligned_files/A4494a/A4494a_apo-desolv.pdb
A4496a,NC(=O)C1CCCN(C(=O)C2(c3ccnn3C(F)(F)F)CC2)C1,../../aligned_files/A4496a/A4496a_ligand.sdf,../../aligned_files/A4496a/A4496a_apo-desolv.pdb
A4509a,CC(C(=O)N1CCCC(C(N)=O)C1)c1cncc(F)c1,../../aligned_files/A4509a/A4509a_ligand.sdf,../../aligned_files/A4509a/A4509a_apo-desolv.pdb
A4510a,CC(C(=O)N1CCCC(C(N)=O)C1)c1cn(C)nc1C(F)(F)F,../../aligned_files/A4510a/A4510a_ligand.sdf,../../aligned_files/A4510a/A4510a_apo-desolv.pdb
A4514a,NC(=O)C1CCCN(C(=O)C2(c3ccoc3)CCC2)C1,../../aligned_files/A4514a/A4514a_ligand.sdf,../../aligned_files/A4514a/A4514a_apo-desolv.pdb
A4516a,NC(=O)C1CCCN(C(=O)C(F)(F)c2cnsc2Cl)C1,../../aligned_files/A4516a/A4516a_ligand.sdf,../../aligned_files/A4516a/A4516a_apo-desolv.pdb
A4519a,NC(=O)C1CCCN(C(=O)Cc2ncc3ccc(Br)cn23)C1,../../aligned_files/A4519a/A4519a_ligand.sdf,../../aligned_files/A4519a/A4519a_apo-desolv.pdb
A4519b,NC(=O)C1CCCN(C(=O)Cc2ncc3ccc(Br)cn23)C1,../../aligned_files/A4519b/A4519b_ligand.sdf,../../aligned_files/A4519b/A4519b_apo-desolv.pdb
A4524a,COc1cccc(NC(=O)N2CCCC(C(N)=O)C2)c1Cl,../../aligned_files/A4524a/A4524a_ligand.sdf,../../aligned_files/A4524a/A4524a_apo-desolv.pdb
A4526a,CC(C(=O)N1CCCC(C(N)=O)C1)c1cccs1,../../aligned_files/A4526a/A4526a_ligand.sdf,../../aligned_files/A4526a/A4526a_apo-desolv.pdb
A4528a,NC(=O)C1CCCN(C(=O)CN2CCOc3ccc(Cl)cc32)C1,../../aligned_files/A4528a/A4528a_ligand.sdf,../../aligned_files/A4528a/A4528a_apo-desolv.pdb
A4537a,NC(=O)C1CCC(=O)N(Cc2csc3ccccc23)C1,../../aligned_files/A4537a/A4537a_ligand.sdf,../../aligned_files/A4537a/A4537a_apo-desolv.pdb
A4538a,NC(=O)C1CCCN(C(=O)C(F)(F)c2cccc(F)c2Br)C1,../../aligned_files/A4538a/A4538a_ligand.sdf,../../aligned_files/A4538a/A4538a_apo-desolv.pdb
A4540a,NC(=O)C1CCCN(C(=O)Cn2cc(Br)cc(Cl)c2=O)C1,../../aligned_files/A4540a/A4540a_ligand.sdf,../../aligned_files/A4540a/A4540a_apo-desolv.pdb
A4541a,NC(=O)C1CCCN(C(=O)C(F)(F)c2cnsc2Cl)C1,../../aligned_files/A4541a/A4541a_ligand.sdf,../../aligned_files/A4541a/A4541a_apo-desolv.pdb
A4541b,NC(=O)C1CCCN(C(=O)C(F)(F)c2cnsc2Cl)C1,../../aligned_files/A4541b/A4541b_ligand.sdf,../../aligned_files/A4541b/A4541b_apo-desolv.pdb
A4544a,CS(=O)(=O)c1ccc(Br)cc1CC(=O)N1CCCC(C(N)=O)C1,../../aligned_files/A4544a/A4544a_ligand.sdf,../../aligned_files/A4544a/A4544a_apo-desolv.pdb
A4546a,NC(=O)C1CCC(=O)N(Cc2cccc3cc[nH]c23)C1,../../aligned_files/A4546a/A4546a_ligand.sdf,../../aligned_files/A4546a/A4546a_apo-desolv.pdb
A4547a,Cn1nc(CN2CC(C(N)=O)CCC2=O)c2ccccc21,../../aligned_files/A4547a/A4547a_ligand.sdf,../../aligned_files/A4547a/A4547a_apo-desolv.pdb
A4554a,COc1cccc(SC)c1NC(=O)N1CCCC(C(N)=O)C1,../../aligned_files/A4554a/A4554a_ligand.sdf,../../aligned_files/A4554a/A4554a_apo-desolv.pdb
A4559a,Cc1ccc2c(ccn2CC(=O)N2CCCC(C(N)=O)C2)c1,../../aligned_files/A4559a/A4559a_ligand.sdf,../../aligned_files/A4559a/A4559a_apo-desolv.pdb
A4559b,Cc1ccc2c(ccn2CC(=O)N2CCCC(C(N)=O)C2)c1,../../aligned_files/A4559b/A4559b_ligand.sdf,../../aligned_files/A4559b/A4559b_apo-desolv.pdb
A4563a,NC(=O)C1CCC(=O)N(c2ccccc2)C1,../../aligned_files/A4563a/A4563a_ligand.sdf,../../aligned_files/A4563a/A4563a_apo-desolv.pdb
A4570a,CC(C(=O)N1CCCC(C(N)=O)C1)c1cncc(F)c1,../../aligned_files/A4570a/A4570a_ligand.sdf,../../aligned_files/A4570a/A4570a_apo-desolv.pdb
A4571a,CC(C(=O)N1CCCC(C(N)=O)C1)c1cn(C)nc1C(F)(F)F,../../aligned_files/A4571a/A4571a_ligand.sdf,../../aligned_files/A4571a/A4571a_apo-desolv.pdb
A4575a,NC(=O)C1CCCN(C(=O)C2(c3ccoc3)CCC2)C1,../../aligned_files/A4575a/A4575a_ligand.sdf,../../aligned_files/A4575a/A4575a_apo-desolv.pdb
A4580a,NC(=O)C1CCCN(C(=O)Cc2ncc3ccc(Br)cn23)C1,../../aligned_files/A4580a/A4580a_ligand.sdf,../../aligned_files/A4580a/A4580a_apo-desolv.pdb
A4580b,NC(=O)C1CCCN(C(=O)Cc2ncc3ccc(Br)cn23)C1,../../aligned_files/A4580b/A4580b_ligand.sdf,../../aligned_files/A4580b/A4580b_apo-desolv.pdb
A4583a,CN1c2ccccc2CC1C(=O)N1CCCC(C(N)=O)C1,../../aligned_files/A4583a/A4583a_ligand.sdf,../../aligned_files/A4583a/A4583a_apo-desolv.pdb
A4583b,CN1c2ccccc2CC1C(=O)N1CCCC(C(N)=O)C1,../../aligned_files/A4583b/A4583b_ligand.sdf,../../aligned_files/A4583b/A4583b_apo-desolv.pdb
A4586a,CC(C(=O)N1CCCC(C(N)=O)C1)c1cccs1,../../aligned_files/A4586a/A4586a_ligand.sdf,../../aligned_files/A4586a/A4586a_apo-desolv.pdb
A4596b,NC(=O)C1CCC(=O)N(Cc2ccc3cc[nH]c3c2)C1,../../aligned_files/A4596b/A4596b_ligand.sdf,../../aligned_files/A4596b/A4596b_apo-desolv.pdb
A4596a,NC(=O)C1CCC(=O)N(Cc2ccc3cc[nH]c3c2)C1,../../aligned_files/A4596a/A4596a_ligand.sdf,../../aligned_files/A4596a/A4596a_apo-desolv.pdb
A4596c,NC(=O)C1CCC(=O)N(Cc2ccc3cc[nH]c3c2)C1,../../aligned_files/A4596c/A4596c_ligand.sdf,../../aligned_files/A4596c/A4596c_apo-desolv.pdb
A4606a,NC(=O)C1CCCN(C(=O)C2SCc3cccnc32)C1,../../aligned_files/A4606a/A4606a_ligand.sdf,../../aligned_files/A4606a/A4606a_apo-desolv.pdb
A4606b,NC(=O)C1CCCN(C(=O)C2SCc3cccnc32)C1,../../aligned_files/A4606b/A4606b_ligand.sdf,../../aligned_files/A4606b/A4606b_apo-desolv.pdb
A4608a,Cn1cc2c(n1)CCCC2C(=O)N1CCCC(C(N)=O)C1,../../aligned_files/A4608a/A4608a_ligand.sdf,../../aligned_files/A4608a/A4608a_apo-desolv.pdb
A4611a,NC(=O)C1CCC(=O)N(Cc2noc3ccccc23)C1,../../aligned_files/A4611a/A4611a_ligand.sdf,../../aligned_files/A4611a/A4611a_apo-desolv.pdb
A4611b,NC(=O)C1CCC(=O)N(Cc2noc3ccccc23)C1,../../aligned_files/A4611b/A4611b_ligand.sdf,../../aligned_files/A4611b/A4611b_apo-desolv.pdb
A4644a,NC(=O)C1CCCN(C(=O)Cc2ccc(F)c(F)c2Br)C1,../../aligned_files/A4644a/A4644a_ligand.sdf,../../aligned_files/A4644a/A4644a_apo-desolv.pdb
A4644b,NC(=O)C1CCCN(C(=O)Cc2ccc(F)c(F)c2Br)C1,../../aligned_files/A4644b/A4644b_ligand.sdf,../../aligned_files/A4644b/A4644b_apo-desolv.pdb
A4650a,NC(=O)C1CCCN(C(=O)Cc2ccccc2C(F)(F)F)C1,../../aligned_files/A4650a/A4650a_ligand.sdf,../../aligned_files/A4650a/A4650a_apo-desolv.pdb
A4654a,NC(=O)C1CCCN(C(=O)Nc2cccc3c2S(=O)(=O)CCC3)C1,../../aligned_files/A4654a/A4654a_ligand.sdf,../../aligned_files/A4654a/A4654a_apo-desolv.pdb
A4669a,NC(=O)C1CCCN(C(=O)Cc2cc3c(cc2Cl)OCCO3)C1,../../aligned_files/A4669a/A4669a_ligand.sdf,../../aligned_files/A4669a/A4669a_apo-desolv.pdb
A4669b,NC(=O)C1CCCN(C(=O)Cc2cc3c(cc2Cl)OCCO3)C1,../../aligned_files/A4669b/A4669b_ligand.sdf,../../aligned_files/A4669b/A4669b_apo-desolv.pdb
A4670a,CSc1cccc(Br)c1CC(=O)N1CCCC(C(N)=O)C1,../../aligned_files/A4670a/A4670a_ligand.sdf,../../aligned_files/A4670a/A4670a_apo-desolv.pdb
A4673a,NC(=O)C1CCCN(C(=O)Cc2cc3c(cc2Br)OCO3)C1,../../aligned_files/A4673a/A4673a_ligand.sdf,../../aligned_files/A4673a/A4673a_apo-desolv.pdb
A4673b,NC(=O)C1CCCN(C(=O)Cc2cc3c(cc2Br)OCO3)C1,../../aligned_files/A4673b/A4673b_ligand.sdf,../../aligned_files/A4673b/A4673b_apo-desolv.pdb
A4674a,NC(=O)C1CCCN(C(=O)Nc2cccc3c2SCCC3)C1,../../aligned_files/A4674a/A4674a_ligand.sdf,../../aligned_files/A4674a/A4674a_apo-desolv.pdb
A4674b,NC(=O)C1CCCN(C(=O)Nc2cccc3c2SCCC3)C1,../../aligned_files/A4674b/A4674b_ligand.sdf,../../aligned_files/A4674b/A4674b_apo-desolv.pdb
A4675a,CS(=O)(=O)c1ccccc1CC(=O)N1CCCC(C(N)=O)C1,../../aligned_files/A4675a/A4675a_ligand.sdf,../../aligned_files/A4675a/A4675a_apo-desolv.pdb
A4684a,CSc1ccccc1N(C)C(=O)N1CCC(C(N)=O)C1,../../aligned_files/A4684a/A4684a_ligand.sdf,../../aligned_files/A4684a/A4684a_apo-desolv.pdb
A4689a,CSc1cnccc1CC(=O)N1CCCC(C(N)=O)C1,../../aligned_files/A4689a/A4689a_ligand.sdf,../../aligned_files/A4689a/A4689a_apo-desolv.pdb
A4694a,CSc1ccccc1CN1CC(C(N)=O)CCC1=O,../../aligned_files/A4694a/A4694a_ligand.sdf,../../aligned_files/A4694a/A4694a_apo-desolv.pdb
A4695a,CSc1ccccc1CN1CC(C(N)=O)CCC1=O,../../aligned_files/A4695a/A4695a_ligand.sdf,../../aligned_files/A4695a/A4695a_apo-desolv.pdb
A4701a,CSCC1(CC(=O)N2CCCC(C(N)=O)C2)CC1,../../aligned_files/A4701a/A4701a_ligand.sdf,../../aligned_files/A4701a/A4701a_apo-desolv.pdb
A4703a,CSc1cn(C)nc1NC(=O)N1CCCC(C(N)=O)C1,../../aligned_files/A4703a/A4703a_ligand.sdf,../../aligned_files/A4703a/A4703a_apo-desolv.pdb
A4706a,NC(=O)C1CCCN(C(=O)C2CCSCC2)C1,../../aligned_files/A4706a/A4706a_ligand.sdf,../../aligned_files/A4706a/A4706a_apo-desolv.pdb
A4707a,NC(=O)C1CCCN(C(=O)CC2CSC2)C1,../../aligned_files/A4707a/A4707a_ligand.sdf,../../aligned_files/A4707a/A4707a_apo-desolv.pdb
A4708a,NC(=O)C1CCCN(C(=O)C2(O)CCSCC2)C1,../../aligned_files/A4708a/A4708a_ligand.sdf,../../aligned_files/A4708a/A4708a_apo-desolv.pdb
A4710a,CSc1cccc(CN2CC(C(N)=O)CCC2=O)c1,../../aligned_files/A4710a/A4710a_ligand.sdf,../../aligned_files/A4710a/A4710a_apo-desolv.pdb
A4711a,CSc1cccc(CN2CC(C(N)=O)CCC2=O)c1,../../aligned_files/A4711a/A4711a_ligand.sdf,../../aligned_files/A4711a/A4711a_apo-desolv.pdb
A4712a,CSc1ccccc1N(C)C(=O)N1CCCC(C(N)=O)C1,../../aligned_files/A4712a/A4712a_ligand.sdf,../../aligned_files/A4712a/A4712a_apo-desolv.pdb
A4715a,CSc1ccccc1CC(=O)N1CC(O)C1,../../aligned_files/A4715a/A4715a_ligand.sdf,../../aligned_files/A4715a/A4715a_apo-desolv.pdb
A4721a,CSc1ccccc1CC(=O)N1CCNC(=O)C1,../../aligned_files/A4721a/A4721a_ligand.sdf,../../aligned_files/A4721a/A4721a_apo-desolv.pdb
A4724a,CSc1ccccc1CC(=O)N1CCC(F)(F)C(C(N)=O)C1,../../aligned_files/A4724a/A4724a_ligand.sdf,../../aligned_files/A4724a/A4724a_apo-desolv.pdb
A4727a,CSc1c(NC(=O)N2CCCC(C(N)=O)C2)c(C)nn1C,../../aligned_files/A4727a/A4727a_ligand.sdf,../../aligned_files/A4727a/A4727a_apo-desolv.pdb
A4735a,CSc1ccccc1CC(=O)N1CCCC1c1cnc[nH]1,../../aligned_files/A4735a/A4735a_ligand.sdf,../../aligned_files/A4735a/A4735a_apo-desolv.pdb
A4736a,CSCC1CC1C(=O)N1CCCC(C(N)=O)C1,../../aligned_files/A4736a/A4736a_ligand.sdf,../../aligned_files/A4736a/A4736a_apo-desolv.pdb
A4739a,CSc1ccccc1CC(=O)N1CCC2C(C1)C2C(N)=O,../../aligned_files/A4739a/A4739a_ligand.sdf,../../aligned_files/A4739a/A4739a_apo-desolv.pdb
A4742a,NC(=O)C1CCCN(C(=O)C2CCSc3ccccc32)C1,../../aligned_files/A4742a/A4742a_ligand.sdf,../../aligned_files/A4742a/A4742a_apo-desolv.pdb
A4742b,NC(=O)C1CCCN(C(=O)C2CCSc3ccccc32)C1,../../aligned_files/A4742b/A4742b_ligand.sdf,../../aligned_files/A4742b/A4742b_apo-desolv.pdb
A4745a,CSc1ccccc1CC(=O)N1CCCC(S(N)(=O)=O)C1,../../aligned_files/A4745a/A4745a_ligand.sdf,../../aligned_files/A4745a/A4745a_apo-desolv.pdb
A4746a,CSc1ccccc1CC(=O)N1CCCC(C(F)F)C1,../../aligned_files/A4746a/A4746a_ligand.sdf,../../aligned_files/A4746a/A4746a_apo-desolv.pdb
A4748a,CSc1ccccc1CC(=O)N1CCOC(C(N)=O)C1,../../aligned_files/A4748a/A4748a_ligand.sdf,../../aligned_files/A4748a/A4748a_apo-desolv.pdb
A4751a,CSc1ccccc1CC(=O)N1CCCC(CF)C1,../../aligned_files/A4751a/A4751a_ligand.sdf,../../aligned_files/A4751a/A4751a_apo-desolv.pdb
A4752a,CSc1ccccc1CC(=O)N1CCc2nccc(O)c2C1,../../aligned_files/A4752a/A4752a_ligand.sdf,../../aligned_files/A4752a/A4752a_apo-desolv.pdb
A4753a,CSc1ccccc1CC(=O)N1CCCC(F)(C(N)=O)C1,../../aligned_files/A4753a/A4753a_ligand.sdf,../../aligned_files/A4753a/A4753a_apo-desolv.pdb
A4771a,CSc1ccccc1CC(=O)N1CCc2nc[nH]c(=O)c2C1,../../aligned_files/A4771a/A4771a_ligand.sdf,../../aligned_files/A4771a/A4771a_apo-desolv.pdb
A4774a,CSc1nccnc1CC(=O)N1CCCC(C(N)=O)C1,../../aligned_files/A4774a/A4774a_ligand.sdf,../../aligned_files/A4774a/A4774a_apo-desolv.pdb
A4777a,COc1ccc(C(F)(F)F)cc1CC(=O)N1CCSC(C(N)=O)C1,../../aligned_files/A4777a/A4777a_ligand.sdf,../../aligned_files/A4777a/A4777a_apo-desolv.pdb
A4778a,COc1ccc(C(F)(F)F)cc1CC(=O)N1CCSC(C(N)=O)C1,../../aligned_files/A4778a/A4778a_ligand.sdf,../../aligned_files/A4778a/A4778a_apo-desolv.pdb
A4784a,NC(=O)C1CCCN(C(=O)CC2CSCCS2)C1,../../aligned_files/A4784a/A4784a_ligand.sdf,../../aligned_files/A4784a/A4784a_apo-desolv.pdb
A4786a,NC(=O)C1CCCN(C(=O)C2CCSC2)C1,../../aligned_files/A4786a/A4786a_ligand.sdf,../../aligned_files/A4786a/A4786a_apo-desolv.pdb
A4791a,CSc1ccccc1CC(=O)N1CCCC2C(=O)NCC21,../../aligned_files/A4791a/A4791a_ligand.sdf,../../aligned_files/A4791a/A4791a_apo-desolv.pdb
A4794a,CSc1ccccc1CC(=O)N1CCCC(O)C1,../../aligned_files/A4794a/A4794a_ligand.sdf,../../aligned_files/A4794a/A4794a_apo-desolv.pdb
A4798a,CSc1ccccc1CC(=O)N1CCC(O)(c2c[nH]nn2)C1,../../aligned_files/A4798a/A4798a_ligand.sdf,../../aligned_files/A4798a/A4798a_apo-desolv.pdb
A4806a,NC(=O)C1CCCN(C(=O)C2CSc3ccccc32)C1,../../aligned_files/A4806a/A4806a_ligand.sdf,../../aligned_files/A4806a/A4806a_apo-desolv.pdb
A4806b,NC(=O)C1CCCN(C(=O)C2CSc3ccccc32)C1,../../aligned_files/A4806b/A4806b_ligand.sdf,../../aligned_files/A4806b/A4806b_apo-desolv.pdb
A4809a,CSc1ccccc1CC(=O)N1CCCC(CCO)C1,../../aligned_files/A4809a/A4809a_ligand.sdf,../../aligned_files/A4809a/A4809a_apo-desolv.pdb
A4812a,CSc1cncnc1CC(=O)N1CCCC(C(N)=O)C1,../../aligned_files/A4812a/A4812a_ligand.sdf,../../aligned_files/A4812a/A4812a_apo-desolv.pdb
A4824a,CSc1ccccc1OC(=O)N1CCCC(C(N)=O)C1,../../aligned_files/A4824a/A4824a_ligand.sdf,../../aligned_files/A4824a/A4824a_apo-desolv.pdb
A4824b,CSc1ccccc1OC(=O)N1CCCC(C(N)=O)C1,../../aligned_files/A4824b/A4824b_ligand.sdf,../../aligned_files/A4824b/A4824b_apo-desolv.pdb
A4826a,CSc1ccncc1NC(=O)N1CCCC(C(N)=O)C1,../../aligned_files/A4826a/A4826a_ligand.sdf,../../aligned_files/A4826a/A4826a_apo-desolv.pdb
A4826b,CSc1ccncc1NC(=O)N1CCCC(C(N)=O)C1,../../aligned_files/A4826b/A4826b_ligand.sdf,../../aligned_files/A4826b/A4826b_apo-desolv.pdb
A4827a,CSc1ccncc1CC(=O)N1CCCC(C(N)=O)C1,../../aligned_files/A4827a/A4827a_ligand.sdf,../../aligned_files/A4827a/A4827a_apo-desolv.pdb
A4827b,CSc1ccncc1CC(=O)N1CCCC(C(N)=O)C1,../../aligned_files/A4827b/A4827b_ligand.sdf,../../aligned_files/A4827b/A4827b_apo-desolv.pdb
A4829a,COc1ccc(Cl)cc1OC(=O)N1CCCC(C(N)=O)C1,../../aligned_files/A4829a/A4829a_ligand.sdf,../../aligned_files/A4829a/A4829a_apo-desolv.pdb
A4829b,COc1ccc(Cl)cc1OC(=O)N1CCCC(C(N)=O)C1,../../aligned_files/A4829b/A4829b_ligand.sdf,../../aligned_files/A4829b/A4829b_apo-desolv.pdb
A4836a,CC(=O)N1c2ccccc2CC1C(=O)N1CCCC(C(N)=O)C1,../../aligned_files/A4836a/A4836a_ligand.sdf,../../aligned_files/A4836a/A4836a_apo-desolv.pdb
A4838a,NC(=O)C1CCN(C(=O)Cc2cc(C(F)(F)F)ccc2Cl)C1,../../aligned_files/A4838a/A4838a_ligand.sdf,../../aligned_files/A4838a/A4838a_apo-desolv.pdb
A4839a,Cn1ncc2ccc(CN3CC(C(N)=O)CCC3=O)cc21,../../aligned_files/A4839a/A4839a_ligand.sdf,../../aligned_files/A4839a/A4839a_apo-desolv.pdb
A4840a,NC(=O)c1ccccc1CC(=O)N1CCCC(C(N)=O)C1,../../aligned_files/A4840a/A4840a_ligand.sdf,../../aligned_files/A4840a/A4840a_apo-desolv.pdb
A4843a,COc1ccc(C(F)(F)F)cc1N(C)C(=O)N1CCCC(C(N)=O)C1,../../aligned_files/A4843a/A4843a_ligand.sdf,../../aligned_files/A4843a/A4843a_apo-desolv.pdb
A4845a,COc1cc(Br)c(CC(=O)N2CCCC(C(N)=O)C2)cc1OC,../../aligned_files/A4845a/A4845a_ligand.sdf,../../aligned_files/A4845a/A4845a_apo-desolv.pdb
A4846a,CSc1ccccc1C(=O)N1CCCC(C(N)=O)C1,../../aligned_files/A4846a/A4846a_ligand.sdf,../../aligned_files/A4846a/A4846a_apo-desolv.pdb
A4847a,NC(=O)C1CCC(=O)N(Cc2cccc3[nH]ccc23)C1,../../aligned_files/A4847a/A4847a_ligand.sdf,../../aligned_files/A4847a/A4847a_apo-desolv.pdb
A4855a,CSc1ccccc1NC(=O)N1CCC(C(N)=O)C1,../../aligned_files/A4855a/A4855a_ligand.sdf,../../aligned_files/A4855a/A4855a_apo-desolv.pdb
A4856a,CSc1ccc(Br)cc1CC(=O)N1CCC(C(N)=O)C1,../../aligned_files/A4856a/A4856a_ligand.sdf,../../aligned_files/A4856a/A4856a_apo-desolv.pdb
A4872a,NC(=O)C1CCCN(C(=O)CN2CCOc3ccc(Cl)cc32)C1,../../aligned_files/A4872a/A4872a_ligand.sdf,../../aligned_files/A4872a/A4872a_apo-desolv.pdb
A4873a,COc1cccc(NC(=O)N2CCCC(C(N)=O)C2)c1Cl,../../aligned_files/A4873a/A4873a_ligand.sdf,../../aligned_files/A4873a/A4873a_apo-desolv.pdb
A4873b,COc1cccc(NC(=O)N2CCCC(C(N)=O)C2)c1Cl,../../aligned_files/A4873b/A4873b_ligand.sdf,../../aligned_files/A4873b/A4873b_apo-desolv.pdb
A4874a,CC(C(=O)N1CCCC(C(N)=O)C1)c1ccn[nH]1,../../aligned_files/A4874a/A4874a_ligand.sdf,../../aligned_files/A4874a/A4874a_apo-desolv.pdb
A4874b,CC(C(=O)N1CCCC(C(N)=O)C1)c1ccn[nH]1,../../aligned_files/A4874b/A4874b_ligand.sdf,../../aligned_files/A4874b/A4874b_apo-desolv.pdb
A4877a,NC(=O)C1CCCN(C(=O)C2SCCc3sccc32)C1,../../aligned_files/A4877a/A4877a_ligand.sdf,../../aligned_files/A4877a/A4877a_apo-desolv.pdb
A4877b,NC(=O)C1CCCN(C(=O)C2SCCc3sccc32)C1,../../aligned_files/A4877b/A4877b_ligand.sdf,../../aligned_files/A4877b/A4877b_apo-desolv.pdb
A4880a,NC(=O)C1CCC(=O)N(Cc2ccc3[nH]ccc3c2)C1,../../aligned_files/A4880a/A4880a_ligand.sdf,../../aligned_files/A4880a/A4880a_apo-desolv.pdb
A4880b,NC(=O)C1CCC(=O)N(Cc2ccc3[nH]ccc3c2)C1,../../aligned_files/A4880b/A4880b_ligand.sdf,../../aligned_files/A4880b/A4880b_apo-desolv.pdb
A4882a,NC(=O)C1CCCN(C(=O)Cc2cc(F)c(F)cc2Br)C1,../../aligned_files/A4882a/A4882a_ligand.sdf,../../aligned_files/A4882a/A4882a_apo-desolv.pdb
A4882b,NC(=O)C1CCCN(C(=O)Cc2cc(F)c(F)cc2Br)C1,../../aligned_files/A4882b/A4882b_ligand.sdf,../../aligned_files/A4882b/A4882b_apo-desolv.pdb
A4883a,CSc1ncccc1NC(=O)N1CCCC(C(N)=O)C1,../../aligned_files/A4883a/A4883a_ligand.sdf,../../aligned_files/A4883a/A4883a_apo-desolv.pdb
A4883b,CSc1ncccc1NC(=O)N1CCCC(C(N)=O)C1,../../aligned_files/A4883b/A4883b_ligand.sdf,../../aligned_files/A4883b/A4883b_apo-desolv.pdb
A4885a,CSc1ccccc1CC(=O)N1CC(C)CC(C(N)=O)C1,../../aligned_files/A4885a/A4885a_ligand.sdf,../../aligned_files/A4885a/A4885a_apo-desolv.pdb
A4885b,CSc1ccccc1CC(=O)N1CC(C)CC(C(N)=O)C1,../../aligned_files/A4885b/A4885b_ligand.sdf,../../aligned_files/A4885b/A4885b_apo-desolv.pdb
A4894a,CSc1ccccc1CC(=O)N1CCCC(O)(C(N)=O)C1,../../aligned_files/A4894a/A4894a_ligand.sdf,../../aligned_files/A4894a/A4894a_apo-desolv.pdb
A4895a,CC(C(=O)N1CCCC(C(N)=O)C1)c1nc(F)ccc1Cl,../../aligned_files/A4895a/A4895a_ligand.sdf,../../aligned_files/A4895a/A4895a_apo-desolv.pdb
A4895b,CC(C(=O)N1CCCC(C(N)=O)C1)c1nc(F)ccc1Cl,../../aligned_files/A4895b/A4895b_ligand.sdf,../../aligned_files/A4895b/A4895b_apo-desolv.pdb
A4899a,COc1ncccc1NS(=O)(=O)N1CCCC(C(N)=O)C1,../../aligned_files/A4899a/A4899a_ligand.sdf,../../aligned_files/A4899a/A4899a_apo-desolv.pdb
A4899b,COc1ncccc1NS(=O)(=O)N1CCCC(C(N)=O)C1,../../aligned_files/A4899b/A4899b_ligand.sdf,../../aligned_files/A4899b/A4899b_apo-desolv.pdb
A4903a,COc1ccc(Cl)cc1OC(=O)N1CCCC(C(N)=O)C1,../../aligned_files/A4903a/A4903a_ligand.sdf,../../aligned_files/A4903a/A4903a_apo-desolv.pdb
A4903b,COc1ccc(Cl)cc1OC(=O)N1CCCC(C(N)=O)C1,../../aligned_files/A4903b/A4903b_ligand.sdf,../../aligned_files/A4903b/A4903b_apo-desolv.pdb
A4908a,NC(=O)C1CCCN(C(=O)Cc2cccc3ccoc23)C1,../../aligned_files/A4908a/A4908a_ligand.sdf,../../aligned_files/A4908a/A4908a_apo-desolv.pdb
A4914a,CSc1cccnc1CC(=O)N1CCCC(C(N)=O)C1,../../aligned_files/A4914a/A4914a_ligand.sdf,../../aligned_files/A4914a/A4914a_apo-desolv.pdb
A4921a,NC(=O)C1CCC(=O)N(Cc2cccc(Cl)c2)C1,../../aligned_files/A4921a/A4921a_ligand.sdf,../../aligned_files/A4921a/A4921a_apo-desolv.pdb
A4922a,CSc1ccccc1N1CC(C(N)=O)CCC1=O,../../aligned_files/A4922a/A4922a_ligand.sdf,../../aligned_files/A4922a/A4922a_apo-desolv.pdb
A4926a,Cc1nc2c(CN3CC(C(N)=O)CCC3=O)c(F)ccc2[nH]1,../../aligned_files/A4926a/A4926a_ligand.sdf,../../aligned_files/A4926a/A4926a_apo-desolv.pdb
A4928a,Cc1cccc(CN2CC(C(N)=O)CCC2=O)c1,../../aligned_files/A4928a/A4928a_ligand.sdf,../../aligned_files/A4928a/A4928a_apo-desolv.pdb
A4934a,NC(=O)C1CCC(=O)N(Cc2ccccc2-c2cccnc2)C1,../../aligned_files/A4934a/A4934a_ligand.sdf,../../aligned_files/A4934a/A4934a_apo-desolv.pdb
A4963a,COCC12CC(C(N)=O)(CN1C(=O)Cc1ccccc1OC)C2,../../aligned_files/A4963a/A4963a_ligand.sdf,../../aligned_files/A4963a/A4963a_apo-desolv.pdb
A4963b,COCC12CC(C(N)=O)(CN1C(=O)Cc1ccccc1OC)C2,../../aligned_files/A4963b/A4963b_ligand.sdf,../../aligned_files/A4963b/A4963b_apo-desolv.pdb
A4967a,COc1ccncc1CC(=O)N1CC(C(N)=O)CC2CCCCC21,../../aligned_files/A4967a/A4967a_ligand.sdf,../../aligned_files/A4967a/A4967a_apo-desolv.pdb
A4967b,COc1ccncc1CC(=O)N1CC(C(N)=O)CC2CCCCC21,../../aligned_files/A4967b/A4967b_ligand.sdf,../../aligned_files/A4967b/A4967b_apo-desolv.pdb
A4967c,COc1ccncc1CC(=O)N1CC(C(N)=O)CC2CCCCC21,../../aligned_files/A4967c/A4967c_ligand.sdf,../../aligned_files/A4967c/A4967c_apo-desolv.pdb
A4974a,Cn1ncc2ccc(CN3CC(C(N)=O)CCC3=O)cc21,../../aligned_files/A4974a/A4974a_ligand.sdf,../../aligned_files/A4974a/A4974a_apo-desolv.pdb
A4977a,CSc1ccc2ncccc2c1NC(=O)N1CCCC(C(N)=O)C1,../../aligned_files/A4977a/A4977a_ligand.sdf,../../aligned_files/A4977a/A4977a_apo-desolv.pdb
A4977b,CSc1ccc2ncccc2c1NC(=O)N1CCCC(C(N)=O)C1,../../aligned_files/A4977b/A4977b_ligand.sdf,../../aligned_files/A4977b/A4977b_apo-desolv.pdb
A4979a,NC(=O)C1CCCN(C(=O)Cc2ncncc2Cl)C1,../../aligned_files/A4979a/A4979a_ligand.sdf,../../aligned_files/A4979a/A4979a_apo-desolv.pdb
A4979b,NC(=O)C1CCCN(C(=O)Cc2ncncc2Cl)C1,../../aligned_files/A4979b/A4979b_ligand.sdf,../../aligned_files/A4979b/A4979b_apo-desolv.pdb
A4980a,Cn1ncc2ccc(CN3CC(C(N)=O)CCC3=O)cc21,../../aligned_files/A4980a/A4980a_ligand.sdf,../../aligned_files/A4980a/A4980a_apo-desolv.pdb
A4986a,CSc1ccc(N2CCCC2=O)cc1NC(=O)N1CCCC(C(N)=O)C1,../../aligned_files/A4986a/A4986a_ligand.sdf,../../aligned_files/A4986a/A4986a_apo-desolv.pdb
A4986b,CSc1ccc(N2CCCC2=O)cc1NC(=O)N1CCCC(C(N)=O)C1,../../aligned_files/A4986b/A4986b_ligand.sdf,../../aligned_files/A4986b/A4986b_apo-desolv.pdb
A4935a,CSc1cscc1CC(=O)N1CCCC(C(N)=O)C1,../../aligned_files/A4935a/A4935a_ligand.sdf,../../aligned_files/A4935a/A4935a_apo-desolv.pdb
A4940a,CSc1ccccc1CC(=O)N1CCCC(O)(C(N)=O)C1,../../aligned_files/A4940a/A4940a_ligand.sdf,../../aligned_files/A4940a/A4940a_apo-desolv.pdb
A4943a,NC(=O)C1CCCN(C(=O)C2CCSc3ccccc32)C1,../../aligned_files/A4943a/A4943a_ligand.sdf,../../aligned_files/A4943a/A4943a_apo-desolv.pdb
A4943b,NC(=O)C1CCCN(C(=O)C2CCSc3ccccc32)C1,../../aligned_files/A4943b/A4943b_ligand.sdf,../../aligned_files/A4943b/A4943b_apo-desolv.pdb
A4947a,CSc1ccccc1CC(=O)N1CC2CC2(C(N)=O)C1,../../aligned_files/A4947a/A4947a_ligand.sdf,../../aligned_files/A4947a/A4947a_apo-desolv.pdb
A4949a,CSc1cc2c(cc1NC(=O)N1CCCC(C(N)=O)C1)CCC(=O)N2,../../aligned_files/A4949a/A4949a_ligand.sdf,../../aligned_files/A4949a/A4949a_apo-desolv.pdb
A4954a,CCc1ccsc1CN1CC(C(N)=O)CCC1=O,../../aligned_files/A4954a/A4954a_ligand.sdf,../../aligned_files/A4954a/A4954a_apo-desolv.pdb
A4959a,NC(=O)C1CCCN(C(=O)Nc2ccccc2SC2CC2)C1,../../aligned_files/A4959a/A4959a_ligand.sdf,../../aligned_files/A4959a/A4959a_apo-desolv.pdb
A4959b,NC(=O)C1CCCN(C(=O)Nc2ccccc2SC2CC2)C1,../../aligned_files/A4959b/A4959b_ligand.sdf,../../aligned_files/A4959b/A4959b_apo-desolv.pdb
A4992a,Cn1cc(CC(=O)N2CC(C(N)=O)CC3CC32)cn1,../../aligned_files/A4992a/A4992a_ligand.sdf,../../aligned_files/A4992a/A4992a_apo-desolv.pdb
A4994a,Cn1nc(CC(=O)N2CC(C(N)=O)C2)c2ccccc21,../../aligned_files/A4994a/A4994a_ligand.sdf,../../aligned_files/A4994a/A4994a_apo-desolv.pdb
A4998a,CSc1cscc1CC(=O)N1CC(C(N)=O)C1,../../aligned_files/A4998a/A4998a_ligand.sdf,../../aligned_files/A4998a/A4998a_apo-desolv.pdb
A5015a,C=Cc1cccc(CC(=O)N2CCCC(C(N)=O)C2)n1,../../aligned_files/A5015a/A5015a_ligand.sdf,../../aligned_files/A5015a/A5015a_apo-desolv.pdb
A5015b,C=Cc1cccc(CC(=O)N2CCCC(C(N)=O)C2)n1,../../aligned_files/A5015b/A5015b_ligand.sdf,../../aligned_files/A5015b/A5015b_apo-desolv.pdb
A5016a,C=Cc1ncccc1CC(=O)N1CCCC(C(N)=O)C1,../../aligned_files/A5016a/A5016a_ligand.sdf,../../aligned_files/A5016a/A5016a_apo-desolv.pdb
A5022a,CSc1nc2c(cc1NC(=O)N1CCCC(C(N)=O)C1)CCCC2,../../aligned_files/A5022a/A5022a_ligand.sdf,../../aligned_files/A5022a/A5022a_apo-desolv.pdb
A5022b,CSc1nc2c(cc1NC(=O)N1CCCC(C(N)=O)C1)CCCC2,../../aligned_files/A5022b/A5022b_ligand.sdf,../../aligned_files/A5022b/A5022b_apo-desolv.pdb
A5036a,COc1cccc(CN2CC(C(N)=O)CCC2=O)c1,../../aligned_files/A5036a/A5036a_ligand.sdf,../../aligned_files/A5036a/A5036a_apo-desolv.pdb
A5036b,COc1cccc(CN2CC(C(N)=O)CCC2=O)c1,../../aligned_files/A5036b/A5036b_ligand.sdf,../../aligned_files/A5036b/A5036b_apo-desolv.pdb
A5039a,CSc1ncncc1CC(=O)N1CCCC(C(N)=O)C1,../../aligned_files/A5039a/A5039a_ligand.sdf,../../aligned_files/A5039a/A5039a_apo-desolv.pdb
A5039b,CSc1ncncc1CC(=O)N1CCCC(C(N)=O)C1,../../aligned_files/A5039b/A5039b_ligand.sdf,../../aligned_files/A5039b/A5039b_apo-desolv.pdb
A5052a,NC(=O)C1CCC(=O)N(C2CCCc3ccccc32)C1,../../aligned_files/A5052a/A5052a_ligand.sdf,../../aligned_files/A5052a/A5052a_apo-desolv.pdb
A5065a,CSc1ccccc1CCN1CC(C(N)=O)CC1=O,../../aligned_files/A5065a/A5065a_ligand.sdf,../../aligned_files/A5065a/A5065a_apo-desolv.pdb
A5073a,NC(=O)C1CCC(=O)N(C2CCCc3ccccc32)C1,../../aligned_files/A5073a/A5073a_ligand.sdf,../../aligned_files/A5073a/A5073a_apo-desolv.pdb
A5079a,NC(=O)C1CCCN(C(=O)Cc2cccnc2Cl)C1,../../aligned_files/A5079a/A5079a_ligand.sdf,../../aligned_files/A5079a/A5079a_apo-desolv.pdb
A5079b,NC(=O)C1CCCN(C(=O)Cc2cccnc2Cl)C1,../../aligned_files/A5079b/A5079b_ligand.sdf,../../aligned_files/A5079b/A5079b_apo-desolv.pdb
A5081a,NC(=O)C1CCCN(C(=O)Cc2cncnc2Cl)C1,../../aligned_files/A5081a/A5081a_ligand.sdf,../../aligned_files/A5081a/A5081a_apo-desolv.pdb
A5081b,NC(=O)C1CCCN(C(=O)Cc2cncnc2Cl)C1,../../aligned_files/A5081b/A5081b_ligand.sdf,../../aligned_files/A5081b/A5081b_apo-desolv.pdb
A5082a,N#Cc1cccc(CC(=O)N2CCCC(C(N)=O)C2)n1,../../aligned_files/A5082a/A5082a_ligand.sdf,../../aligned_files/A5082a/A5082a_apo-desolv.pdb
A5082b,N#Cc1cccc(CC(=O)N2CCCC(C(N)=O)C2)n1,../../aligned_files/A5082b/A5082b_ligand.sdf,../../aligned_files/A5082b/A5082b_apo-desolv.pdb
A5090a,Cn1cc(NS(=O)(=O)N2CCCC(C(N)=O)C2)cn1,../../aligned_files/A5090a/A5090a_ligand.sdf,../../aligned_files/A5090a/A5090a_apo-desolv.pdb
A5091a,Cc1cccc(N(C)C(=O)N2CCC(C(N)=O)C2)c1,../../aligned_files/A5091a/A5091a_ligand.sdf,../../aligned_files/A5091a/A5091a_apo-desolv.pdb
A5104a,CSc1ccccc1CC(=O)N1CC(C)CC(C(N)=O)C1,../../aligned_files/A5104a/A5104a_ligand.sdf,../../aligned_files/A5104a/A5104a_apo-desolv.pdb
A5106a,Cn1ccnc1C(c1ccccc1)N1CC(C(N)=O)CC1=O,../../aligned_files/A5106a/A5106a_ligand.sdf,../../aligned_files/A5106a/A5106a_apo-desolv.pdb
A5131a,CSc1ccccc1CC(=O)N1CC(C(N)=O)CC2CC21,../../aligned_files/A5131a/A5131a_ligand.sdf,../../aligned_files/A5131a/A5131a_apo-desolv.pdb
A5150a,Cn1cc(NS(=O)(=O)N2CCCC(C(N)=O)C2)cn1,../../aligned_files/A5150a/A5150a_ligand.sdf,../../aligned_files/A5150a/A5150a_apo-desolv.pdb
A5171a,CSc1ccccc1CC(=O)N1CC(C(N)=O)CC(C(N)=O)C1,../../aligned_files/A5171a/A5171a_ligand.sdf,../../aligned_files/A5171a/A5171a_apo-desolv.pdb
A5171b,CSc1ccccc1CC(=O)N1CC(C(N)=O)CC(C(N)=O)C1,../../aligned_files/A5171b/A5171b_ligand.sdf,../../aligned_files/A5171b/A5171b_apo-desolv.pdb
A5177a,CSc1ccccc1CC(=O)N1CC(C(N)=O)CC2CC21,../../aligned_files/A5177a/A5177a_ligand.sdf,../../aligned_files/A5177a/A5177a_apo-desolv.pdb
A5182a,CSc1ccncc1NS(=O)(=O)N1CCCC(C(N)=O)C1,../../aligned_files/A5182a/A5182a_ligand.sdf,../../aligned_files/A5182a/A5182a_apo-desolv.pdb
A5200a,CSc1ccccc1CC(=O)N1CC(C)CC(C(N)=O)C1,../../aligned_files/A5200a/A5200a_ligand.sdf,../../aligned_files/A5200a/A5200a_apo-desolv.pdb
A5203a,CSc1ccc(Br)cc1CC(=O)N1CCCC(C(N)=O)CC1,../../aligned_files/A5203a/A5203a_ligand.sdf,../../aligned_files/A5203a/A5203a_apo-desolv.pdb
A5203b,CSc1ccc(Br)cc1CC(=O)N1CCCC(C(N)=O)CC1,../../aligned_files/A5203b/A5203b_ligand.sdf,../../aligned_files/A5203b/A5203b_apo-desolv.pdb
A5210a,NC(=O)C1CCC(=O)N(C2CCCc3ccccc32)C1,../../aligned_files/A5210a/A5210a_ligand.sdf,../../aligned_files/A5210a/A5210a_apo-desolv.pdb
A5210b,NC(=O)C1CCC(=O)N(C2CCCc3ccccc32)C1,../../aligned_files/A5210b/A5210b_ligand.sdf,../../aligned_files/A5210b/A5210b_apo-desolv.pdb
A5212a,N#Cc1ncncc1CC(=O)N1CCCC(C(N)=O)C1,../../aligned_files/A5212a/A5212a_ligand.sdf,../../aligned_files/A5212a/A5212a_apo-desolv.pdb
A5213a,NC(=O)C1CCCN(C(=O)Cc2ccnc(Cl)n2)C1,../../aligned_files/A5213a/A5213a_ligand.sdf,../../aligned_files/A5213a/A5213a_apo-desolv.pdb
A5213b,NC(=O)C1CCCN(C(=O)Cc2ccnc(Cl)n2)C1,../../aligned_files/A5213b/A5213b_ligand.sdf,../../aligned_files/A5213b/A5213b_apo-desolv.pdb
A5219a,CC1CCCCC1OC(=O)N1CCCC(C(N)=O)C1,../../aligned_files/A5219a/A5219a_ligand.sdf,../../aligned_files/A5219a/A5219a_apo-desolv.pdb
A5219b,CC1CCCCC1OC(=O)N1CCCC(C(N)=O)C1,../../aligned_files/A5219b/A5219b_ligand.sdf,../../aligned_files/A5219b/A5219b_apo-desolv.pdb
A5221a,NC(=O)C1CCCN(C(=O)Cc2cccc3ncsc23)C1,../../aligned_files/A5221a/A5221a_ligand.sdf,../../aligned_files/A5221a/A5221a_apo-desolv.pdb
A5222a,Cc1[nH]c2cc(C#N)ccc2c1CCN1CC(C(N)=O)CCC1=O,../../aligned_files/A5222a/A5222a_ligand.sdf,../../aligned_files/A5222a/A5222a_apo-desolv.pdb
A5231a,CSC1CCCCC1OC(=O)N1CCCC(C(N)=O)C1,../../aligned_files/A5231a/A5231a_ligand.sdf,../../aligned_files/A5231a/A5231a_apo-desolv.pdb
A5247a,CSc1ccc(Br)cc1CC(=O)N1CC(C(N)=O)CCC1C,../../aligned_files/A5247a/A5247a_ligand.sdf,../../aligned_files/A5247a/A5247a_apo-desolv.pdb
A5247b,CSc1ccc(Br)cc1CC(=O)N1CC(C(N)=O)CCC1C,../../aligned_files/A5247b/A5247b_ligand.sdf,../../aligned_files/A5247b/A5247b_apo-desolv.pdb
A5249a,CSc1cccc2c1N(C(=O)N1CCCC(C(N)=O)C1)CCCO2,../../aligned_files/A5249a/A5249a_ligand.sdf,../../aligned_files/A5249a/A5249a_apo-desolv.pdb
A5255a,Cc1ccccc1CC(=O)N1CC2CC(C(N)=O)(C2)C1,../../aligned_files/A5255a/A5255a_ligand.sdf,../../aligned_files/A5255a/A5255a_apo-desolv.pdb
A5258a,Cn1ccnc1C(c1ccccc1)N1CC(C(N)=O)CC1=O,../../aligned_files/A5258a/A5258a_ligand.sdf,../../aligned_files/A5258a/A5258a_apo-desolv.pdb
A5262a,CSc1ccccc1CC(=O)N1CC2CC1(CC(N)=O)C2,../../aligned_files/A5262a/A5262a_ligand.sdf,../../aligned_files/A5262a/A5262a_apo-desolv.pdb
A5262b,CSc1ccccc1CC(=O)N1CC2CC1(CC(N)=O)C2,../../aligned_files/A5262b/A5262b_ligand.sdf,../../aligned_files/A5262b/A5262b_apo-desolv.pdb
A5268a,CSc1ccccc1CC(=O)N1CC(C)CC(C(N)=O)C1,../../aligned_files/A5268a/A5268a_ligand.sdf,../../aligned_files/A5268a/A5268a_apo-desolv.pdb
A5277a,NC(=O)C12CC(CN(C(=O)Cc3ccccc3Cl)C1)C2,../../aligned_files/A5277a/A5277a_ligand.sdf,../../aligned_files/A5277a/A5277a_apo-desolv.pdb
A5283a,CSc1ccc2scnc2c1NC(=O)N1CCCC(C(N)=O)C1,../../aligned_files/A5283a/A5283a_ligand.sdf,../../aligned_files/A5283a/A5283a_apo-desolv.pdb
A5283b,CSc1ccc2scnc2c1NC(=O)N1CCCC(C(N)=O)C1,../../aligned_files/A5283b/A5283b_ligand.sdf,../../aligned_files/A5283b/A5283b_apo-desolv.pdb
A5288a,CCCSc1cccc(OC)c1NC(=O)N1CCCC(C(N)=O)C1,../../aligned_files/A5288a/A5288a_ligand.sdf,../../aligned_files/A5288a/A5288a_apo-desolv.pdb
A5288b,CCCSc1cccc(OC)c1NC(=O)N1CCCC(C(N)=O)C1,../../aligned_files/A5288b/A5288b_ligand.sdf,../../aligned_files/A5288b/A5288b_apo-desolv.pdb
A5289a,COc1cccc(SC(C)C)c1NC(=O)N1CCCC(C(N)=O)C1,../../aligned_files/A5289a/A5289a_ligand.sdf,../../aligned_files/A5289a/A5289a_apo-desolv.pdb
A5289b,COc1cccc(SC(C)C)c1NC(=O)N1CCCC(C(N)=O)C1,../../aligned_files/A5289b/A5289b_ligand.sdf,../../aligned_files/A5289b/A5289b_apo-desolv.pdb
A5317a,CNC(=O)C(c1cccc(C)c1)N1CC(C(N)=O)CC1=O,../../aligned_files/A5317a/A5317a_ligand.sdf,../../aligned_files/A5317a/A5317a_apo-desolv.pdb
A5339a,CSc1ccc(Br)cc1CC(=O)N1CC(C(N)=O)CCC1C,../../aligned_files/A5339a/A5339a_ligand.sdf,../../aligned_files/A5339a/A5339a_apo-desolv.pdb
A5339b,CSc1ccc(Br)cc1CC(=O)N1CC(C(N)=O)CCC1C,../../aligned_files/A5339b/A5339b_ligand.sdf,../../aligned_files/A5339b/A5339b_apo-desolv.pdb
A5359a,C=Cc1ccccc1CS(=O)(=O)N1CCCC(C(N)=O)C1,../../aligned_files/A5359a/A5359a_ligand.sdf,../../aligned_files/A5359a/A5359a_apo-desolv.pdb
A5359b,C=Cc1ccccc1CS(=O)(=O)N1CCCC(C(N)=O)C1,../../aligned_files/A5359b/A5359b_ligand.sdf,../../aligned_files/A5359b/A5359b_apo-desolv.pdb
A5366a,CSc1ccc(Br)cc1CC(=O)N1CC(C(N)=O)CCC1C,../../aligned_files/A5366a/A5366a_ligand.sdf,../../aligned_files/A5366a/A5366a_apo-desolv.pdb
A5366b,CSc1ccc(Br)cc1CC(=O)N1CC(C(N)=O)CCC1C,../../aligned_files/A5366b/A5366b_ligand.sdf,../../aligned_files/A5366b/A5366b_apo-desolv.pdb
A5383a,CSc1ccccc1C(NC(C)=O)C(=O)N1CCC(C(N)=O)C1,../../aligned_files/A5383a/A5383a_ligand.sdf,../../aligned_files/A5383a/A5383a_apo-desolv.pdb
A5388a,CSc1ccc(Br)cc1CC(=O)N1CCC(O)(C(N)=O)C1,../../aligned_files/A5388a/A5388a_ligand.sdf,../../aligned_files/A5388a/A5388a_apo-desolv.pdb
A5389a,COc1cccc2c1N(C(=O)N1CCCC(C(N)=O)C1)CCS2,../../aligned_files/A5389a/A5389a_ligand.sdf,../../aligned_files/A5389a/A5389a_apo-desolv.pdb
A5393a,Cc1ccccc1CC(=O)N1CCCC(C(N)=O)C1,../../aligned_files/A5393a/A5393a_ligand.sdf,../../aligned_files/A5393a/A5393a_apo-desolv.pdb
A5394a,NC(=O)C1CCCN(C(=O)Cc2ccccc2Cl)C1,../../aligned_files/A5394a/A5394a_ligand.sdf,../../aligned_files/A5394a/A5394a_apo-desolv.pdb
A5394b,NC(=O)C1CCCN(C(=O)Cc2ccccc2Cl)C1,../../aligned_files/A5394b/A5394b_ligand.sdf,../../aligned_files/A5394b/A5394b_apo-desolv.pdb
A5402a,NC(=O)C1CCCN(C(=O)Oc2ccccc2F)C1,../../aligned_files/A5402a/A5402a_ligand.sdf,../../aligned_files/A5402a/A5402a_apo-desolv.pdb
A5424a,Cc1ccc(CC(=O)N2CCCC(C(N)=O)C2)s1,../../aligned_files/A5424a/A5424a_ligand.sdf,../../aligned_files/A5424a/A5424a_apo-desolv.pdb
A5424b,Cc1ccc(CC(=O)N2CCCC(C(N)=O)C2)s1,../../aligned_files/A5424b/A5424b_ligand.sdf,../../aligned_files/A5424b/A5424b_apo-desolv.pdb
A5425a,NC(=O)C1CCCN(C(=O)Cc2ccsc2)C1,../../aligned_files/A5425a/A5425a_ligand.sdf,../../aligned_files/A5425a/A5425a_apo-desolv.pdb
A5425b,NC(=O)C1CCCN(C(=O)Cc2ccsc2)C1,../../aligned_files/A5425b/A5425b_ligand.sdf,../../aligned_files/A5425b/A5425b_apo-desolv.pdb
A5427a,NC(=O)C1CCN(C(=O)Cc2c(Cl)cccc2Cl)C1,../../aligned_files/A5427a/A5427a_ligand.sdf,../../aligned_files/A5427a/A5427a_apo-desolv.pdb
A5449a,CSc1ccc(S(C)(=O)=O)cc1CC(=O)N1CCCC(C(N)=O)C1,../../aligned_files/A5449a/A5449a_ligand.sdf,../../aligned_files/A5449a/A5449a_apo-desolv.pdb
A5449b,CSc1ccc(S(C)(=O)=O)cc1CC(=O)N1CCCC(C(N)=O)C1,../../aligned_files/A5449b/A5449b_ligand.sdf,../../aligned_files/A5449b/A5449b_apo-desolv.pdb
A5460a,NC(=O)C1CCC(=O)N(c2cccc3ccccc23)C1,../../aligned_files/A5460a/A5460a_ligand.sdf,../../aligned_files/A5460a/A5460a_apo-desolv.pdb
A5466a,C#Cc1ccc(C)c(OC(=O)N2CCCC(C(N)=O)C2)c1,../../aligned_files/A5466a/A5466a_ligand.sdf,../../aligned_files/A5466a/A5466a_apo-desolv.pdb
A5475a,CSc1ccc2c(c1)C(C(=O)N1CCCC(C(N)=O)C1)CCO2,../../aligned_files/A5475a/A5475a_ligand.sdf,../../aligned_files/A5475a/A5475a_apo-desolv.pdb
A5475b,CSc1ccc2c(c1)C(C(=O)N1CCCC(C(N)=O)C1)CCO2,../../aligned_files/A5475b/A5475b_ligand.sdf,../../aligned_files/A5475b/A5475b_apo-desolv.pdb
A5488a,COCC1CCC(C(N)=O)CN1C(=O)Cc1ccccc1SC,../../aligned_files/A5488a/A5488a_ligand.sdf,../../aligned_files/A5488a/A5488a_apo-desolv.pdb
A5509a,CSc1ccc(-c2ccncc2)cc1CC(=O)N1CCCC(C(N)=O)C1,../../aligned_files/A5509a/A5509a_ligand.sdf,../../aligned_files/A5509a/A5509a_apo-desolv.pdb
A5512a,CSc1ccc(C(=O)Nc2ccncc2)cc1CC(=O)N1CCCC(C(N)=O)C1,../../aligned_files/A5512a/A5512a_ligand.sdf,../../aligned_files/A5512a/A5512a_apo-desolv.pdb
A5512b,CSc1ccc(C(=O)Nc2ccncc2)cc1CC(=O)N1CCCC(C(N)=O)C1,../../aligned_files/A5512b/A5512b_ligand.sdf,../../aligned_files/A5512b/A5512b_apo-desolv.pdb
A5525a,CSc1ccc(-c2cc[nH]n2)cc1CC(=O)N1CCCC(C(N)=O)C1,../../aligned_files/A5525a/A5525a_ligand.sdf,../../aligned_files/A5525a/A5525a_apo-desolv.pdb
A5525b,CSc1ccc(-c2cc[nH]n2)cc1CC(=O)N1CCCC(C(N)=O)C1,../../aligned_files/A5525b/A5525b_ligand.sdf,../../aligned_files/A5525b/A5525b_apo-desolv.pdb
A5539a,CCSc1ccccc1OC(=O)N1CCCC(C(N)=O)C1,../../aligned_files/A5539a/A5539a_ligand.sdf,../../aligned_files/A5539a/A5539a_apo-desolv.pdb
A5539b,CCSc1ccccc1OC(=O)N1CCCC(C(N)=O)C1,../../aligned_files/A5539b/A5539b_ligand.sdf,../../aligned_files/A5539b/A5539b_apo-desolv.pdb
A5544a,CSc1ncnc(-c2cn[nH]c2)c1CC(=O)N1CCCC(C(N)=O)C1,../../aligned_files/A5544a/A5544a_ligand.sdf,../../aligned_files/A5544a/A5544a_apo-desolv.pdb
A5584a,CN1CCc2cc(F)c(OC(=O)N3CCCC(C(N)=O)C3)cc2C1,../../aligned_files/A5584a/A5584a_ligand.sdf,../../aligned_files/A5584a/A5584a_apo-desolv.pdb
A5584b,CN1CCc2cc(F)c(OC(=O)N3CCCC(C(N)=O)C3)cc2C1,../../aligned_files/A5584b/A5584b_ligand.sdf,../../aligned_files/A5584b/A5584b_apo-desolv.pdb
A5594a,N#Cc1ccncc1OC(=O)N1CCCC(C(N)=O)C1,../../aligned_files/A5594a/A5594a_ligand.sdf,../../aligned_files/A5594a/A5594a_apo-desolv.pdb
A5594b,N#Cc1ccncc1OC(=O)N1CCCC(C(N)=O)C1,../../aligned_files/A5594b/A5594b_ligand.sdf,../../aligned_files/A5594b/A5594b_apo-desolv.pdb
A5598a,CSc1ccc(N2CCOCC2)cc1NC(=O)N1CCCC(C(N)=O)C1,../../aligned_files/A5598a/A5598a_ligand.sdf,../../aligned_files/A5598a/A5598a_apo-desolv.pdb
A5598b,CSc1ccc(N2CCOCC2)cc1NC(=O)N1CCCC(C(N)=O)C1,../../aligned_files/A5598b/A5598b_ligand.sdf,../../aligned_files/A5598b/A5598b_apo-desolv.pdb
A5599a,Cc1ccc2c(c1OC(=O)N1CCCC(C(N)=O)C1)CCC2,../../aligned_files/A5599a/A5599a_ligand.sdf,../../aligned_files/A5599a/A5599a_apo-desolv.pdb
A5599b,Cc1ccc2c(c1OC(=O)N1CCCC(C(N)=O)C1)CCC2,../../aligned_files/A5599b/A5599b_ligand.sdf,../../aligned_files/A5599b/A5599b_apo-desolv.pdb
A5604a,CSc1ccc(-n2cccn2)cc1CC(=O)N1CCCC(C(N)=O)C1,../../aligned_files/A5604a/A5604a_ligand.sdf,../../aligned_files/A5604a/A5604a_apo-desolv.pdb
A5608a,NC(=O)C1CCC(=O)N(Cc2ccsc2)C1,../../aligned_files/A5608a/A5608a_ligand.sdf,../../aligned_files/A5608a/A5608a_apo-desolv.pdb
A5608b,NC(=O)C1CCC(=O)N(Cc2ccsc2)C1,../../aligned_files/A5608b/A5608b_ligand.sdf,../../aligned_files/A5608b/A5608b_apo-desolv.pdb
