Z0490a,CCn1cnc2ccccc21,../../aligned_files/Z0490a/Z0490a_ligand.sdf,../../aligned_files/Z0490a/Z0490a_apo-desolv.pdb
Z0844a,N#CCC1=NC2CCCCC2N1,../../aligned_files/Z0844a/Z0844a_ligand.sdf,../../aligned_files/Z0844a/Z0844a_apo-desolv.pdb
Z1682a,Nc1ccnc2c(OC(F)(F)F)cccc12,../../aligned_files/Z1682a/Z1682a_ligand.sdf,../../aligned_files/Z1682a/Z1682a_apo-desolv.pdb
Z2048a,CC(=O)NC(CCCN)C(=O)Nc1cccc2c(CO)cc(C)nc12,../../aligned_files/Z2048a/Z2048a_ligand.sdf,../../aligned_files/Z2048a/Z2048a_apo-desolv.pdb
Z2971a,O=c1[nH]ncn1C1CCN(Cc2c[nH]c3ccccc23)CC1,../../aligned_files/Z2971a/Z2971a_ligand.sdf,../../aligned_files/Z2971a/Z2971a_apo-desolv.pdb
Z0051a,COc1ccc2sc(N)nc2c1,../../aligned_files/Z0051a/Z0051a_ligand.sdf,../../aligned_files/Z0051a/Z0051a_apo-desolv.pdb
Z0089a,CC(C)Nc1nc2ccccc2[nH]1,../../aligned_files/Z0089a/Z0089a_ligand.sdf,../../aligned_files/Z0089a/Z0089a_apo-desolv.pdb
Z0101a,CC(C)(CO)NC(=O)c1cccc(Cl)c1,../../aligned_files/Z0101a/Z0101a_ligand.sdf,../../aligned_files/Z0101a/Z0101a_apo-desolv.pdb
Z0130a,CN1CCN(C(=O)c2ccc(F)c(F)c2)CC1,../../aligned_files/Z0130a/Z0130a_ligand.sdf,../../aligned_files/Z0130a/Z0130a_apo-desolv.pdb
Z0182b,NC(=O)C1(c2ccc(F)cc2)CCCNC1,../../aligned_files/Z0182b/Z0182b_ligand.sdf,../../aligned_files/Z0182b/Z0182b_apo-desolv.pdb
Z0182a,NC(=O)C1(c2ccc(F)cc2)CCCNC1,../../aligned_files/Z0182a/Z0182a_ligand.sdf,../../aligned_files/Z0182a/Z0182a_apo-desolv.pdb
Z0227a,NCC1(c2ccccn2)CCCC1,../../aligned_files/Z0227a/Z0227a_ligand.sdf,../../aligned_files/Z0227a/Z0227a_apo-desolv.pdb
Z0229a,O=C1Nc2ccccc2CC12CCCN2,../../aligned_files/Z0229a/Z0229a_ligand.sdf,../../aligned_files/Z0229a/Z0229a_apo-desolv.pdb
Z0229b,O=C1Nc2ccccc2CC12CCCN2,../../aligned_files/Z0229b/Z0229b_ligand.sdf,../../aligned_files/Z0229b/Z0229b_apo-desolv.pdb
Z0386a,NCc1cocn1,../../aligned_files/Z0386a/Z0386a_ligand.sdf,../../aligned_files/Z0386a/Z0386a_apo-desolv.pdb
Z0404a,CS(=O)(=O)c1ccc(N2CCNCC2)cc1,../../aligned_files/Z0404a/Z0404a_ligand.sdf,../../aligned_files/Z0404a/Z0404a_apo-desolv.pdb
Z0422a,Nc1nnc(-c2cccs2)[nH]1,../../aligned_files/Z0422a/Z0422a_ligand.sdf,../../aligned_files/Z0422a/Z0422a_apo-desolv.pdb
Z0425a,CN(C)c1cc(CN)ccn1,../../aligned_files/Z0425a/Z0425a_ligand.sdf,../../aligned_files/Z0425a/Z0425a_apo-desolv.pdb
Z0429a,c1ccc2c(N3CCNCC3)ccnc2c1,../../aligned_files/Z0429a/Z0429a_ligand.sdf,../../aligned_files/Z0429a/Z0429a_apo-desolv.pdb
Z0435a,Nc1nnc2ccccn12,../../aligned_files/Z0435a/Z0435a_ligand.sdf,../../aligned_files/Z0435a/Z0435a_apo-desolv.pdb
Z0455a,c1cnc2c(c1)NCCC2,../../aligned_files/Z0455a/Z0455a_ligand.sdf,../../aligned_files/Z0455a/Z0455a_apo-desolv.pdb
Z0465a,O=C1CCN(c2ccccn2)CC1,../../aligned_files/Z0465a/Z0465a_ligand.sdf,../../aligned_files/Z0465a/Z0465a_apo-desolv.pdb
Z0472a,CC(CN)N1CCc2sccc2C1,../../aligned_files/Z0472a/Z0472a_ligand.sdf,../../aligned_files/Z0472a/Z0472a_apo-desolv.pdb
Z0553a,C[n+]1ccc(C#N)cc1,../../aligned_files/Z0553a/Z0553a_ligand.sdf,../../aligned_files/Z0553a/Z0553a_apo-desolv.pdb
Z0559a,C=Cc1c[nH]cn1,../../aligned_files/Z0559a/Z0559a_ligand.sdf,../../aligned_files/Z0559a/Z0559a_apo-desolv.pdb
Z0589a,C[n+]1cccc(Br)c1,../../aligned_files/Z0589a/Z0589a_ligand.sdf,../../aligned_files/Z0589a/Z0589a_apo-desolv.pdb
Z0601a,C=Cc1cc[n+](C)n1C,../../aligned_files/Z0601a/Z0601a_ligand.sdf,../../aligned_files/Z0601a/Z0601a_apo-desolv.pdb
Z0605a,C=Cc1ccc[n+](C)c1,../../aligned_files/Z0605a/Z0605a_ligand.sdf,../../aligned_files/Z0605a/Z0605a_apo-desolv.pdb
Z0673a,O=C1CCC(NC(=O)c2cscn2)CN1,../../aligned_files/Z0673a/Z0673a_ligand.sdf,../../aligned_files/Z0673a/Z0673a_apo-desolv.pdb
Z0673b,O=C1CCC(NC(=O)c2cscn2)CN1,../../aligned_files/Z0673b/Z0673b_ligand.sdf,../../aligned_files/Z0673b/Z0673b_apo-desolv.pdb
Z0687a,CC(=O)Nc1ccncc1C,../../aligned_files/Z0687a/Z0687a_ligand.sdf,../../aligned_files/Z0687a/Z0687a_apo-desolv.pdb
Z0693a,Cc1[nH][nH]c(=O)c1CCO,../../aligned_files/Z0693a/Z0693a_ligand.sdf,../../aligned_files/Z0693a/Z0693a_apo-desolv.pdb
Z0701a,N#Cc1n[nH]c2ccccc12,../../aligned_files/Z0701a/Z0701a_ligand.sdf,../../aligned_files/Z0701a/Z0701a_apo-desolv.pdb
Z0709a,Cc1cnc2c(cnn2CC(=O)O)c1,../../aligned_files/Z0709a/Z0709a_ligand.sdf,../../aligned_files/Z0709a/Z0709a_apo-desolv.pdb
Z0719a,CC(=O)NCc1ncc[nH]1,../../aligned_files/Z0719a/Z0719a_ligand.sdf,../../aligned_files/Z0719a/Z0719a_apo-desolv.pdb
Z0727a,CNc1nccc2ccccc12,../../aligned_files/Z0727a/Z0727a_ligand.sdf,../../aligned_files/Z0727a/Z0727a_apo-desolv.pdb
Z0772a,NS(=O)(=O)c1ccc2ncsc2c1,../../aligned_files/Z0772a/Z0772a_ligand.sdf,../../aligned_files/Z0772a/Z0772a_apo-desolv.pdb
Z0773b,CS(=O)(=O)c1cccc2cccnc12,../../aligned_files/Z0773b/Z0773b_ligand.sdf,../../aligned_files/Z0773b/Z0773b_apo-desolv.pdb
Z0773a,CS(=O)(=O)c1cccc2cccnc12,../../aligned_files/Z0773a/Z0773a_ligand.sdf,../../aligned_files/Z0773a/Z0773a_apo-desolv.pdb
Z0777a,Cc1nsc(NC2CCCC2(C)CO)n1,../../aligned_files/Z0777a/Z0777a_ligand.sdf,../../aligned_files/Z0777a/Z0777a_apo-desolv.pdb
Z0788b,CS(=O)(=O)c1nccn1Cc1cscn1,../../aligned_files/Z0788b/Z0788b_ligand.sdf,../../aligned_files/Z0788b/Z0788b_apo-desolv.pdb
Z0788c,CS(=O)(=O)c1nccn1Cc1cscn1,../../aligned_files/Z0788c/Z0788c_ligand.sdf,../../aligned_files/Z0788c/Z0788c_apo-desolv.pdb
Z0788a,CS(=O)(=O)c1nccn1Cc1cscn1,../../aligned_files/Z0788a/Z0788a_ligand.sdf,../../aligned_files/Z0788a/Z0788a_apo-desolv.pdb
Z0800a,NC(=O)c1c[nH]c(C2CC2)n1,../../aligned_files/Z0800a/Z0800a_ligand.sdf,../../aligned_files/Z0800a/Z0800a_apo-desolv.pdb
Z0806a,CC(N)c1cn(-c2ccccc2)nn1,../../aligned_files/Z0806a/Z0806a_ligand.sdf,../../aligned_files/Z0806a/Z0806a_apo-desolv.pdb
Z0806b,CC(N)c1cn(-c2ccccc2)nn1,../../aligned_files/Z0806b/Z0806b_ligand.sdf,../../aligned_files/Z0806b/Z0806b_apo-desolv.pdb
Z0819a,CS(=O)(=O)NC1CCNCC1,../../aligned_files/Z0819a/Z0819a_ligand.sdf,../../aligned_files/Z0819a/Z0819a_apo-desolv.pdb
Z0827a,c1cc(C2CCCNC2)c2cc[nH]c2c1,../../aligned_files/Z0827a/Z0827a_ligand.sdf,../../aligned_files/Z0827a/Z0827a_apo-desolv.pdb
Z0846b,Oc1ccccc1CNc1nc2ccccc2[nH]1,../../aligned_files/Z0846b/Z0846b_ligand.sdf,../../aligned_files/Z0846b/Z0846b_apo-desolv.pdb
Z0846a,Oc1ccccc1CNc1nc2ccccc2[nH]1,../../aligned_files/Z0846a/Z0846a_ligand.sdf,../../aligned_files/Z0846a/Z0846a_apo-desolv.pdb
Z0852a,Cc1cccc(O)c1NC(=O)c1ccncc1F,../../aligned_files/Z0852a/Z0852a_ligand.sdf,../../aligned_files/Z0852a/Z0852a_apo-desolv.pdb
Z0875a,CN(CC1CCOC1)c1ncncc1Cl,../../aligned_files/Z0875a/Z0875a_ligand.sdf,../../aligned_files/Z0875a/Z0875a_apo-desolv.pdb
Z0884b,CC(Oc1ccccc1C#N)C(N)=O,../../aligned_files/Z0884b/Z0884b_ligand.sdf,../../aligned_files/Z0884b/Z0884b_apo-desolv.pdb
Z0884a,CC(Oc1ccccc1C#N)C(N)=O,../../aligned_files/Z0884a/Z0884a_ligand.sdf,../../aligned_files/Z0884a/Z0884a_apo-desolv.pdb
Z0904a,CN(C)C(=O)COc1cccc(F)c1,../../aligned_files/Z0904a/Z0904a_ligand.sdf,../../aligned_files/Z0904a/Z0904a_apo-desolv.pdb
Z0917a,Cn1cc(C(F)(F)F)nc1C1CCCNC1,../../aligned_files/Z0917a/Z0917a_ligand.sdf,../../aligned_files/Z0917a/Z0917a_apo-desolv.pdb
Z0945a,COc1ccnc(N2CCNCC2)n1,../../aligned_files/Z0945a/Z0945a_ligand.sdf,../../aligned_files/Z0945a/Z0945a_apo-desolv.pdb
Z0951a,CNCc1nnc2ccccn12,../../aligned_files/Z0951a/Z0951a_ligand.sdf,../../aligned_files/Z0951a/Z0951a_apo-desolv.pdb
Z0969a,Cc1cnn2c1CNCC2,../../aligned_files/Z0969a/Z0969a_ligand.sdf,../../aligned_files/Z0969a/Z0969a_apo-desolv.pdb
Z0969b,Cc1cnn2c1CNCC2,../../aligned_files/Z0969b/Z0969b_ligand.sdf,../../aligned_files/Z0969b/Z0969b_apo-desolv.pdb
Z0990b,CN(C)C(=O)N1CCNCC1,../../aligned_files/Z0990b/Z0990b_ligand.sdf,../../aligned_files/Z0990b/Z0990b_apo-desolv.pdb
Z0990a,CN(C)C(=O)N1CCNCC1,../../aligned_files/Z0990a/Z0990a_ligand.sdf,../../aligned_files/Z0990a/Z0990a_apo-desolv.pdb
Z1046a,COCC(=O)Nc1cccc(NC(C)=O)c1,../../aligned_files/Z1046a/Z1046a_ligand.sdf,../../aligned_files/Z1046a/Z1046a_apo-desolv.pdb
Z1046b,COCC(=O)Nc1cccc(NC(C)=O)c1,../../aligned_files/Z1046b/Z1046b_ligand.sdf,../../aligned_files/Z1046b/Z1046b_apo-desolv.pdb
Z1098a,Cn1cc(NC(=O)c2ccccc2C(F)(F)F)cn1,../../aligned_files/Z1098a/Z1098a_ligand.sdf,../../aligned_files/Z1098a/Z1098a_apo-desolv.pdb
Z1234a,COc1cncc(-c2ccccc2C(=O)Nc2cnn(C)c2)c1,../../aligned_files/Z1234a/Z1234a_ligand.sdf,../../aligned_files/Z1234a/Z1234a_apo-desolv.pdb
Z1237a,Cc1cnccc1NC(=O)c1cc(C2CC2)n(C)c1C,../../aligned_files/Z1237a/Z1237a_ligand.sdf,../../aligned_files/Z1237a/Z1237a_apo-desolv.pdb
Z1261a,COCc1cc(-c2ccccc2C(=O)Nc2cnn(C)c2)ccn1,../../aligned_files/Z1261a/Z1261a_ligand.sdf,../../aligned_files/Z1261a/Z1261a_apo-desolv.pdb
Z1265a,COc1cc(-c2ccccc2C(=O)Nc2cnn(C)c2)ccn1,../../aligned_files/Z1265a/Z1265a_ligand.sdf,../../aligned_files/Z1265a/Z1265a_apo-desolv.pdb
Z1271a,Cc1cnccc1NC(=O)c1cc(C2CC2)n(C)c1C,../../aligned_files/Z1271a/Z1271a_ligand.sdf,../../aligned_files/Z1271a/Z1271a_apo-desolv.pdb
Z1274a,Cc1cnccc1NC(=O)c1cccc(-c2nccs2)c1,../../aligned_files/Z1274a/Z1274a_ligand.sdf,../../aligned_files/Z1274a/Z1274a_apo-desolv.pdb
Z1288a,Cc1cc(-c2ccccc2C(=O)Nc2cnn(C)c2)cnc1F,../../aligned_files/Z1288a/Z1288a_ligand.sdf,../../aligned_files/Z1288a/Z1288a_apo-desolv.pdb
Z1291a,CN(C)Cc1nc(CNc2cc(Cl)cc(C(=O)NC(C)(C)CO)c2)cs1,../../aligned_files/Z1291a/Z1291a_ligand.sdf,../../aligned_files/Z1291a/Z1291a_apo-desolv.pdb
Z1317a,CS(=O)(=O)c1ccc(N2CCNCC2)cc1NC(=O)c1cccc2ncccc12,../../aligned_files/Z1317a/Z1317a_ligand.sdf,../../aligned_files/Z1317a/Z1317a_apo-desolv.pdb
Z1320a,COc1ccc(-c2ccccc2C(=O)Nc2cnn(C)c2)cn1,../../aligned_files/Z1320a/Z1320a_ligand.sdf,../../aligned_files/Z1320a/Z1320a_apo-desolv.pdb
Z1333a,CN(C)Cc1cc(CNc2cc(Cl)cc(C(=O)NC(C)(C)CO)c2)ccc1O,../../aligned_files/Z1333a/Z1333a_ligand.sdf,../../aligned_files/Z1333a/Z1333a_apo-desolv.pdb
Z1342a,Cn1cc(NC(=O)c2cccc3ncccc23)cn1,../../aligned_files/Z1342a/Z1342a_ligand.sdf,../../aligned_files/Z1342a/Z1342a_apo-desolv.pdb
Z1390a,CS(=O)(=O)c1ccc(N2CCNCC2)cc1NC(=O)c1cccc2ncccc12,../../aligned_files/Z1390a/Z1390a_ligand.sdf,../../aligned_files/Z1390a/Z1390a_apo-desolv.pdb
Z1398a,Cc1ncc(-c2ccccc2C(=O)Nc2cnn(C)c2)cn1,../../aligned_files/Z1398a/Z1398a_ligand.sdf,../../aligned_files/Z1398a/Z1398a_apo-desolv.pdb
Z1406a,CN(C)Cc1cc(CNc2cc(Cl)cc(C(=O)NC(C)(C)CO)c2)ccc1O,../../aligned_files/Z1406a/Z1406a_ligand.sdf,../../aligned_files/Z1406a/Z1406a_apo-desolv.pdb
Z1413a,O=C(Nc1cnn2c1CNCC2)c1cccc2ncccc12,../../aligned_files/Z1413a/Z1413a_ligand.sdf,../../aligned_files/Z1413a/Z1413a_apo-desolv.pdb
Z1451a,CNc1ccc(-c2ccccc2C(=O)Nc2cnn(C)c2)cn1,../../aligned_files/Z1451a/Z1451a_ligand.sdf,../../aligned_files/Z1451a/Z1451a_apo-desolv.pdb
Z1470a,COc1cc(COc2cncnc2)nc(N2CCNCC2)n1,../../aligned_files/Z1470a/Z1470a_ligand.sdf,../../aligned_files/Z1470a/Z1470a_apo-desolv.pdb
Z1495a,Cc1cn2ccc(C(=O)Nc3ccncc3C)cc2n1,../../aligned_files/Z1495a/Z1495a_ligand.sdf,../../aligned_files/Z1495a/Z1495a_apo-desolv.pdb
Z1596a,COc1cc(COc2cc(C)nc3ncnn23)nc(N2CCNCC2)n1,../../aligned_files/Z1596a/Z1596a_ligand.sdf,../../aligned_files/Z1596a/Z1596a_apo-desolv.pdb
Z1597a,CCC(=O)Nc1cncc(C(=O)Nc2ccncc2C)c1,../../aligned_files/Z1597a/Z1597a_ligand.sdf,../../aligned_files/Z1597a/Z1597a_apo-desolv.pdb
Z1664a,Nc1ccc2c(Cl)cccc2n1,../../aligned_files/Z1664a/Z1664a_ligand.sdf,../../aligned_files/Z1664a/Z1664a_apo-desolv.pdb
Z1667a,Cc1cccc(C(=O)Nc2cc(N)ccc2C)c1,../../aligned_files/Z1667a/Z1667a_ligand.sdf,../../aligned_files/Z1667a/Z1667a_apo-desolv.pdb
Z1674a,Cc1cc(N)c2ccc(Cl)c(Cl)c2n1,../../aligned_files/Z1674a/Z1674a_ligand.sdf,../../aligned_files/Z1674a/Z1674a_apo-desolv.pdb
Z1681a,Cc1cc(N)c2cccc(Br)c2n1,../../aligned_files/Z1681a/Z1681a_ligand.sdf,../../aligned_files/Z1681a/Z1681a_apo-desolv.pdb
Z1688a,Cc1nc(-c2ccc(C)c3ncccc23)c[nH]1,../../aligned_files/Z1688a/Z1688a_ligand.sdf,../../aligned_files/Z1688a/Z1688a_apo-desolv.pdb
Z1713a,Nc1ccnc2c(Cl)cccc12,../../aligned_files/Z1713a/Z1713a_ligand.sdf,../../aligned_files/Z1713a/Z1713a_apo-desolv.pdb
Z1715a,Cc1cc(OCC(N)=O)c2cccc(C)c2n1,../../aligned_files/Z1715a/Z1715a_ligand.sdf,../../aligned_files/Z1715a/Z1715a_apo-desolv.pdb
Z1716a,CCOC(=O)c1cnc2c(C#N)cccc2c1N,../../aligned_files/Z1716a/Z1716a_ligand.sdf,../../aligned_files/Z1716a/Z1716a_apo-desolv.pdb
Z1719a,Nc1nc(-c2ccccn2)nc2ccccc12,../../aligned_files/Z1719a/Z1719a_ligand.sdf,../../aligned_files/Z1719a/Z1719a_apo-desolv.pdb
Z1727a,CC(=O)NC(CCCC[NH3+])C(=O)Nc1cccc2c(Cl)cc(C)nc12,../../aligned_files/Z1727a/Z1727a_ligand.sdf,../../aligned_files/Z1727a/Z1727a_apo-desolv.pdb
Z1728a,CC(=O)NC(CCCN)C(=O)Nc1cccc2cccnc12,../../aligned_files/Z1728a/Z1728a_ligand.sdf,../../aligned_files/Z1728a/Z1728a_apo-desolv.pdb
Z1729a,O=C(Nc1cccc2cccnc12)C1CCNCC1,../../aligned_files/Z1729a/Z1729a_ligand.sdf,../../aligned_files/Z1729a/Z1729a_apo-desolv.pdb
Z1730a,CC(=O)NC(CCCC[NH3+])C(=O)Nc1cccc2cccnc12,../../aligned_files/Z1730a/Z1730a_ligand.sdf,../../aligned_files/Z1730a/Z1730a_apo-desolv.pdb
Z1731a,Cc1cc(CO)c2cccc(NC(=O)C3CCNCC3)c2n1,../../aligned_files/Z1731a/Z1731a_ligand.sdf,../../aligned_files/Z1731a/Z1731a_apo-desolv.pdb
Z1743a,Cc1cc(CO)c2cccc(NC(=O)C3CCNCC3)c2n1,../../aligned_files/Z1743a/Z1743a_ligand.sdf,../../aligned_files/Z1743a/Z1743a_apo-desolv.pdb
Z1745a,Nc1cncc2ccccc12,../../aligned_files/Z1745a/Z1745a_ligand.sdf,../../aligned_files/Z1745a/Z1745a_apo-desolv.pdb
Z1750a,Cc1cc(CO)c2cccc(NC(=O)C3CCC([NH3+])CC3)c2n1,../../aligned_files/Z1750a/Z1750a_ligand.sdf,../../aligned_files/Z1750a/Z1750a_apo-desolv.pdb
Z1752a,CC(=O)NC(CCCN)C(=O)Nc1cccc2cccnc12,../../aligned_files/Z1752a/Z1752a_ligand.sdf,../../aligned_files/Z1752a/Z1752a_apo-desolv.pdb
Z1753a,Cc1cc(CO)c2cccc(NC(=O)C3CC(N)C3)c2n1,../../aligned_files/Z1753a/Z1753a_ligand.sdf,../../aligned_files/Z1753a/Z1753a_apo-desolv.pdb
Z1756a,[NH3+]C(Cc1ccc2ccccc2n1)C(=O)[O-],../../aligned_files/Z1756a/Z1756a_ligand.sdf,../../aligned_files/Z1756a/Z1756a_apo-desolv.pdb
Z1761a,Cc1cc(CO)c2cccc(Cc3ccccc3C(=O)N3CCC(N)C3)c2n1,../../aligned_files/Z1761a/Z1761a_ligand.sdf,../../aligned_files/Z1761a/Z1761a_apo-desolv.pdb
Z1837a,Cc1cc(CO)c2cccc(CC(=O)N3CCC(N)C3)c2n1,../../aligned_files/Z1837a/Z1837a_ligand.sdf,../../aligned_files/Z1837a/Z1837a_apo-desolv.pdb
Z1838a,Cc1cc(CO)c2cccc(CC(=O)N3CCC(CN)C3)c2n1,../../aligned_files/Z1838a/Z1838a_ligand.sdf,../../aligned_files/Z1838a/Z1838a_apo-desolv.pdb
Z2057a,Cc1cc(CO)c2cccc(NC(=O)CCC3CCNCC3)c2n1,../../aligned_files/Z2057a/Z2057a_ligand.sdf,../../aligned_files/Z2057a/Z2057a_apo-desolv.pdb
Z2094a,O=C(c1csc(C2CCCNC2)n1)N1CCC(c2cccnc2)C1,../../aligned_files/Z2094a/Z2094a_ligand.sdf,../../aligned_files/Z2094a/Z2094a_apo-desolv.pdb
Z2119a,NCc1ccc(CC(NC(=O)c2ccccc2)C(=O)N2CCCCC2)cc1,../../aligned_files/Z2119a/Z2119a_ligand.sdf,../../aligned_files/Z2119a/Z2119a_apo-desolv.pdb
Z2126a,Cn1oc(C(=O)Nc2cc(Cl)cc(C(=O)NC(C)(C)CO)c2)cc1=O,../../aligned_files/Z2126a/Z2126a_ligand.sdf,../../aligned_files/Z2126a/Z2126a_apo-desolv.pdb
Z2135a,Cc1nc(CNC(=O)c2[nH]c(C3CCCNC3)nc2C)c[nH]1,../../aligned_files/Z2135a/Z2135a_ligand.sdf,../../aligned_files/Z2135a/Z2135a_apo-desolv.pdb
Z2217a,CC(C)Nc1nc2ccc(C(=O)Nc3c[nH]c(C(N)=O)c3)cc2[nH]1,../../aligned_files/Z2217a/Z2217a_ligand.sdf,../../aligned_files/Z2217a/Z2217a_apo-desolv.pdb
Z2235a,CC(C)Nc1nc2ccc(C(=O)Nc3cnn(C)c3)cc2[nH]1,../../aligned_files/Z2235a/Z2235a_ligand.sdf,../../aligned_files/Z2235a/Z2235a_apo-desolv.pdb
Z2262a,Cc1nc(C2CCCNC2)[nH]c1C(=O)Nc1ccccn1,../../aligned_files/Z2262a/Z2262a_ligand.sdf,../../aligned_files/Z2262a/Z2262a_apo-desolv.pdb
Z2439a,Cc1cnccc1NC(=O)c1cccn(CC2CCNC2)c1=O,../../aligned_files/Z2439a/Z2439a_ligand.sdf,../../aligned_files/Z2439a/Z2439a_apo-desolv.pdb
Z2500a,COc1cc(Cc2ccnc(N3CCNCC3)c2)nc(N2CCNCC2)n1,../../aligned_files/Z2500a/Z2500a_ligand.sdf,../../aligned_files/Z2500a/Z2500a_apo-desolv.pdb
Z2992a,NCc1cccc(NC(=O)c2cc(Cl)cc(NC(=O)OCc3ccccc3)c2)c1,../../aligned_files/Z2992a/Z2992a_ligand.sdf,../../aligned_files/Z2992a/Z2992a_apo-desolv.pdb
Z3021a,NCCc1cccc(NC(=O)c2cc(Cl)cc(NC(=O)OCc3ccccc3)c2)c1,../../aligned_files/Z3021a/Z3021a_ligand.sdf,../../aligned_files/Z3021a/Z3021a_apo-desolv.pdb
Z3024a,NCCc1ccc(NC(=O)c2cc(Cl)cc(NC(=O)OCc3ccccc3)c2)cc1,../../aligned_files/Z3024a/Z3024a_ligand.sdf,../../aligned_files/Z3024a/Z3024a_apo-desolv.pdb
Z3028a,CC(N)c1ccc(NC(=O)c2cc(Cl)cc(NC(=O)OCc3ccccc3)c2)cc1,../../aligned_files/Z3028a/Z3028a_ligand.sdf,../../aligned_files/Z3028a/Z3028a_apo-desolv.pdb
Z3059a,O=C(Nc1cc(Cl)cc(C(=O)Nc2ccc3c(c2)CNC3)c1)OCc1ccccc1,../../aligned_files/Z3059a/Z3059a_ligand.sdf,../../aligned_files/Z3059a/Z3059a_apo-desolv.pdb
Z3060a,NCc1cccc(NC(=O)c2cc(Cl)cc(CN)c2)c1,../../aligned_files/Z3060a/Z3060a_ligand.sdf,../../aligned_files/Z3060a/Z3060a_apo-desolv.pdb
Z3093a,NCc1cccc(NC(=O)c2cccn3cc(CN4CCCC4)nc23)c1,../../aligned_files/Z3093a/Z3093a_ligand.sdf,../../aligned_files/Z3093a/Z3093a_apo-desolv.pdb
Z3094a,CC(C)c1nc2c(C(=O)Nc3cccc(CN)c3)cccc2[nH]1,../../aligned_files/Z3094a/Z3094a_ligand.sdf,../../aligned_files/Z3094a/Z3094a_apo-desolv.pdb
Z3264a,NCc1cc(Cl)cc(C(=O)Nc2cccc(-c3nn[nH]n3)c2)c1,../../aligned_files/Z3264a/Z3264a_ligand.sdf,../../aligned_files/Z3264a/Z3264a_apo-desolv.pdb
Z3394a,N#CC(Nc1ccc2c(c1)CNC2)c1cc(Cl)cc2[nH]ncc12,../../aligned_files/Z3394a/Z3394a_ligand.sdf,../../aligned_files/Z3394a/Z3394a_apo-desolv.pdb
Z3397a,CC(C)NC(=O)C(Nc1ccc2c(c1)CNC2)c1cc(Cl)cc2[nH]ncc12,../../aligned_files/Z3397a/Z3397a_ligand.sdf,../../aligned_files/Z3397a/Z3397a_apo-desolv.pdb
Z3400a,O=C(Nc1ccc2c(c1)CNC2)c1cc(Br)cc2[nH]ccc12,../../aligned_files/Z3400a/Z3400a_ligand.sdf,../../aligned_files/Z3400a/Z3400a_apo-desolv.pdb
Z3432a,O=C(Nc1ccc2c(c1)CNC2)c1cc(Br)cc2ccccc12,../../aligned_files/Z3432a/Z3432a_ligand.sdf,../../aligned_files/Z3432a/Z3432a_apo-desolv.pdb
Z3439a,O=C(NCC(F)F)C(Nc1ccc2c(c1)CNC2)c1cc(Cl)cc(C2CC2)c1,../../aligned_files/Z3439a/Z3439a_ligand.sdf,../../aligned_files/Z3439a/Z3439a_apo-desolv.pdb
Z3440a,O=C(Nc1ccc2c(c1)CNCCO2)c1cc(Cl)cc2[nH]ncc12,../../aligned_files/Z3440a/Z3440a_ligand.sdf,../../aligned_files/Z3440a/Z3440a_apo-desolv.pdb
Z3441a,O=C(Nc1ccc2c(c1)CNC2)c1cc(F)cc2[nH]ncc12,../../aligned_files/Z3441a/Z3441a_ligand.sdf,../../aligned_files/Z3441a/Z3441a_apo-desolv.pdb
Z3452a,O=C(Nc1ccc2c(c1)CNC2)c1cc(F)cc2[nH]nnc12,../../aligned_files/Z3452a/Z3452a_ligand.sdf,../../aligned_files/Z3452a/Z3452a_apo-desolv.pdb
Z3463a,CNC(=O)C(Nc1ccc2c(c1)C(=O)OC2)c1cc(Cl)cc2[nH]ncc12,../../aligned_files/Z3463a/Z3463a_ligand.sdf,../../aligned_files/Z3463a/Z3463a_apo-desolv.pdb
Z3464a,O=C1COc2cc(C(=O)Nc3ccc4c(c3)CNC4)ccc2N1,../../aligned_files/Z3464a/Z3464a_ligand.sdf,../../aligned_files/Z3464a/Z3464a_apo-desolv.pdb
Z3465a,O=C(Nc1ccc2c(c1)CNC2)c1ccc2ncsc2c1,../../aligned_files/Z3465a/Z3465a_ligand.sdf,../../aligned_files/Z3465a/Z3465a_apo-desolv.pdb
Z3466a,O=C(Nc1ccc2c(c1)CNC2)c1cncc2[nH]ncc12,../../aligned_files/Z3466a/Z3466a_ligand.sdf,../../aligned_files/Z3466a/Z3466a_apo-desolv.pdb
Z3468a,CC(C1CC1)n1ncc2c(C(=O)Nc3ccc4c(c3)CNC4)cc(C3CC3)nc21,../../aligned_files/Z3468a/Z3468a_ligand.sdf,../../aligned_files/Z3468a/Z3468a_apo-desolv.pdb
Z3469a,O=C(Nc1ccc2c(c1)CNC2)c1cc(F)c2[nH]ccc2c1,../../aligned_files/Z3469a/Z3469a_ligand.sdf,../../aligned_files/Z3469a/Z3469a_apo-desolv.pdb
Z3472a,O=C(NCc1cccnc1)C(Nc1ccc2c(c1)CNC2)c1cc(Cl)cc2[nH]ncc12,../../aligned_files/Z3472a/Z3472a_ligand.sdf,../../aligned_files/Z3472a/Z3472a_apo-desolv.pdb
Z3473a,N#Cc1ccc(C(=O)Nc2ccc3c(c2)CNC3)cc1Cl,../../aligned_files/Z3473a/Z3473a_ligand.sdf,../../aligned_files/Z3473a/Z3473a_apo-desolv.pdb
Z3476a,O=C(Nc1ccc2c(c1)CNC2)c1cccc2[nH]cnc12,../../aligned_files/Z3476a/Z3476a_ligand.sdf,../../aligned_files/Z3476a/Z3476a_apo-desolv.pdb
Z3477a,CC1(C)C(=O)Nc2ccc(C(=O)Nc3ccc4c(c3)CNC4)cc21,../../aligned_files/Z3477a/Z3477a_ligand.sdf,../../aligned_files/Z3477a/Z3477a_apo-desolv.pdb
Z3480a,CC(=O)Nc1cccc(C(=O)Nc2ccc3c(c2)CNC3)n1,../../aligned_files/Z3480a/Z3480a_ligand.sdf,../../aligned_files/Z3480a/Z3480a_apo-desolv.pdb
Z3485a,O=C(Nc1ccc2c(c1)CNC2)c1cc(Br)cc2[nH]c(=O)[nH]c12,../../aligned_files/Z3485a/Z3485a_ligand.sdf,../../aligned_files/Z3485a/Z3485a_apo-desolv.pdb
Z3486a,Cn1cc2c(C(=O)Nc3ccc4c(c3)CNC4)cccc2n1,../../aligned_files/Z3486a/Z3486a_ligand.sdf,../../aligned_files/Z3486a/Z3486a_apo-desolv.pdb
Z3487a,Nc1noc2cccc(C(=O)Nc3ccc4c(c3)CNC4)c12,../../aligned_files/Z3487a/Z3487a_ligand.sdf,../../aligned_files/Z3487a/Z3487a_apo-desolv.pdb
Z3489a,O=C(NC1CCOCC1)C(Nc1ccc2c(c1)CNC2)c1cc(Cl)cc2[nH]ncc12,../../aligned_files/Z3489a/Z3489a_ligand.sdf,../../aligned_files/Z3489a/Z3489a_apo-desolv.pdb
Z3495a,O=C(Nc1ccc2c(c1)CNC2)c1cc(Cl)ccc1-n1cncn1,../../aligned_files/Z3495a/Z3495a_ligand.sdf,../../aligned_files/Z3495a/Z3495a_apo-desolv.pdb
Z3501a,O=C(Nc1ccc2c(c1)CNC2)c1cccc2nc(C(F)(F)F)[nH]c12,../../aligned_files/Z3501a/Z3501a_ligand.sdf,../../aligned_files/Z3501a/Z3501a_apo-desolv.pdb
Z3502a,Cc1nc2c(C(=O)Nc3ccc4c(c3)CNC4)cc(Cl)cc2[nH]1,../../aligned_files/Z3502a/Z3502a_ligand.sdf,../../aligned_files/Z3502a/Z3502a_apo-desolv.pdb
Z3503a,O=C(Nc1ccc2c(c1)CNC2)c1cccc2[nH]c(=O)[nH]c12,../../aligned_files/Z3503a/Z3503a_ligand.sdf,../../aligned_files/Z3503a/Z3503a_apo-desolv.pdb
Z3505a,CC(C)CNC(=O)C(Nc1ccc2c(c1)CNC2)c1cc(Cl)cc2[nH]ncc12,../../aligned_files/Z3505a/Z3505a_ligand.sdf,../../aligned_files/Z3505a/Z3505a_apo-desolv.pdb
Z3506a,CCCNC(=O)C(Nc1ccc2c(c1)CNC2)c1cc(Cl)cc2[nH]ncc12,../../aligned_files/Z3506a/Z3506a_ligand.sdf,../../aligned_files/Z3506a/Z3506a_apo-desolv.pdb
Z3507a,N#CC(Nc1ccc2c(c1)CNC2)c1cncc2ccccc12,../../aligned_files/Z3507a/Z3507a_ligand.sdf,../../aligned_files/Z3507a/Z3507a_apo-desolv.pdb
Z3515a,O=C(Nc1ccc2c(c1)CNC2)c1cc2ncccc2s1,../../aligned_files/Z3515a/Z3515a_ligand.sdf,../../aligned_files/Z3515a/Z3515a_apo-desolv.pdb
Z3519a,O=C(Nc1ccc2c(c1)CNC2)c1cc(Cl)nc2[nH]ccc12,../../aligned_files/Z3519a/Z3519a_ligand.sdf,../../aligned_files/Z3519a/Z3519a_apo-desolv.pdb
Z3522a,O=C(Nc1ccc2c(c1)CNC2)c1ccc2sncc2c1,../../aligned_files/Z3522a/Z3522a_ligand.sdf,../../aligned_files/Z3522a/Z3522a_apo-desolv.pdb
Z3527a,O=C(Nc1ccc2c(c1)CNC2)c1ccc2ncccc2c1,../../aligned_files/Z3527a/Z3527a_ligand.sdf,../../aligned_files/Z3527a/Z3527a_apo-desolv.pdb
Z3545a,Cc1ccc(S(=O)(=O)CNC(=O)C(Nc2ccc3c(c2)CNC3)c2cc(Cl)cc3[nH]ncc23)cc1,../../aligned_files/Z3545a/Z3545a_ligand.sdf,../../aligned_files/Z3545a/Z3545a_apo-desolv.pdb
Z3546a,O=C(Nc1ccc2c(c1)CNC2)c1cc(Cl)ccc1-n1ccnc1,../../aligned_files/Z3546a/Z3546a_ligand.sdf,../../aligned_files/Z3546a/Z3546a_apo-desolv.pdb
Z3548a,CC1CC2(CN1C(=O)Nc1ccc3c(c1)CNC3)CC(F)(F)C2,../../aligned_files/Z3548a/Z3548a_ligand.sdf,../../aligned_files/Z3548a/Z3548a_apo-desolv.pdb
Z3553a,O=C(NCC1CCOCC1)C(Nc1ccc2c(c1)CNC2)c1cc(Cl)cc2[nH]ncc12,../../aligned_files/Z3553a/Z3553a_ligand.sdf,../../aligned_files/Z3553a/Z3553a_apo-desolv.pdb
Z3556a,Cc1cc(C(=O)Nc2ccc3c(c2)CNC3)c2cnn(C)c2n1,../../aligned_files/Z3556a/Z3556a_ligand.sdf,../../aligned_files/Z3556a/Z3556a_apo-desolv.pdb
Z3559a,Cn1ncc2c(C(=O)Nc3ccc4c(c3)CNC4)cc(C3CC3)nc21,../../aligned_files/Z3559a/Z3559a_ligand.sdf,../../aligned_files/Z3559a/Z3559a_apo-desolv.pdb
Z3561a,O=C(NCC1CCCO1)C(Nc1ccc2c(c1)CNC2)c1cc(Cl)cc2[nH]ncc12,../../aligned_files/Z3561a/Z3561a_ligand.sdf,../../aligned_files/Z3561a/Z3561a_apo-desolv.pdb
Z3596a,O=C1Cc2c(cccc2C(=O)Nc2ccc3c(c2)CNC3)N1,../../aligned_files/Z3596a/Z3596a_ligand.sdf,../../aligned_files/Z3596a/Z3596a_apo-desolv.pdb
Z3617a,O=C(Nc1ccc2c(c1)CNC2)c1cc(Cl)cc2[nH]c(-c3cc(C4CC4)[nH]n3)nc12,../../aligned_files/Z3617a/Z3617a_ligand.sdf,../../aligned_files/Z3617a/Z3617a_apo-desolv.pdb
Z3622a,O=C(Nc1ccc2c(c1)CNC2)c1cc(F)cc2[nH]c(-c3ccccc3)nc12,../../aligned_files/Z3622a/Z3622a_ligand.sdf,../../aligned_files/Z3622a/Z3622a_apo-desolv.pdb
Z3646a,N#Cc1cc2c(cc1NC(=O)c1cc(F)cc3[nH]ncc13)CNC2,../../aligned_files/Z3646a/Z3646a_ligand.sdf,../../aligned_files/Z3646a/Z3646a_apo-desolv.pdb
Z3647a,O=C(Nc1cc2c(c(C3=CCS(=O)(=O)CC3)c1)CNC2)c1cc(F)cc2[nH]ncc12,../../aligned_files/Z3647a/Z3647a_ligand.sdf,../../aligned_files/Z3647a/Z3647a_apo-desolv.pdb
Z3654a,CC(C)(c1nc2c(C(=O)Nc3ccc4c(c3)CNC4)cc(F)cc2[nH]1)S(C)(=O)=O,../../aligned_files/Z3654a/Z3654a_ligand.sdf,../../aligned_files/Z3654a/Z3654a_apo-desolv.pdb
Z3665a,O=C(Nc1ccc2c(c1)CNC2)c1ccc2[nH]cc(C3CCNCC3)c2c1,../../aligned_files/Z3665a/Z3665a_ligand.sdf,../../aligned_files/Z3665a/Z3665a_apo-desolv.pdb
Z3673a,O=C(Nc1ccc2c(c1)CNC2)c1ccc2c(C3=CCNCC3)csc2c1,../../aligned_files/Z3673a/Z3673a_ligand.sdf,../../aligned_files/Z3673a/Z3673a_apo-desolv.pdb
Z3677a,O=C1Cc2cc(C(=O)Nc3ccc4c(c3)CNC4)ccc2N1,../../aligned_files/Z3677a/Z3677a_ligand.sdf,../../aligned_files/Z3677a/Z3677a_apo-desolv.pdb
Z3680a,NCCc1csc2cc(C(=O)Nc3ccc4c(c3)CNC4)ccc12,../../aligned_files/Z3680a/Z3680a_ligand.sdf,../../aligned_files/Z3680a/Z3680a_apo-desolv.pdb
Z3685a,O=C(Nc1cc2c(c(C3=CCOCC3)c1)CNC2)c1cc(F)cc2[nH]ncc12,../../aligned_files/Z3685a/Z3685a_ligand.sdf,../../aligned_files/Z3685a/Z3685a_apo-desolv.pdb
Z3689a,COc1cc(-c2cc(NC(=O)c3cc(F)cc4[nH]ncc34)cc3c2CNC3)ccn1,../../aligned_files/Z3689a/Z3689a_ligand.sdf,../../aligned_files/Z3689a/Z3689a_apo-desolv.pdb
Z3691a,NCCc1csc2cc(C(=O)Nc3cc(C4CCOC4)ccn3)ccc12,../../aligned_files/Z3691a/Z3691a_ligand.sdf,../../aligned_files/Z3691a/Z3691a_apo-desolv.pdb
Z3696a,N#Cc1cc2c(cc1NC(=O)c1cc(F)cc3[nH]ncc13)CNC2,../../aligned_files/Z3696a/Z3696a_ligand.sdf,../../aligned_files/Z3696a/Z3696a_apo-desolv.pdb
Z3699a,COc1cc(-c2cc(NC(=O)c3cc(F)cc4[nH]ncc34)cc3c2CNC3)ccn1,../../aligned_files/Z3699a/Z3699a_ligand.sdf,../../aligned_files/Z3699a/Z3699a_apo-desolv.pdb
Z3706a,N#Cc1cc2c(cc1NC(=O)c1cc(F)cc3[nH]ncc13)CNC2,../../aligned_files/Z3706a/Z3706a_ligand.sdf,../../aligned_files/Z3706a/Z3706a_apo-desolv.pdb
Z3711a,NCc1cccc(-c2csc3cc(C(=O)Nc4ccc5c(c4)CNC5)ccc23)c1,../../aligned_files/Z3711a/Z3711a_ligand.sdf,../../aligned_files/Z3711a/Z3711a_apo-desolv.pdb
Z3720a,CC(C)c1nnc(-c2nc3c(C(=O)Nc4ccc5c(c4)CNC5)cc(F)cc3[nH]2)s1,../../aligned_files/Z3720a/Z3720a_ligand.sdf,../../aligned_files/Z3720a/Z3720a_apo-desolv.pdb
Z3729a,O=C(Nc1ccc2c(c1)CNC2)c1ccc2[nH]ccc2c1,../../aligned_files/Z3729a/Z3729a_ligand.sdf,../../aligned_files/Z3729a/Z3729a_apo-desolv.pdb
Z3733a,O=C(Nc1ccc2c(c1)CNC2)c1cccc2cn[nH]c12,../../aligned_files/Z3733a/Z3733a_ligand.sdf,../../aligned_files/Z3733a/Z3733a_apo-desolv.pdb
Z3743a,O=C(NCC(F)F)C(Nc1ccc2c(c1)CNC2)c1cc(Br)cc2nc[nH]c12,../../aligned_files/Z3743a/Z3743a_ligand.sdf,../../aligned_files/Z3743a/Z3743a_apo-desolv.pdb
Z3746a,NCc1cccc(NC(=O)c2cccc3c2CC(=O)N3)c1,../../aligned_files/Z3746a/Z3746a_ligand.sdf,../../aligned_files/Z3746a/Z3746a_apo-desolv.pdb
Z3754a,CNC(=O)c1cc(Br)cc(C(Nc2ccc3c(c2)CNC3)C(=O)NCC(F)F)c1,../../aligned_files/Z3754a/Z3754a_ligand.sdf,../../aligned_files/Z3754a/Z3754a_apo-desolv.pdb
Z3758a,NCCc1cccc(NC(=O)c2cccc3c2CC(=O)N3)c1,../../aligned_files/Z3758a/Z3758a_ligand.sdf,../../aligned_files/Z3758a/Z3758a_apo-desolv.pdb
Z3767a,O=C(NCC(F)F)C(Nc1ccc2c(c1)CNC2)c1cc(Br)ccc1C1CC1,../../aligned_files/Z3767a/Z3767a_ligand.sdf,../../aligned_files/Z3767a/Z3767a_apo-desolv.pdb
Z3769a,O=C(NCC(F)F)C(Nc1ccc2c(c1)CNC2)c1cc(Br)cc2ccccc12,../../aligned_files/Z3769a/Z3769a_ligand.sdf,../../aligned_files/Z3769a/Z3769a_apo-desolv.pdb
Z3774a,O=C(NCC(F)F)C(Nc1cnc2c(c1)CNC2)c1cc(Cl)cc(C2CC2)c1,../../aligned_files/Z3774a/Z3774a_ligand.sdf,../../aligned_files/Z3774a/Z3774a_apo-desolv.pdb
Z3790a,NCc1ccc(-c2csc3cc(C(=O)Nc4ccc5c(c4)CNC5)ccc23)cc1,../../aligned_files/Z3790a/Z3790a_ligand.sdf,../../aligned_files/Z3790a/Z3790a_apo-desolv.pdb
Z3792a,O=C(Nc1ccc2c(c1)CNC2)c1cccc2c3c([nH]c12)CCC3,../../aligned_files/Z3792a/Z3792a_ligand.sdf,../../aligned_files/Z3792a/Z3792a_apo-desolv.pdb
Z3799a,O=C1Cc2c(cccc2C(=O)NC2CCN(c3ccccn3)C2)N1,../../aligned_files/Z3799a/Z3799a_ligand.sdf,../../aligned_files/Z3799a/Z3799a_apo-desolv.pdb
Z3802a,CC1(OCCCO)C(=O)Nc2cc(F)cc(C(=O)Nc3ccc4c(c3)CNC4)c21,../../aligned_files/Z3802a/Z3802a_ligand.sdf,../../aligned_files/Z3802a/Z3802a_apo-desolv.pdb
Z3803a,COCCOC1(C)C(=O)Nc2cc(F)cc(C(=O)Nc3ccc4c(c3)CNC4)c21,../../aligned_files/Z3803a/Z3803a_ligand.sdf,../../aligned_files/Z3803a/Z3803a_apo-desolv.pdb
Z3808a,O=C(Nc1cnc2c(c1)CNC2)c1cc(F)cc2[nH]ncc12,../../aligned_files/Z3808a/Z3808a_ligand.sdf,../../aligned_files/Z3808a/Z3808a_apo-desolv.pdb
Z3808b,O=C(Nc1cnc2c(c1)CNC2)c1cc(F)cc2[nH]ncc12,../../aligned_files/Z3808b/Z3808b_ligand.sdf,../../aligned_files/Z3808b/Z3808b_apo-desolv.pdb
Z3813a,Cc1cc(CN)cc(NC(=O)c2cccc3c2CC(=O)N3)c1,../../aligned_files/Z3813a/Z3813a_ligand.sdf,../../aligned_files/Z3813a/Z3813a_apo-desolv.pdb
Z3815a,CSc1cc2c(cc1NC(=O)c1cc(F)cc3[nH]ncc13)CNC2,../../aligned_files/Z3815a/Z3815a_ligand.sdf,../../aligned_files/Z3815a/Z3815a_apo-desolv.pdb
Z3817a,Cc1[nH]c2c(C(=O)Nc3ccc4c(c3)CNC4)cccc2c1C,../../aligned_files/Z3817a/Z3817a_ligand.sdf,../../aligned_files/Z3817a/Z3817a_apo-desolv.pdb
Z3819a,CC(C)Oc1ccc(Cl)cc1C(Nc1ccc2c(c1)CNC2)C(=O)NCC(F)F,../../aligned_files/Z3819a/Z3819a_ligand.sdf,../../aligned_files/Z3819a/Z3819a_apo-desolv.pdb
Z3826a,COC1(C)C(=O)Nc2cc(F)cc(C(=O)Nc3ccc4c(c3)CNC4)c21,../../aligned_files/Z3826a/Z3826a_ligand.sdf,../../aligned_files/Z3826a/Z3826a_apo-desolv.pdb
Z3830a,O=C(O)CC1NCc2cc(NC(=O)c3cc(Cl)cc4[nH]ncc34)ccc21,../../aligned_files/Z3830a/Z3830a_ligand.sdf,../../aligned_files/Z3830a/Z3830a_apo-desolv.pdb
Z3831a,O=C1Cc2c(cccc2C(=O)Nc2ccc3c(n2)CNC3)N1,../../aligned_files/Z3831a/Z3831a_ligand.sdf,../../aligned_files/Z3831a/Z3831a_apo-desolv.pdb
Z3833a,CC(C)OC1(C)C(=O)Nc2cc(F)cc(C(=O)Nc3ccc4c(c3)CNC4)c21,../../aligned_files/Z3833a/Z3833a_ligand.sdf,../../aligned_files/Z3833a/Z3833a_apo-desolv.pdb
Z3834a,O=C(Nc1ccc2c(c1)CNC2)c1cccc2c3c([nH]c12)CCC3,../../aligned_files/Z3834a/Z3834a_ligand.sdf,../../aligned_files/Z3834a/Z3834a_apo-desolv.pdb
Z3837a,O=C1Cc2c(cccc2C(=O)Nc2ccc3c(c2)CNCC3)N1,../../aligned_files/Z3837a/Z3837a_ligand.sdf,../../aligned_files/Z3837a/Z3837a_apo-desolv.pdb
Z3842a,Cc1cc(C(Nc2ccc3c(c2)CNC3)C(=O)NCC(F)F)cc(C(F)(F)F)c1,../../aligned_files/Z3842a/Z3842a_ligand.sdf,../../aligned_files/Z3842a/Z3842a_apo-desolv.pdb
Z3850a,O=C(Nc1cnc2c(c1)CNC2)c1cc(F)cc2[nH]ncc12,../../aligned_files/Z3850a/Z3850a_ligand.sdf,../../aligned_files/Z3850a/Z3850a_apo-desolv.pdb
Z3856a,N#Cc1c[nH]c2c(C(=O)Nc3ccc4c(c3)CNC4)cccc12,../../aligned_files/Z3856a/Z3856a_ligand.sdf,../../aligned_files/Z3856a/Z3856a_apo-desolv.pdb
Z3858a,O=C1Cc2c(cccc2C(=O)Nc2ccc3c(c2)CNCCO3)N1,../../aligned_files/Z3858a/Z3858a_ligand.sdf,../../aligned_files/Z3858a/Z3858a_apo-desolv.pdb
Z3867a,O=C(NCC(F)F)C(Nc1ccc2c(c1)CNC2)c1cc(Br)ccc1OCc1ccccn1,../../aligned_files/Z3867a/Z3867a_ligand.sdf,../../aligned_files/Z3867a/Z3867a_apo-desolv.pdb
Z3880a,O=C(Nc1ccc2c(c1)CNC2)c1ccc2[nH]cnc2c1,../../aligned_files/Z3880a/Z3880a_ligand.sdf,../../aligned_files/Z3880a/Z3880a_apo-desolv.pdb
Z3898a,O=C(O)COc1ccc(Cl)cc1C(Nc1ccc2c(c1)CNC2)C(=O)NCC(F)F,../../aligned_files/Z3898a/Z3898a_ligand.sdf,../../aligned_files/Z3898a/Z3898a_apo-desolv.pdb
Z3936a,O=C1Cc2c(cccc2C(=O)Nc2ccc3c(c2)CNC3=O)N1,../../aligned_files/Z3936a/Z3936a_ligand.sdf,../../aligned_files/Z3936a/Z3936a_apo-desolv.pdb
Z3941a,O=C1Cc2c(cccc2C(=O)Oc2ccc3c(c2)CNC3)N1,../../aligned_files/Z3941a/Z3941a_ligand.sdf,../../aligned_files/Z3941a/Z3941a_apo-desolv.pdb
Z3956a,O=C1Cc2c(cccc2C(=O)Nc2cnc3c(c2)CNC3)N1,../../aligned_files/Z3956a/Z3956a_ligand.sdf,../../aligned_files/Z3956a/Z3956a_apo-desolv.pdb
Z3970a,O=C1Cc2cc(C(=O)Nc3cnc4c(c3)CNC4)ccc2N1,../../aligned_files/Z3970a/Z3970a_ligand.sdf,../../aligned_files/Z3970a/Z3970a_apo-desolv.pdb
Z3980a,NCc1c[nH]c2c(C(=O)Nc3ccc4c(c3)CNC4)cc(Cl)cc12,../../aligned_files/Z3980a/Z3980a_ligand.sdf,../../aligned_files/Z3980a/Z3980a_apo-desolv.pdb
Z4008a,O=C(Nc1ccc2c(c1)CNC2)c1ccc2scnc2c1,../../aligned_files/Z4008a/Z4008a_ligand.sdf,../../aligned_files/Z4008a/Z4008a_apo-desolv.pdb
Z4017a,N#Cc1csc2cc(C(=O)Nc3ccc4c(c3)CNC4)ccc12,../../aligned_files/Z4017a/Z4017a_ligand.sdf,../../aligned_files/Z4017a/Z4017a_apo-desolv.pdb
Z4019a,O=C(Nc1ccc2c(c1)CNC2)c1cccc2c(C3CNC3)n[nH]c12,../../aligned_files/Z4019a/Z4019a_ligand.sdf,../../aligned_files/Z4019a/Z4019a_apo-desolv.pdb
Z4020a,O=C(Nc1ccc2c(c1)CNC2)c1ccc2c(c1)C1(CC1)C(=O)N2,../../aligned_files/Z4020a/Z4020a_ligand.sdf,../../aligned_files/Z4020a/Z4020a_apo-desolv.pdb
Z4025a,O=C1Cc2c(cccc2C(=O)Nc2cnn(Cc3ccncc3)c2)N1,../../aligned_files/Z4025a/Z4025a_ligand.sdf,../../aligned_files/Z4025a/Z4025a_apo-desolv.pdb
Z4031a,O=C(Nc1ccc2c(c1)CNC2C1CC1)c1cc(F)cc2[nH]ncc12,../../aligned_files/Z4031a/Z4031a_ligand.sdf,../../aligned_files/Z4031a/Z4031a_apo-desolv.pdb
Z4039a,O=C1Cc2cc(C(=O)Oc3ccc4c(c3)CNC4)ccc2N1,../../aligned_files/Z4039a/Z4039a_ligand.sdf,../../aligned_files/Z4039a/Z4039a_apo-desolv.pdb
Z4047a,O=C(Nc1ccc(F)cc1)c1cccc2c(C3CNC3)n[nH]c12,../../aligned_files/Z4047a/Z4047a_ligand.sdf,../../aligned_files/Z4047a/Z4047a_apo-desolv.pdb
Z4066a,O=C(Nc1ccc2c(c1)CNC2)c1cccc2c(C3CCNCC3)n[nH]c12,../../aligned_files/Z4066a/Z4066a_ligand.sdf,../../aligned_files/Z4066a/Z4066a_apo-desolv.pdb
Z4070a,NC(=O)c1c[nH]c2c(C(=O)Nc3ccc4c(c3)CNC4)cc(Cl)cc12,../../aligned_files/Z4070a/Z4070a_ligand.sdf,../../aligned_files/Z4070a/Z4070a_apo-desolv.pdb
Z4072a,O=C(NCC(F)F)C(Nc1ccc2c(n1)CNC2)c1cc(Cl)cc(C2CC2)c1,../../aligned_files/Z4072a/Z4072a_ligand.sdf,../../aligned_files/Z4072a/Z4072a_apo-desolv.pdb
Z4089a,O=C(Nc1ccc2c(c1)CNC2)c1cc(F)cc2nn(C3CNC3)cc12,../../aligned_files/Z4089a/Z4089a_ligand.sdf,../../aligned_files/Z4089a/Z4089a_apo-desolv.pdb
Z4090a,O=C(Nc1ccc2c(c1)CNC2)c1cc(Br)cc2c1cnn2C1CNC1,../../aligned_files/Z4090a/Z4090a_ligand.sdf,../../aligned_files/Z4090a/Z4090a_apo-desolv.pdb
Z4094a,CN(c1ccc2c(c1)CNC2)C(C(=O)NCC(F)F)c1cc(Cl)cc(C2CC2)c1,../../aligned_files/Z4094a/Z4094a_ligand.sdf,../../aligned_files/Z4094a/Z4094a_apo-desolv.pdb
Z4103a,O=C(Nc1ccc2c(c1)CNC2)c1cc(Cl)cc2c1cnn2C1CNC1,../../aligned_files/Z4103a/Z4103a_ligand.sdf,../../aligned_files/Z4103a/Z4103a_apo-desolv.pdb
Z4104a,O=C(NCCCF)C(Nc1ccc2c(c1)CNC2)c1cc(Cl)cc(C2CC2)c1,../../aligned_files/Z4104a/Z4104a_ligand.sdf,../../aligned_files/Z4104a/Z4104a_apo-desolv.pdb
Z4114a,O=C(NCCCF)C(Nc1ccc2c(c1)CNC2)c1cc(Cl)cc(C2CC2)c1,../../aligned_files/Z4114a/Z4114a_ligand.sdf,../../aligned_files/Z4114a/Z4114a_apo-desolv.pdb
Z4117a,CN1CCC(c2c[nH]c3ccc(C(=O)Nc4ccc5c(c4)CNC5)cc23)CC1,../../aligned_files/Z4117a/Z4117a_ligand.sdf,../../aligned_files/Z4117a/Z4117a_apo-desolv.pdb
Z4118a,CN(c1ccc2c(c1)CNC2)C(C(=O)NCC(F)F)c1cc(Cl)cc(C2CC2)c1,../../aligned_files/Z4118a/Z4118a_ligand.sdf,../../aligned_files/Z4118a/Z4118a_apo-desolv.pdb
Z4120a,Cc1ccc(NC(=O)c2cc(Cl)cc3c(C(=N)N)c[nH]c23)cc1C,../../aligned_files/Z4120a/Z4120a_ligand.sdf,../../aligned_files/Z4120a/Z4120a_apo-desolv.pdb
Z4125a,O=C1CCc2cc(C(=O)Nc3ccc4c(c3)CNC4)ccc2N1,../../aligned_files/Z4125a/Z4125a_ligand.sdf,../../aligned_files/Z4125a/Z4125a_apo-desolv.pdb
Z4131a,O=C(Nc1ccc2c(c1)CNC2)c1cccc2c1cnn2C1CNC1,../../aligned_files/Z4131a/Z4131a_ligand.sdf,../../aligned_files/Z4131a/Z4131a_apo-desolv.pdb
Z4132a,O=C(O)CC(Nc1ccc2c(c1)CNC2)c1cc(Cl)cc2[nH]ncc12,../../aligned_files/Z4132a/Z4132a_ligand.sdf,../../aligned_files/Z4132a/Z4132a_apo-desolv.pdb
Z4134a,O=C(Nc1cccc(Br)c1)c1cccc2c(C3CNC3)n[nH]c12,../../aligned_files/Z4134a/Z4134a_ligand.sdf,../../aligned_files/Z4134a/Z4134a_apo-desolv.pdb
Z4138a,O=C(NCCCF)C(Nc1ccc2c(c1)CNC2)c1cc(Cl)cc(C2CC2)c1,../../aligned_files/Z4138a/Z4138a_ligand.sdf,../../aligned_files/Z4138a/Z4138a_apo-desolv.pdb
Z4139a,COCc1cc(Cl)cc(C(Nc2ccc3c(c2)CNC3)C(=O)NCC(F)F)c1,../../aligned_files/Z4139a/Z4139a_ligand.sdf,../../aligned_files/Z4139a/Z4139a_apo-desolv.pdb
Z4153a,O=C(Nc1ccc2c(c1)CNC2)c1cc(F)cc2c1cnn2C1CNC1,../../aligned_files/Z4153a/Z4153a_ligand.sdf,../../aligned_files/Z4153a/Z4153a_apo-desolv.pdb
Z4160a,CC(C)NC(=O)C(Nc1ccc2c(c1)CNC2)c1ccc2scnc2c1,../../aligned_files/Z4160a/Z4160a_ligand.sdf,../../aligned_files/Z4160a/Z4160a_apo-desolv.pdb
Z4161a,CCN1CCC(c2c[nH]c3ccc(C(=O)Nc4ccc5c(c4)CNC5)cc23)CC1,../../aligned_files/Z4161a/Z4161a_ligand.sdf,../../aligned_files/Z4161a/Z4161a_apo-desolv.pdb
Z4164a,O=C(Nc1cccc(F)c1)c1cccc2c(C3CNC3)n[nH]c12,../../aligned_files/Z4164a/Z4164a_ligand.sdf,../../aligned_files/Z4164a/Z4164a_apo-desolv.pdb
Z4168a,O=C(Nc1ccc2c(c1)CNC2)c1cc(Cl)c2[nH]cc(C3CCNCC3)c2c1,../../aligned_files/Z4168a/Z4168a_ligand.sdf,../../aligned_files/Z4168a/Z4168a_apo-desolv.pdb
Z4169a,O=C(Nc1ccc2c(c1)CNC2)c1cc(F)c2[nH]cc(C3CCNCC3)c2c1,../../aligned_files/Z4169a/Z4169a_ligand.sdf,../../aligned_files/Z4169a/Z4169a_apo-desolv.pdb
Z4178a,CN1CCC(c2n[nH]c3ccc(C(=O)Nc4ccc5c(c4)CNC5)cc23)CC1,../../aligned_files/Z4178a/Z4178a_ligand.sdf,../../aligned_files/Z4178a/Z4178a_apo-desolv.pdb
Z4179a,NC(=O)c1cc(Cl)cc2c1cnn2C1CNC1,../../aligned_files/Z4179a/Z4179a_ligand.sdf,../../aligned_files/Z4179a/Z4179a_apo-desolv.pdb
Z4194a,O=C(Nc1ccc2c(c1)CNC2)c1ccc2[nH]nc(C3CCNCC3)c2c1,../../aligned_files/Z4194a/Z4194a_ligand.sdf,../../aligned_files/Z4194a/Z4194a_apo-desolv.pdb
Z4198a,O=C(Nc1ccccc1)c1cc(Cl)cc2c1cnn2C1CNC1,../../aligned_files/Z4198a/Z4198a_ligand.sdf,../../aligned_files/Z4198a/Z4198a_apo-desolv.pdb
Z4200a,O=C(Nc1ccc2c(c1)CNC2)c1cccc2c(C3CN(C4CCOCC4)C3)n[nH]c12,../../aligned_files/Z4200a/Z4200a_ligand.sdf,../../aligned_files/Z4200a/Z4200a_apo-desolv.pdb
Z4204a,O=C(Nc1ccc2c(c1)CNC2)c1cc(Cl)c2[nH]cc(C3CCNCC3)c2c1,../../aligned_files/Z4204a/Z4204a_ligand.sdf,../../aligned_files/Z4204a/Z4204a_apo-desolv.pdb
Z4206a,O=C(Nc1ccc2c(c1)CNC2)c1cc(Br)cc2nn(C3CNC3)cc12,../../aligned_files/Z4206a/Z4206a_ligand.sdf,../../aligned_files/Z4206a/Z4206a_apo-desolv.pdb
Z4227a,O=C(Nc1ccc2c(c1)CNC2)c1ccc2c(c1)C(C1CCNCC1)C(=O)N2,../../aligned_files/Z4227a/Z4227a_ligand.sdf,../../aligned_files/Z4227a/Z4227a_apo-desolv.pdb
Z4240a,O=C(NCC(F)F)C(Nc1ccc2c(c1)CNC2)c1cc(Cl)cc2cccnc12,../../aligned_files/Z4240a/Z4240a_ligand.sdf,../../aligned_files/Z4240a/Z4240a_apo-desolv.pdb
Z4243a,CN1CCC(c2n[nH]c3c(C(=O)Nc4ccc5c(c4)CNC5)cccc23)CC1,../../aligned_files/Z4243a/Z4243a_ligand.sdf,../../aligned_files/Z4243a/Z4243a_apo-desolv.pdb
Z4245a,O=C(Nc1ccc2c(c1)CNC2)c1ccc2[nH]c(=O)[nH]c2c1,../../aligned_files/Z4245a/Z4245a_ligand.sdf,../../aligned_files/Z4245a/Z4245a_apo-desolv.pdb
Z4429a,CC(C)NC(=O)C(Nc1ccc2c(c1)CNC2)c1cc(Cl)cc(C(F)(F)F)n1,../../aligned_files/Z4429a/Z4429a_ligand.sdf,../../aligned_files/Z4429a/Z4429a_apo-desolv.pdb
Z4469a,O=C(Nc1ccc2c(c1)CNC2)c1cc(Cl)c2[nH]nc(CC3CCNCC3)c2c1,../../aligned_files/Z4469a/Z4469a_ligand.sdf,../../aligned_files/Z4469a/Z4469a_apo-desolv.pdb
Z4478a,CN1CC(c2c[nH]c3ccc(C(=O)Nc4ccc5c(c4)CNC5)cc23)C1,../../aligned_files/Z4478a/Z4478a_ligand.sdf,../../aligned_files/Z4478a/Z4478a_apo-desolv.pdb
Z4498a,O=C(Nc1ccc2c(c1)CNC2)c1cc(Cl)c2[nH]nc(CC3CNC3)c2c1,../../aligned_files/Z4498a/Z4498a_ligand.sdf,../../aligned_files/Z4498a/Z4498a_apo-desolv.pdb
Z4756a,CN1Cc2ccc(NC(=O)c3ccc4c(c3)CC(=O)N4)cc2C1,../../aligned_files/Z4756a/Z4756a_ligand.sdf,../../aligned_files/Z4756a/Z4756a_apo-desolv.pdb
Z4811a,O=C(Nc1ccc(N2CCCC2=O)c(F)c1)c1cc(Cl)cc2c1cnn2C1CNC1,../../aligned_files/Z4811a/Z4811a_ligand.sdf,../../aligned_files/Z4811a/Z4811a_apo-desolv.pdb
Z4816a,CN1CCC(c2cccc(NC(=O)c3cc(Cl)cc4c3cnn4C3CNC3)c2)CC1,../../aligned_files/Z4816a/Z4816a_ligand.sdf,../../aligned_files/Z4816a/Z4816a_apo-desolv.pdb
Z4827a,O=C(Nc1ccc(F)cc1N1CCCC1=O)c1cc(Cl)cc2c1cnn2C1CNC1,../../aligned_files/Z4827a/Z4827a_ligand.sdf,../../aligned_files/Z4827a/Z4827a_apo-desolv.pdb
Z4838a,CC1(C)Cc2cc(NC(=O)c3cc(Cl)cc4c3cnn4C3CNC3)ccc2O1,../../aligned_files/Z4838a/Z4838a_ligand.sdf,../../aligned_files/Z4838a/Z4838a_apo-desolv.pdb
Z4849a,CC1(C)Cc2cccc(NC(=O)c3cc(Cl)cc4c3cnn4C3CNC3)c2O1,../../aligned_files/Z4849a/Z4849a_ligand.sdf,../../aligned_files/Z4849a/Z4849a_apo-desolv.pdb
Z4855a,O=C(Nc1ccc2c(c1)CCCC2)c1cc(Cl)cc2c1cnn2C1CNC1,../../aligned_files/Z4855a/Z4855a_ligand.sdf,../../aligned_files/Z4855a/Z4855a_apo-desolv.pdb
Z4857a,CN1Cc2ccc(NC(=O)c3cc(Cl)cc4c3cnn4C3CNC3)cc2C1,../../aligned_files/Z4857a/Z4857a_ligand.sdf,../../aligned_files/Z4857a/Z4857a_apo-desolv.pdb
Z4858a,O=C(Nc1cc(F)cc(N2CCCC2)c1)c1cc(Cl)cc2c1cnn2C1CNC1,../../aligned_files/Z4858a/Z4858a_ligand.sdf,../../aligned_files/Z4858a/Z4858a_apo-desolv.pdb
Z4859a,O=C(Nc1ccc(C2CC2)c(F)c1)c1cc(Cl)cc2c1cnn2C1CNC1,../../aligned_files/Z4859a/Z4859a_ligand.sdf,../../aligned_files/Z4859a/Z4859a_apo-desolv.pdb
Z4861a,O=C(Nc1ccc(C2CCOC2)cc1F)c1cc(Cl)cc2c1cnn2C1CNC1,../../aligned_files/Z4861a/Z4861a_ligand.sdf,../../aligned_files/Z4861a/Z4861a_apo-desolv.pdb
Z4872a,O=C(Nc1ccc(N2CCCCC2)c(F)c1)c1cc(Cl)cc2c1cnn2C1CNC1,../../aligned_files/Z4872a/Z4872a_ligand.sdf,../../aligned_files/Z4872a/Z4872a_apo-desolv.pdb
Z4886a,N#Cc1cccc(NC(=O)c2cc(Cl)cc3c2cnn3C2CNC2)c1,../../aligned_files/Z4886a/Z4886a_ligand.sdf,../../aligned_files/Z4886a/Z4886a_apo-desolv.pdb
Z4887a,O=C(Nc1ccc(F)cc1)c1cc(Cl)cc2c1cnn2C1CNC1,../../aligned_files/Z4887a/Z4887a_ligand.sdf,../../aligned_files/Z4887a/Z4887a_apo-desolv.pdb
Z4905a,O=C(Nc1ccc(OC2CC2(F)F)cc1)c1cc(Cl)cc2c1cnn2C1CNC1,../../aligned_files/Z4905a/Z4905a_ligand.sdf,../../aligned_files/Z4905a/Z4905a_apo-desolv.pdb
Z4590a,O=C(Nc1ccc2c(c1)CN(CC(F)F)C2)c1cc(Cl)cc2c1cnn2C1CNC1,../../aligned_files/Z4590a/Z4590a_ligand.sdf,../../aligned_files/Z4590a/Z4590a_apo-desolv.pdb
Z4926a,O=C(Nc1ccc2c(c1)CNC2)c1cc(Cl)c2[nH]nc(CC3CCNCC3)c2c1,../../aligned_files/Z4926a/Z4926a_ligand.sdf,../../aligned_files/Z4926a/Z4926a_apo-desolv.pdb
Z4931a,CN1CC(c2c[nH]c3ccc(C(=O)Nc4ccc5c(c4)CNC5)cc23)C1,../../aligned_files/Z4931a/Z4931a_ligand.sdf,../../aligned_files/Z4931a/Z4931a_apo-desolv.pdb
Z4942a,O=Cc1cc(C(=O)Nc2ccc3c(c2)CNC3)c2nc(-c3ccccc3)[nH]c2c1,../../aligned_files/Z4942a/Z4942a_ligand.sdf,../../aligned_files/Z4942a/Z4942a_apo-desolv.pdb
Z4944a,O=C(Nc1ccc2c(c1)CNC2)c1cc(Cl)c2[nH]nc(C3CCNCC3)c2c1,../../aligned_files/Z4944a/Z4944a_ligand.sdf,../../aligned_files/Z4944a/Z4944a_apo-desolv.pdb
Z4951a,O=C(Nc1ccc2c(c1)CNC2)c1ccc2[nH]c(NC3CCC3)nc2c1,../../aligned_files/Z4951a/Z4951a_ligand.sdf,../../aligned_files/Z4951a/Z4951a_apo-desolv.pdb
Z4954a,O=C(Nc1ccc2c(c1)CNC2)c1cc(Cl)c2[nH]nc(CC3CNC3)c2c1,../../aligned_files/Z4954a/Z4954a_ligand.sdf,../../aligned_files/Z4954a/Z4954a_apo-desolv.pdb
Z4959a,O=C(Nc1ccc2c(c1)CNC2)c1cc(F)cc(-c2cn[nH]c2)c1,../../aligned_files/Z4959a/Z4959a_ligand.sdf,../../aligned_files/Z4959a/Z4959a_apo-desolv.pdb
Z4959b,O=C(Nc1ccc2c(c1)CNC2)c1cc(F)cc(-c2cn[nH]c2)c1,../../aligned_files/Z4959b/Z4959b_ligand.sdf,../../aligned_files/Z4959b/Z4959b_apo-desolv.pdb
Z4963a,O=C(Nc1ccc2c(c1)CNC2)c1cc(Cl)cc2[nH]cnc12,../../aligned_files/Z4963a/Z4963a_ligand.sdf,../../aligned_files/Z4963a/Z4963a_apo-desolv.pdb
Z4966a,NC(=O)CCc1ccc(-c2nc3c(C(=O)Nc4ccc5c(c4)CNC5)cc(F)cc3[nH]2)cc1,../../aligned_files/Z4966a/Z4966a_ligand.sdf,../../aligned_files/Z4966a/Z4966a_apo-desolv.pdb
Z4971a,Cc1c[nH]c2c(Cl)cc(C(=O)Nc3ccc4c(c3)CNC4)cc12,../../aligned_files/Z4971a/Z4971a_ligand.sdf,../../aligned_files/Z4971a/Z4971a_apo-desolv.pdb
Z4978a,COc1ccc(-c2nc3c(C(=O)Nc4ccc5c(c4)CNC5)cc(F)cc3n2C2CNC2)nn1,../../aligned_files/Z4978a/Z4978a_ligand.sdf,../../aligned_files/Z4978a/Z4978a_apo-desolv.pdb
Z4983a,O=C(Nc1ccccn1)c1cc(F)cc2c1cnn2C1CNC1,../../aligned_files/Z4983a/Z4983a_ligand.sdf,../../aligned_files/Z4983a/Z4983a_apo-desolv.pdb
Z4986a,NCc1c[nH]c2c(Cl)cc(C(=O)Nc3ccc4c(c3)CNC4)cc12,../../aligned_files/Z4986a/Z4986a_ligand.sdf,../../aligned_files/Z4986a/Z4986a_apo-desolv.pdb
Z4991a,CCNc1nc2cc(C(=O)Nc3ccc4c(c3)CNC4)ccc2[nH]1,../../aligned_files/Z4991a/Z4991a_ligand.sdf,../../aligned_files/Z4991a/Z4991a_apo-desolv.pdb
Z4996a,CC(C)Nc1nc2cc(C(=O)Nc3ccc4c(c3)CNC4)ccc2[nH]1,../../aligned_files/Z4996a/Z4996a_ligand.sdf,../../aligned_files/Z4996a/Z4996a_apo-desolv.pdb
Z5002a,O=C(Nc1ccc2c(c1)CNC2)c1cc(F)c2[nH]cc(C3CNC3)c2c1,../../aligned_files/Z5002a/Z5002a_ligand.sdf,../../aligned_files/Z5002a/Z5002a_apo-desolv.pdb
Z5003a,O=C(Nc1ccc2c(c1)CNC2)c1cc(Cl)c2[nH]cc(C3CNC3)c2c1,../../aligned_files/Z5003a/Z5003a_ligand.sdf,../../aligned_files/Z5003a/Z5003a_apo-desolv.pdb
Z5010a,Cc1ccc(NC(=O)c2cc(Cl)cc3c2cnn3C2CNC2)nc1C,../../aligned_files/Z5010a/Z5010a_ligand.sdf,../../aligned_files/Z5010a/Z5010a_apo-desolv.pdb
Z5011a,NCc1c[nH]c2c(F)cc(C(=O)Nc3ccc4c(c3)CNC4)cc12,../../aligned_files/Z5011a/Z5011a_ligand.sdf,../../aligned_files/Z5011a/Z5011a_apo-desolv.pdb
Z5017a,O=C(Nc1ncccn1)c1cc(F)cc2c1cnn2C1CNC1,../../aligned_files/Z5017a/Z5017a_ligand.sdf,../../aligned_files/Z5017a/Z5017a_apo-desolv.pdb
Z5020a,O=C(Nc1ccc(C2CNC2)cc1)c1cc(Cl)cc2c1cnn2C1CNC1,../../aligned_files/Z5020a/Z5020a_ligand.sdf,../../aligned_files/Z5020a/Z5020a_apo-desolv.pdb
Z5027a,O=C(Nc1ccccn1)c1cc(Cl)cc2c1cnn2C1CNC1,../../aligned_files/Z5027a/Z5027a_ligand.sdf,../../aligned_files/Z5027a/Z5027a_apo-desolv.pdb
Z5029a,O=C(Nc1ccncn1)c1cc(F)cc2c1cnn2C1CNC1,../../aligned_files/Z5029a/Z5029a_ligand.sdf,../../aligned_files/Z5029a/Z5029a_apo-desolv.pdb
Z5042a,O=C(Nc1ccc2c(c1)CNC2)c1cc(Cl)c2cnn(C3CCNCC3)c2c1,../../aligned_files/Z5042a/Z5042a_ligand.sdf,../../aligned_files/Z5042a/Z5042a_apo-desolv.pdb
Z5061a,Cc1cnc(NC(=O)c2cc(Cl)cc3c2cnn3C2CNC2)cc1C,../../aligned_files/Z5061a/Z5061a_ligand.sdf,../../aligned_files/Z5061a/Z5061a_apo-desolv.pdb
Z5067a,O=C(Nc1ccc2c(c1)CNC2)c1ccc2[nH]c(C3CNC3)cc2c1,../../aligned_files/Z5067a/Z5067a_ligand.sdf,../../aligned_files/Z5067a/Z5067a_apo-desolv.pdb
Z5082a,Cc1cc(C(Nc2ccc3c(c2)CNC3)C(=O)NCC(F)F)cc(C(F)(F)F)c1,../../aligned_files/Z5082a/Z5082a_ligand.sdf,../../aligned_files/Z5082a/Z5082a_apo-desolv.pdb
Z5084a,CC(C)NC(=O)C(Nc1ccc2c(c1)CNC2)c1cc(Cl)cc2[nH]c(-c3ccccc3)nc12,../../aligned_files/Z5084a/Z5084a_ligand.sdf,../../aligned_files/Z5084a/Z5084a_apo-desolv.pdb
Z5085a,CC(C)NC(=O)C(Nc1ccc2c(c1)CNC2)c1cc(Cl)cc2[nH]c(-c3ccccc3)nc12,../../aligned_files/Z5085a/Z5085a_ligand.sdf,../../aligned_files/Z5085a/Z5085a_apo-desolv.pdb
Z5086a,O=C(Nc1ccc2c(c1)CNC2)c1cc(Cl)cc2[nH]ncc12,../../aligned_files/Z5086a/Z5086a_ligand.sdf,../../aligned_files/Z5086a/Z5086a_apo-desolv.pdb
Z5122a,O=C(Nc1ccc2c(c1)CNC2)c1cc(Cl)c2[nH]cc(C3CCNC3)c2c1,../../aligned_files/Z5122a/Z5122a_ligand.sdf,../../aligned_files/Z5122a/Z5122a_apo-desolv.pdb
Z5124a,O=C(Nc1ccc2c(c1)CNC2)c1cc(Cl)cc2c1cnn2C1CCCNC1,../../aligned_files/Z5124a/Z5124a_ligand.sdf,../../aligned_files/Z5124a/Z5124a_apo-desolv.pdb
Z5136a,O=C(Nc1ccc2c(c1)CNC2)c1cc(F)cc(-c2cocn2)c1,../../aligned_files/Z5136a/Z5136a_ligand.sdf,../../aligned_files/Z5136a/Z5136a_apo-desolv.pdb
Z5139a,O=C(Nc1ccc2c(c1)CNC2)c1cc(F)cc(-c2cc[nH]n2)c1,../../aligned_files/Z5139a/Z5139a_ligand.sdf,../../aligned_files/Z5139a/Z5139a_apo-desolv.pdb
Z5148a,NCc1csc(CCC(=O)Nc2ccc3c(c2)CNC3)c1,../../aligned_files/Z5148a/Z5148a_ligand.sdf,../../aligned_files/Z5148a/Z5148a_apo-desolv.pdb
Z5171a,O=C(Nc1ccc2c(c1)CNC2)c1cc(F)cc(-c2cc[nH]n2)c1,../../aligned_files/Z5171a/Z5171a_ligand.sdf,../../aligned_files/Z5171a/Z5171a_apo-desolv.pdb
Z5197a,O=C(Nc1cc[nH]n1)c1cc(Cl)cc2c1cnn2C1CNC1,../../aligned_files/Z5197a/Z5197a_ligand.sdf,../../aligned_files/Z5197a/Z5197a_apo-desolv.pdb
Z5200a,O=C(Nc1ccc2c(c1)CNC2)c1cc(F)cc(-c2cncs2)c1,../../aligned_files/Z5200a/Z5200a_ligand.sdf,../../aligned_files/Z5200a/Z5200a_apo-desolv.pdb
Z5211a,O=C(Nc1ccc2c(c1)CNC2)c1cc(F)cc2c1ncn2C1CNC1,../../aligned_files/Z5211a/Z5211a_ligand.sdf,../../aligned_files/Z5211a/Z5211a_apo-desolv.pdb
Z5227a,Nc1nc2cc(C(=O)Nc3ccc4c(c3)CNC4)cc(Br)c2s1,../../aligned_files/Z5227a/Z5227a_ligand.sdf,../../aligned_files/Z5227a/Z5227a_apo-desolv.pdb
Z5229a,O=C(Nc1ccc2c(c1)CNC2)c1cc(F)cc(-c2c[nH]c3ccccc23)c1,../../aligned_files/Z5229a/Z5229a_ligand.sdf,../../aligned_files/Z5229a/Z5229a_apo-desolv.pdb
Z5230a,O=C(Nc1ccc2c(c1)CNC2)c1cc(F)c2[nH]cc(C3CCOCC3)c2c1,../../aligned_files/Z5230a/Z5230a_ligand.sdf,../../aligned_files/Z5230a/Z5230a_apo-desolv.pdb
Z5236a,Cc1ccncc1-c1cc2cc(C(=O)Nc3ccc4c(c3)CNC4)cc(Cl)c2[nH]1,../../aligned_files/Z5236a/Z5236a_ligand.sdf,../../aligned_files/Z5236a/Z5236a_apo-desolv.pdb
Z5243a,O=C(Nc1ccc2c(c1)CNC2)c1cc(Cl)c2[nH]nc(N3CCOCC3)c2c1,../../aligned_files/Z5243a/Z5243a_ligand.sdf,../../aligned_files/Z5243a/Z5243a_apo-desolv.pdb
Z5246a,O=C(Nc1ccc2c(c1)CNC2)c1cc(Cl)c2[nH]c(NC3CNC3)nc2c1,../../aligned_files/Z5246a/Z5246a_ligand.sdf,../../aligned_files/Z5246a/Z5246a_apo-desolv.pdb
Z5302a,O=C(Nc1ccc2c(c1)CNC2)c1cc(Cl)cc2c1cnn2C1CCNC1,../../aligned_files/Z5302a/Z5302a_ligand.sdf,../../aligned_files/Z5302a/Z5302a_apo-desolv.pdb
Z5339a,O=C(Nc1ccc(C2CNC2)cc1)c1cc(Cl)cc2c1cnn2C1CCOCC1,../../aligned_files/Z5339a/Z5339a_ligand.sdf,../../aligned_files/Z5339a/Z5339a_apo-desolv.pdb
Z5348a,CNCc1cccc(NC(=O)c2cc(Cl)cc3c2cnn3C2CNC2)c1,../../aligned_files/Z5348a/Z5348a_ligand.sdf,../../aligned_files/Z5348a/Z5348a_apo-desolv.pdb
